vehicle_type,type_code,capacity_kg,weight_kg,distance_km,mileage_kmpl,cost_per_km,health_score,available,utility
heavy-truck,0,10000.0,3316.012209963657,606.2125478177028,5.21,19.6,51.3,1.0,0.674822705557824
tempo,2,1200.0,671.0394591844829,100.86640201196289,14.91,3.5,67.8,1.0,0.8946319332399734
heavy-truck,0,10000.0,7388.314347589116,71.6591076983979,5.06,35.14,79.4,1.0,0.5455172734703093
mini-truck,1,5000.0,3561.18595350571,222.12729003694108,8.29,21.15,45.7,1.0,0.6622256893198377
heavy-truck,0,10000.0,2940.5206465468186,209.35094373895112,5.66,33.77,92.3,1.0,0.6894276456970891
delivery-van,3,800.0,461.2069808274389,681.8952090064361,12.88,2.29,82.5,0.0,0.8406891136772374
heavy-truck,0,10000.0,5087.718512697116,272.0285574486418,5.42,26.73,51.1,1.0,0.6420591838097016
tempo,2,1200.0,441.7702611658856,281.89384036492925,13.2,4.55,54.1,1.0,0.8977213507315369
mini-truck,1,5000.0,1340.128532320806,132.07898592359493,7.68,15.25,89.2,1.0,0.7223124954831583
delivery-van,3,800.0,348.12897941933267,560.975193083589,11.88,1.75,98.2,1.0,0.7600426522826575
heavy-truck,0,10000.0,7550.889868786593,346.0800541828639,4.69,28.16,84.3,1.0,0.5964693623177466
tempo,2,1200.0,251.18311938519145,487.2185018785481,14.7,2.45,99.7,0.0,0.778104688363799
heavy-truck,0,10000.0,9119.44534116706,658.7457199630633,5.37,18.7,60.5,0.0,0.5360401001959466
delivery-van,3,800.0,535.4254176003567,252.57732165326345,12.71,2.79,46.8,0.0,0.7061926364593101
delivery-van,3,800.0,328.72688855285685,419.7563291064907,11.1,2.7,97.4,1.0,0.9343218691808717
mini-truck,1,5000.0,4462.110568438388,381.27727416328327,6.7,17.37,57.0,1.0,0.6103755212899952
heavy-truck,0,10000.0,8950.788762878354,586.3532433554753,4.93,16.42,98.6,1.0,0.7358329831736308
delivery-van,3,800.0,256.55614513953674,369.06682604552714,13.35,1.47,62.0,0.0,0.8179154745759182
tempo,2,1200.0,994.8241522173894,625.9802552096859,12.58,3.54,83.2,0.0,0.7749635187595302
tempo,2,1200.0,199.63716192265954,533.4177376631014,14.94,5.15,52.9,0.0,0.7407743670823177
mini-truck,1,5000.0,2061.387583109324,283.08484734426906,8.45,9.37,64.4,1.0,0.7719801891699483
tempo,2,1200.0,632.2327738126595,529.5059425312835,11.98,3.7,48.5,1.0,0.7691554870751683
delivery-van,3,800.0,237.18495781060386,278.3742001693372,10.85,2.72,81.8,1.0,0.9038397104588798
delivery-van,3,800.0,384.37269140081963,562.7566550446559,12.19,3.46,60.0,1.0,0.8619029883444367
delivery-van,3,800.0,650.2837700304718,617.6912063522532,13.73,2.38,53.5,1.0,0.8355698315873679
heavy-truck,0,10000.0,7636.853023797521,239.5170858066175,4.67,31.5,69.2,1.0,0.5300822031945819
mini-truck,1,5000.0,2271.668012553566,309.14234062784556,7.95,11.81,63.2,1.0,0.8075190586937919
mini-truck,1,5000.0,3669.6170033995613,194.5896473426562,8.48,20.88,50.4,1.0,0.7558578660509129
mini-truck,1,5000.0,1676.510217652041,205.05062826775406,6.51,16.32,54.4,1.0,0.779699166174703
tempo,2,1200.0,1253.540614136688,329.3947186927569,14.21,4.95,54.8,1.0,0.7845761312792594
mini-truck,1,5000.0,4062.817595103088,301.7257790867311,7.52,18.39,90.7,1.0,0.8079552364578673
heavy-truck,0,10000.0,4094.4067295724662,221.52129277304687,5.31,27.08,83.2,0.0,0.46441734118653466
heavy-truck,0,10000.0,1948.0762511122466,578.7816098745385,5.53,18.43,76.7,1.0,0.6690291660029178
delivery-van,3,800.0,548.0592639990127,177.50129878714787,13.01,3.3,77.0,1.0,0.9437120592431243
heavy-truck,0,10000.0,3191.1138220070297,355.81152752445945,5.05,18.06,71.8,1.0,0.8058392633038538
mini-truck,1,5000.0,4131.588654164829,437.1077501208989,8.32,17.69,94.2,1.0,0.7571583183322821
heavy-truck,0,10000.0,2070.165794390009,154.50408016515416,5.7,36.86,98.3,1.0,0.5749128125134901
tempo,2,1200.0,435.3057927126324,239.56391161974423,14.39,4.29,54.5,1.0,0.9402647759056946
heavy-truck,0,10000.0,6492.853995982194,576.813910924037,4.95,34.73,75.8,1.0,0.6313956707634956
heavy-truck,0,10000.0,4245.483032385114,517.871630440007,4.83,43.38,48.2,1.0,0.4489108969835646
mini-truck,1,5000.0,3310.434232158814,408.7737606527597,7.31,19.79,83.2,1.0,0.7555862662595242
tempo,2,1200.0,760.2858807318042,364.4573603740068,15.39,2.75,94.0,1.0,0.923400159606853
tempo,2,1200.0,1239.25430680325,294.82673967279106,15.93,4.45,50.9,1.0,0.8260327927783864
mini-truck,1,5000.0,3450.97308066668,224.24507704931807,7.79,21.37,90.4,1.0,0.7285394861227393
tempo,2,1200.0,371.792191588447,509.94952544866135,14.17,5.08,82.6,0.0,0.8128040755373842
heavy-truck,0,10000.0,5957.99876002919,391.2115360372295,5.06,40.98,87.4,1.0,0.5029667443462718
delivery-van,3,800.0,505.1043601388317,139.37853693244102,11.07,1.87,77.4,1.0,0.9110393641208707
tempo,2,1200.0,1080.0005281745528,460.7478538662232,12.06,3.83,83.6,1.0,0.8759232242202197
delivery-van,3,800.0,688.919083337142,374.11236518396197,11.91,3.12,80.7,1.0,0.9111637096461892
delivery-van,3,800.0,567.2979519343052,664.8956844046653,13.31,3.18,81.7,1.0,0.9479019952900949
tempo,2,1200.0,695.879295871042,289.52603300044706,12.86,1.95,93.9,1.0,0.9132606454540433
delivery-van,3,800.0,787.1934229687009,493.3403621763538,12.01,2.13,47.2,1.0,0.9694301231888287
heavy-truck,0,10000.0,5816.55291105527,580.9287358081338,5.17,26.98,79.3,1.0,0.5727135079616563
delivery-van,3,800.0,371.02586101319207,255.2560693015687,10.98,1.96,68.8,1.0,0.8984766023891879
delivery-van,3,800.0,178.7907391536364,495.6874825609969,11.03,1.47,92.4,1.0,0.956224230040751
mini-truck,1,5000.0,4126.535540379746,344.98169296104504,7.1,8.43,56.3,1.0,0.7583005442710725
mini-truck,1,5000.0,1856.4189378375468,184.12976720347132,8.12,16.31,70.0,1.0,0.7905011111268714
mini-truck,1,5000.0,2525.653519395484,297.30977426647775,6.95,9.76,76.0,1.0,0.7248307313548357
tempo,2,1200.0,748.7004850184734,550.5878317717347,13.29,2.53,84.2,1.0,0.9883435680247987
mini-truck,1,5000.0,2808.307795733021,170.8706403061342,7.84,14.6,79.4,1.0,0.7782793734451683
mini-truck,1,5000.0,1115.8935702461406,97.54199550564628,7.56,19.69,65.4,1.0,0.5886290386842183
tempo,2,1200.0,1045.8981551400045,580.0516426284777,12.86,3.52,60.2,1.0,0.8788644970688564
tempo,2,1200.0,735.1314067553603,652.7538864542012,12.81,4.86,94.9,1.0,0.9492532787479386
heavy-truck,0,10000.0,3132.6642366173273,138.70209552991975,4.3,30.11,47.8,1.0,0.6065031190270996
mini-truck,1,5000.0,2527.640533417119,610.1491544774864,6.86,13.66,94.8,1.0,0.7615662364184309
mini-truck,1,5000.0,3671.839215990686,196.2768221911477,7.15,20.05,78.0,1.0,0.7216233029938549
tempo,2,1200.0,921.2302891053866,406.18042011979696,12.59,5.02,87.0,1.0,0.9517014872693605
delivery-van,3,800.0,418.52485553557915,645.3665267019601,12.1,2.66,65.8,1.0,0.958178384588991
heavy-truck,0,10000.0,6109.887093058506,248.65424045320088,5.58,20.01,69.1,1.0,0.6871079011291423
mini-truck,1,5000.0,1270.2419632987317,130.15132564381736,7.08,14.24,48.3,1.0,0.7009294652323868
tempo,2,1200.0,599.0854553368366,592.0078097489671,15.18,2.63,46.3,1.0,0.8673799894352806
tempo,2,1200.0,551.4530816258027,142.66911321302132,14.63,3.75,73.5,0.0,0.8531000941814851
mini-truck,1,5000.0,1151.782817635543,628.4616224530998,6.64,18.85,52.8,1.0,0.7352683247923213
delivery-van,3,800.0,758.037435291479,609.3791116095096,12.75,2.88,72.2,0.0,0.7104503055247551
mini-truck,1,5000.0,2176.868663365137,538.1571868086819,6.89,19.36,58.8,1.0,0.7167886384258138
tempo,2,1200.0,523.6262016464681,304.38152439139964,13.05,3.01,50.8,1.0,0.9116030706009831
heavy-truck,0,10000.0,10133.320155960879,668.0457734472712,5.14,35.9,77.1,0.0,0.2386797215935091
mini-truck,1,5000.0,1126.3823600345404,243.38026076288244,7.35,17.21,65.9,1.0,0.7714884869782674
delivery-van,3,800.0,361.4121561514041,66.69761023346098,11.3,3.14,87.1,1.0,0.9524128660012677
heavy-truck,0,10000.0,9040.700176880087,309.1936987406366,5.21,24.67,70.6,1.0,0.5957662412214662
mini-truck,1,5000.0,2929.8449319743795,620.105902865323,8.05,9.39,83.9,1.0,0.855834632325134
delivery-van,3,800.0,418.6249812937105,322.21062318007733,13.59,1.73,61.6,1.0,0.9710148879170604
heavy-truck,0,10000.0,7468.202344841748,224.23930247954922,5.51,41.55,69.8,1.0,0.4176356615299287
tempo,2,1200.0,651.5706643004997,117.83426782255859,14.06,4.61,61.0,1.0,0.8882609055888425
heavy-truck,0,10000.0,3755.6811740670896,173.63385917439325,4.71,30.57,63.9,1.0,0.5880448086528947
mini-truck,1,5000.0,4875.823785234077,406.0069524587267,7.34,11.44,86.6,1.0,0.7446174901994487
delivery-van,3,800.0,316.6771114621065,641.060348551786,12.1,1.53,64.4,1.0,0.8345623522805363
tempo,2,1200.0,1233.5223831000726,634.380356449281,14.14,4.14,94.1,0.0,0.6625508612175464
delivery-van,3,800.0,256.93438140967294,551.0930876195333,12.29,2.02,83.2,0.0,0.707668732612558
heavy-truck,0,10000.0,4881.523950724427,600.8612803986396,4.4,18.27,62.6,1.0,0.6136990806248672
mini-truck,1,5000.0,4208.841841848379,224.98046185381924,7.04,17.59,57.3,1.0,0.626382767185545
heavy-truck,0,10000.0,3032.7244770633565,656.8566548626521,4.69,25.54,72.2,1.0,0.5923897827142417
tempo,2,1200.0,569.6927343794727,106.75683333625607,12.06,2.67,63.8,1.0,0.9338601378457803
delivery-van,3,800.0,342.54454529727985,175.99681745295948,12.66,2.52,99.8,1.0,0.9914318652979154
tempo,2,1200.0,652.4322761927818,413.6323649550134,13.12,4.17,50.6,1.0,0.9166307393778919
heavy-truck,0,10000.0,5819.822886114668,173.5968582784961,5.1,16.37,92.0,1.0,0.6548568530360201
heavy-truck,0,10000.0,9896.50450417112,675.1630893729526,5.74,31.9,46.3,0.0,0.4320348002016074
tempo,2,1200.0,641.4394005397728,573.5267719157251,16.01,2.09,93.4,1.0,1.0
heavy-truck,0,10000.0,8181.794694753144,115.16073581257842,4.99,28.59,95.8,1.0,0.6558382519171033
tempo,2,1200.0,258.35072098495954,110.831014144388,12.85,3.75,63.9,0.0,0.7821970596637828
mini-truck,1,5000.0,2300.5194187777183,606.5383595602436,8.15,9.72,69.8,0.0,0.7100034169859031
mini-truck,1,5000.0,1338.6455490597605,248.0043504604078,7.83,16.98,78.4,0.0,0.6030266457473131
tempo,2,1200.0,1173.1737100863934,544.1945753343889,14.84,2.78,49.8,1.0,0.9709849606975368
tempo,2,1200.0,470.59118853229484,208.11069000292207,13.55,3.73,98.0,0.0,0.8350049203707683
mini-truck,1,5000.0,1635.778377402401,296.3916746375571,6.68,15.46,45.5,1.0,0.6675068747406152
tempo,2,1200.0,907.3308119984702,672.4086168255731,12.06,2.91,93.3,1.0,0.8710508296307776
mini-truck,1,5000.0,2779.254499106788,583.543953223326,8.1,12.74,57.9,1.0,0.7754446135776659
heavy-truck,0,10000.0,3354.9068158408413,206.77686594678931,4.81,36.96,64.3,0.0,0.29545134024103675
heavy-truck,0,10000.0,4387.821338019045,555.9367168376162,4.74,31.51,84.5,1.0,0.5886363066960896
tempo,2,1200.0,874.947460157067,164.43384259568836,13.6,5.1,76.6,1.0,0.8568741176764907
heavy-truck,0,10000.0,3830.041364055152,456.7656946669631,4.76,38.62,53.9,1.0,0.4476297348175698
heavy-truck,0,10000.0,2352.4269157863832,544.2363766994459,5.69,37.44,80.3,0.0,0.41075256778311464
mini-truck,1,5000.0,4531.740529649362,284.0699361281542,6.51,8.43,53.2,1.0,0.711953523871314
tempo,2,1200.0,1108.401150622514,560.3378978692697,12.27,4.28,85.8,1.0,0.8923097003550552
heavy-truck,0,10000.0,7380.819495367975,188.02667325813317,5.16,19.07,83.4,1.0,0.6739394089920006
tempo,2,1200.0,1193.7234993561085,63.211944714258834,13.97,4.06,51.9,1.0,0.9572626933733464
tempo,2,1200.0,246.00494660645714,85.16402842787002,14.54,3.6,67.2,1.0,0.914416058602518
mini-truck,1,5000.0,3484.771581305592,509.708812861314,7.43,11.59,45.9,1.0,0.7325111346795915
heavy-truck,0,10000.0,10399.31692039016,337.1812598198379,5.03,35.04,49.7,1.0,0.39421382016917705
tempo,2,1200.0,855.3169114672378,330.26570457807105,12.34,3.88,45.4,1.0,0.8736409358298096
heavy-truck,0,10000.0,2756.8143664838076,534.4922207192017,4.27,36.48,58.7,1.0,0.5390595414451204
tempo,2,1200.0,415.14987011000136,527.4550164809654,12.75,4.15,96.3,1.0,0.9205790986146385
heavy-truck,0,10000.0,7500.3853029072,698.682447139298,4.58,19.42,86.8,1.0,0.6527289256093736
delivery-van,3,800.0,724.1201202583777,628.0924268016429,10.49,2.59,73.0,1.0,0.798773502271232
heavy-truck,0,10000.0,4487.46352570139,407.3237234039278,5.54,20.23,57.3,1.0,0.662838404224903
delivery-van,3,800.0,674.1032679560723,291.7027957907993,10.93,1.72,99.6,0.0,0.803515500446562
tempo,2,1200.0,722.6932069382723,484.06534517512443,12.22,2.26,52.5,1.0,0.9467314326470759
heavy-truck,0,10000.0,8663.584366799589,420.5550167845431,5.29,28.42,54.4,1.0,0.5208346782019734
delivery-van,3,800.0,784.0873824906525,673.2372349284996,11.22,2.27,78.7,1.0,0.9047835423045755
delivery-van,3,800.0,302.67266735277883,512.4290120293718,13.61,3.11,67.1,1.0,0.9518698911724683
mini-truck,1,5000.0,2968.958014568086,234.27170461936493,7.08,20.48,62.7,1.0,0.6612020220894621
heavy-truck,0,10000.0,6120.10289337364,216.61306713301877,4.88,35.55,95.2,1.0,0.5209954244618434
delivery-van,3,800.0,525.3825392382428,539.856394137915,11.99,1.82,52.4,1.0,0.8818174888000597
heavy-truck,0,10000.0,7334.845080812667,448.59905584454503,4.72,21.38,71.6,1.0,0.709080315865862
heavy-truck,0,10000.0,10301.681366773742,169.16116830436124,5.39,33.77,73.9,1.0,0.512405609097452
delivery-van,3,800.0,833.0199317941757,239.0682702266929,10.85,3.41,52.0,1.0,0.7549299996423846
tempo,2,1200.0,1185.2526892023,355.2802316411668,12.62,2.8,48.9,1.0,0.836813778300494
heavy-truck,0,10000.0,5188.079022209557,498.8023634790872,4.26,23.65,86.4,1.0,0.6650090449963448
heavy-truck,0,10000.0,5495.707125246251,499.94698754845626,4.64,27.97,63.8,1.0,0.5839455917750843
mini-truck,1,5000.0,2620.773813062525,204.71401126931227,6.95,14.58,49.5,1.0,0.6622532643074343
mini-truck,1,5000.0,4905.237592376688,271.5759052709211,7.52,16.79,61.6,1.0,0.7117206276572213
tempo,2,1200.0,444.2286345013149,367.45146660015786,12.18,2.29,49.0,1.0,0.7398030397727844
delivery-van,3,800.0,279.1472292313356,336.2282280805851,12.57,1.34,45.2,1.0,0.8224106073415535
mini-truck,1,5000.0,4156.786643637268,457.709464215944,6.74,8.31,85.3,0.0,0.6439130331207747
tempo,2,1200.0,724.9158675780686,266.7065893655234,14.62,3.21,82.0,1.0,0.9171319491848214
delivery-van,3,800.0,388.1960354997325,157.84470902166584,12.98,2.72,50.7,1.0,0.9110200264818208
mini-truck,1,5000.0,3003.261479826698,136.59162897949003,8.37,12.8,95.2,1.0,0.7268261133479699
tempo,2,1200.0,754.8865429811412,518.5445024625014,13.7,4.54,47.9,1.0,0.8701917559970643
delivery-van,3,800.0,789.9663423768371,685.3883889463951,12.94,2.88,54.2,1.0,0.985159005342262
mini-truck,1,5000.0,872.0687780814005,456.9398649706372,6.67,8.93,75.9,1.0,0.7168287588057828
tempo,2,1200.0,637.5114478864346,590.9738075173248,14.95,3.11,69.0,0.0,0.7204199999681613
heavy-truck,0,10000.0,5892.683179285937,433.87892245199106,4.79,18.02,57.8,1.0,0.6570796148820425
heavy-truck,0,10000.0,8305.052700779763,379.1663577168607,4.94,33.95,90.6,1.0,0.5691537372388277
delivery-van,3,800.0,429.99826503356377,70.59977260271509,10.93,1.92,52.2,1.0,0.8727547507657105
mini-truck,1,5000.0,4485.888171679407,70.38832067915358,7.69,18.7,77.2,1.0,0.7805631444602754
heavy-truck,0,10000.0,5666.85670272692,265.5299718440979,5.14,27.72,96.1,0.0,0.5223445291833148
heavy-truck,0,10000.0,6348.710190621178,322.5597426372419,4.55,22.96,81.4,1.0,0.5629343439271689
mini-truck,1,5000.0,3101.3532973491588,165.05883540830632,8.36,21.07,78.3,1.0,0.7866302391182843
mini-truck,1,5000.0,4910.256697311254,287.62345485072376,7.86,14.06,59.0,0.0,0.4916646200493101
heavy-truck,0,10000.0,2955.857051024139,499.98660644169126,4.92,37.08,48.4,1.0,0.6808880140605397
delivery-van,3,800.0,783.1365692968149,546.5806237084176,11.93,2.01,65.8,1.0,0.9252396198015089
mini-truck,1,5000.0,1157.1123932834037,591.220355002191,6.94,13.05,77.3,1.0,0.7780976527676932
tempo,2,1200.0,703.9771565621177,608.295878344589,13.27,3.94,88.3,1.0,0.9603114040640748
mini-truck,1,5000.0,4732.822050762322,208.89586272859574,7.25,12.71,76.9,1.0,0.6849979758649765
mini-truck,1,5000.0,1007.2107942864235,452.90815033955744,6.55,17.95,60.4,1.0,0.7116698571658712
tempo,2,1200.0,865.9797536979625,149.91034030756666,15.36,3.62,73.7,1.0,0.970004317136
mini-truck,1,5000.0,2838.683362939545,513.0431015305317,6.67,18.11,79.5,1.0,0.7077829178335372
delivery-van,3,800.0,717.4670856943713,252.37190761578375,10.68,3.27,54.9,1.0,0.8552612323167629
heavy-truck,0,10000.0,2317.499156046093,519.4928290128369,5.13,19.84,82.5,0.0,0.5331103341565266
tempo,2,1200.0,502.62801047403576,587.0716390142715,13.46,4.8,66.6,1.0,0.9110038433472186
delivery-van,3,800.0,441.10134668985353,335.58215589114803,12.15,1.5,83.9,1.0,0.9194834622951957
delivery-van,3,800.0,795.2752756358647,464.41729920569674,13.18,1.86,87.3,1.0,0.8848866485483078
delivery-van,3,800.0,121.8848810599567,239.7881320186712,13.32,3.19,100.0,1.0,0.952395623554307
mini-truck,1,5000.0,2454.7801608412833,120.11147039668032,7.67,17.37,94.6,0.0,0.6581256642707586
delivery-van,3,800.0,414.7376877386187,555.8132064706939,10.88,1.28,65.1,1.0,0.9176677795033908
heavy-truck,0,10000.0,8135.696175090084,627.4165869690878,5.32,17.96,80.3,1.0,0.7976087780988763
tempo,2,1200.0,1188.1272523992009,302.1304291869936,12.81,4.57,80.0,1.0,0.9615811316333953
tempo,2,1200.0,821.3324053646436,309.98521695700106,15.02,2.86,55.0,1.0,0.9048549573166653
mini-truck,1,5000.0,4633.156432774166,86.25537776949152,7.4,17.56,57.9,1.0,0.6917326513481444
delivery-van,3,800.0,287.60374308478555,408.29178205482486,10.9,3.14,70.1,1.0,0.8567378910424538
tempo,2,1200.0,511.1336938028071,561.373702851657,15.15,4.74,54.7,0.0,0.715669070905472
mini-truck,1,5000.0,4360.901208798887,309.0781130441046,7.95,16.01,61.1,0.0,0.5304747547856632
delivery-van,3,800.0,276.71358874919247,480.54100980700474,13.17,2.22,86.6,1.0,1.0
delivery-van,3,800.0,813.6841161778657,653.951515771134,12.69,2.94,56.0,1.0,0.8004732949492418
tempo,2,1200.0,983.1324383719478,177.0846552118354,14.76,4.8,86.5,1.0,0.8119325835008326
heavy-truck,0,10000.0,7947.908320900481,111.99580319360905,4.89,17.14,63.2,1.0,0.777846236873578
tempo,2,1200.0,1165.5441243228138,321.5063620798497,13.35,4.05,78.4,1.0,0.9387518664585733
tempo,2,1200.0,235.41734844226588,385.34072730566584,15.7,3.42,50.3,1.0,0.9234986210405999
delivery-van,3,800.0,514.8507026227632,539.6065405752377,12.16,2.19,73.5,1.0,0.8953575747049839
heavy-truck,0,10000.0,5196.2934911285965,455.8071407221091,4.58,30.59,45.3,1.0,0.5144285023356647
tempo,2,1200.0,961.1247106032714,66.23192449180046,15.86,4.24,81.1,1.0,0.8825296956900403
tempo,2,1200.0,611.5380772658492,362.30842297430866,13.15,3.45,78.1,0.0,0.7747028925230192
delivery-van,3,800.0,258.2379605710165,363.2010700865984,12.84,2.39,79.4,0.0,0.729658328954925
tempo,2,1200.0,488.1784869425261,193.6696650386245,13.45,3.43,60.2,1.0,0.9546458302572856
heavy-truck,0,10000.0,9259.777366773726,339.13344944770097,4.59,23.25,86.3,1.0,0.6000686721449092
mini-truck,1,5000.0,2522.466148160774,333.67817068528757,7.84,10.92,68.1,1.0,0.7198621161412941
tempo,2,1200.0,588.1344607132177,509.1424473349273,14.32,3.42,56.9,1.0,0.9578670289496674
tempo,2,1200.0,815.2107125750915,638.0102420372939,13.44,2.85,94.8,1.0,0.9542936835325321
tempo,2,1200.0,377.5923838575253,179.04345579921733,12.42,3.74,48.0,0.0,0.6412507756830281
tempo,2,1200.0,587.1132195734687,129.56069886151113,14.47,2.22,94.6,1.0,0.9325659165833531
heavy-truck,0,10000.0,7271.7318291868905,455.1718334205933,5.01,28.97,73.9,1.0,0.5447662254672658
heavy-truck,0,10000.0,5322.964672300415,669.7577068074214,5.45,39.5,59.8,1.0,0.4955735919528624
heavy-truck,0,10000.0,4328.323546917379,661.5686781027582,5.33,38.14,98.0,1.0,0.5864237878809897
mini-truck,1,5000.0,4445.257244859824,304.6864698224549,6.63,18.56,74.0,1.0,0.8017898319519977
heavy-truck,0,10000.0,6273.426731173308,323.48411799972405,4.52,29.48,91.7,1.0,0.568464178649376
heavy-truck,0,10000.0,10307.261605218693,186.67048498028294,4.98,21.55,60.7,0.0,0.46162119598291784
tempo,2,1200.0,1113.1588587200445,77.78313285961396,13.29,1.94,46.7,0.0,0.6280316784559167
mini-truck,1,5000.0,1564.0037272381007,380.0660045297889,7.0,12.23,67.6,1.0,0.7497828398446592
mini-truck,1,5000.0,3780.174140378172,107.88459556607314,7.81,19.92,91.2,1.0,0.6804929033390203
delivery-van,3,800.0,559.9109596208426,83.46314607253916,12.98,2.48,96.2,0.0,0.7266633067460213
delivery-van,3,800.0,294.6119215426987,577.6334035326837,13.34,2.99,72.0,1.0,0.9425119685199062
mini-truck,1,5000.0,2004.3619969439485,524.493049980369,6.79,8.25,52.0,1.0,0.806108019553373
mini-truck,1,5000.0,2567.4610988638756,392.4726023850387,7.13,15.18,96.4,1.0,0.8105891039471367
heavy-truck,0,10000.0,6781.199271339624,391.614171426731,4.79,39.78,48.9,1.0,0.45141479214091534
heavy-truck,0,10000.0,1823.8261777911418,418.4336760585818,5.59,31.2,51.2,1.0,0.5925773454999274
heavy-truck,0,10000.0,7879.209281883447,414.4125849167827,5.55,28.81,61.9,1.0,0.5209291599650642
mini-truck,1,5000.0,3038.1451557522996,419.9253119207015,7.13,16.92,53.0,1.0,0.6080613894394034
delivery-van,3,800.0,727.4103483720407,79.39257965556912,11.7,2.84,74.9,1.0,0.9774739278028626
tempo,2,1200.0,1154.4891062746867,654.0598071749823,13.39,4.58,59.4,1.0,0.9043685816703103
tempo,2,1200.0,1133.524455987842,107.75993506519413,12.98,2.38,68.9,1.0,0.896853814355222
tempo,2,1200.0,1167.9553537710035,551.4733231409244,14.6,2.76,86.6,0.0,0.8208190927200582
mini-truck,1,5000.0,1719.5996851296543,398.21970006093017,8.06,11.12,68.2,1.0,0.8667958639314634
delivery-van,3,800.0,523.5496735140648,348.21047386115885,10.36,1.44,91.8,1.0,0.921393233617938
mini-truck,1,5000.0,2318.5533648328988,262.15056249042794,7.19,12.52,68.9,1.0,0.7671106392656916
heavy-truck,0,10000.0,2828.5310856363294,249.48027266218048,5.32,37.95,72.3,1.0,0.559060025751277
delivery-van,3,800.0,690.5775543522402,348.3315428932588,13.47,2.25,65.0,0.0,0.7714140914241826
tempo,2,1200.0,1185.8563020547444,295.91443184758924,15.82,3.79,67.7,0.0,0.8039693904146858
tempo,2,1200.0,801.306649704977,241.65521521991172,13.79,4.02,82.4,1.0,0.9402539336688327
mini-truck,1,5000.0,5198.309816176589,661.1325762346921,7.49,12.32,65.2,1.0,0.6151960934642724
delivery-van,3,800.0,419.766886547563,658.4033682501536,12.15,1.55,50.1,1.0,0.9056923361653271
heavy-truck,0,10000.0,6499.754015534903,337.1792640083686,5.48,42.04,82.8,1.0,0.46986873140120683
heavy-truck,0,10000.0,8298.642371415239,166.74744019423207,5.24,19.52,54.9,0.0,0.6025604983253035
mini-truck,1,5000.0,4806.019664756405,121.29920832236955,7.95,13.42,82.0,1.0,0.7838620352360421
delivery-van,3,800.0,418.9096386277372,336.3215642591482,13.64,2.0,81.6,0.0,0.7885193262538973
tempo,2,1200.0,931.0485550072841,515.865861841654,12.87,4.47,64.6,1.0,0.940907774430352
mini-truck,1,5000.0,1036.575169278867,420.0510539502173,7.25,17.12,78.1,1.0,0.7507277929245655
delivery-van,3,800.0,621.5625456880744,391.4965737764941,10.35,2.13,96.8,1.0,0.9607488849313891
heavy-truck,0,10000.0,9735.200463395371,217.24229874431876,5.68,33.35,53.1,1.0,0.5506770428250779
delivery-van,3,800.0,560.2021327986162,665.5546309187068,13.11,2.33,84.9,1.0,0.8744119861815006
tempo,2,1200.0,833.8098685001553,307.5287751339072,14.94,2.41,99.4,1.0,0.9225848506587108
heavy-truck,0,10000.0,3069.318565906681,604.4689262627303,5.18,21.9,94.5,1.0,0.8157392688802825
tempo,2,1200.0,411.3944129148074,489.30877120807065,15.44,5.22,94.5,1.0,0.9414058449009
mini-truck,1,5000.0,1822.5618862776607,217.4680889849899,7.18,14.27,67.9,1.0,0.8168073285004331
mini-truck,1,5000.0,1578.2346936031627,661.78255319261,7.38,13.56,78.3,1.0,0.746690043705358
tempo,2,1200.0,332.69788281737243,633.87749605611,16.1,2.5,89.4,1.0,1.0
delivery-van,3,800.0,613.5948371080298,60.57405900195043,12.09,1.91,98.7,0.0,0.8134638259258016
heavy-truck,0,10000.0,5029.165125065021,469.5214948827032,4.77,22.37,80.6,1.0,0.6388373852159351
delivery-van,3,800.0,366.6714391770701,405.06547094111687,13.67,2.98,66.2,1.0,0.9445024050303329
tempo,2,1200.0,967.6483389140757,343.67296144090267,15.34,4.19,78.0,1.0,0.9526048009345552
heavy-truck,0,10000.0,9388.412929104765,326.24618898985875,5.34,19.1,91.2,1.0,0.7297300125059527
tempo,2,1200.0,497.9654801340297,622.0551343778809,15.86,4.38,71.4,1.0,0.99585086205347
mini-truck,1,5000.0,5228.418430729237,202.87875465764978,7.76,9.25,56.3,1.0,0.6614380334149147
mini-truck,1,5000.0,1113.7667546562798,344.40393508743205,6.71,17.14,55.7,1.0,0.7341926469505557
delivery-van,3,800.0,364.8687319398157,250.44410389188215,11.97,2.22,49.5,1.0,0.9118745310225176
mini-truck,1,5000.0,3713.8678111499744,391.2428941104671,8.28,16.57,48.0,1.0,0.704505830583961
heavy-truck,0,10000.0,7173.626561295941,618.8137609022538,5.18,42.44,87.7,1.0,0.5892232891124803
delivery-van,3,800.0,244.8221140840994,148.6260451216898,10.58,2.67,77.8,0.0,0.668661709769054
delivery-van,3,800.0,533.2442015628549,62.14313310173807,10.76,1.31,80.7,1.0,0.8763807754340694
tempo,2,1200.0,1049.8415366239976,220.44857760176853,12.25,4.68,70.0,0.0,0.7079245881199666
delivery-van,3,800.0,305.44945652554844,580.9987310462444,13.06,3.22,54.3,1.0,0.8750420012145487
delivery-van,3,800.0,757.2549536608703,103.25114472937955,10.79,1.57,89.3,1.0,0.8981076589081286
delivery-van,3,800.0,168.206146523985,156.6169998422616,12.04,1.47,72.3,1.0,0.9324878430089134
tempo,2,1200.0,640.4719636237203,287.5968083130644,13.96,4.3,82.8,1.0,0.8980677306091144
mini-truck,1,5000.0,1880.4012069196076,191.4678387448098,8.24,14.55,78.8,1.0,0.7108714806603529
mini-truck,1,5000.0,876.5636025021338,378.221658232875,8.03,11.79,69.5,1.0,0.7685367352536067
tempo,2,1200.0,696.3533101237144,465.34356857529025,13.23,2.91,55.0,1.0,0.861382367757687
mini-truck,1,5000.0,4713.419163538146,623.0729366560996,6.96,11.07,95.4,1.0,0.7989943559075167
heavy-truck,0,10000.0,2914.0933820014216,596.0180090169849,4.51,18.26,47.7,1.0,0.5917429635963812
mini-truck,1,5000.0,2041.6859139905318,144.0446077993784,6.4,10.86,51.6,1.0,0.7692459927885986
tempo,2,1200.0,247.4878556218182,228.22812958025816,14.7,2.81,69.4,1.0,0.949198907715984
mini-truck,1,5000.0,4372.780048676283,188.50235395367298,8.59,13.11,83.7,1.0,0.7760806593329718
tempo,2,1200.0,1088.2393488715222,581.1751980071042,12.16,2.01,72.1,1.0,0.921221327342535
tempo,2,1200.0,1242.325218993021,285.8098623759646,14.93,3.63,84.7,1.0,0.8765563371276234
delivery-van,3,800.0,646.5117486070538,187.78319532371364,12.02,3.18,58.7,1.0,0.8906677459373329
tempo,2,1200.0,338.2164306332756,71.77144154996519,15.85,5.17,51.4,1.0,0.8615992943698656
mini-truck,1,5000.0,2367.6202937979483,359.2027296006171,7.99,21.68,96.9,1.0,0.7222786724400507
heavy-truck,0,10000.0,10256.051117086037,625.808880455206,5.5,31.17,85.0,1.0,0.5035617337428588
delivery-van,3,800.0,434.83447518303143,604.4188916527835,13.48,1.66,57.1,0.0,0.7953322296366038
tempo,2,1200.0,764.1576376149633,436.61471986577106,13.95,2.11,87.8,1.0,0.8746034284834973
mini-truck,1,5000.0,5059.41176600099,90.62422110069214,8.55,10.43,65.3,1.0,0.704700383162369
tempo,2,1200.0,274.21455652812307,489.756226205736,13.85,3.58,75.6,1.0,1.0
mini-truck,1,5000.0,894.1017918659688,341.9720641124419,8.33,21.65,73.0,1.0,0.708156621293602
delivery-van,3,800.0,767.2793233426725,577.151830264164,10.42,1.3,87.9,0.0,0.7125456186088301
heavy-truck,0,10000.0,5266.400136428596,462.4515798908262,4.32,37.02,62.0,0.0,0.4060881064901444
tempo,2,1200.0,718.2302917025104,525.7191753529676,12.78,3.8,71.1,1.0,0.9143789018771201
heavy-truck,0,10000.0,6009.849258305226,635.4425116469644,5.64,24.9,66.9,1.0,0.6020059766862492
delivery-van,3,800.0,685.1362550820327,600.5477171371705,12.71,3.14,51.4,0.0,0.672601502594649
mini-truck,1,5000.0,3705.4613389257124,365.7057515751331,8.31,12.6,83.2,1.0,0.7261711878254561
tempo,2,1200.0,412.03828857655856,602.2592585218817,11.93,2.37,75.7,1.0,0.9509229488326209
tempo,2,1200.0,1197.1387735937274,245.66695338485636,14.47,4.83,46.8,1.0,0.8817083190237097
mini-truck,1,5000.0,4703.536360894562,566.047538347437,6.4,8.04,64.6,0.0,0.6710740517163165
delivery-van,3,800.0,337.70655092659683,252.54370863221254,12.0,1.69,57.4,1.0,0.9903276756553798
tempo,2,1200.0,694.3070281970046,278.22833365823385,13.12,3.75,92.4,0.0,0.8216915482952041
mini-truck,1,5000.0,793.2999949579421,685.4941737028814,7.24,17.15,70.2,1.0,0.7204088299563638
mini-truck,1,5000.0,5155.995464533727,164.46348058080525,7.32,15.63,45.7,1.0,0.6489753584270421
tempo,2,1200.0,750.8371302460023,563.2722590691086,13.25,2.87,73.0,1.0,0.8450184729415264
heavy-truck,0,10000.0,8250.965093227103,654.0218037741255,5.11,29.31,47.4,0.0,0.3563571170935988
tempo,2,1200.0,1082.614826568843,103.68109058181673,15.71,2.86,99.8,1.0,1.0
mini-truck,1,5000.0,2142.474671094403,657.7468142927146,7.4,19.59,49.9,0.0,0.5462712025837747
mini-truck,1,5000.0,4855.301021472687,73.54360737776304,6.96,10.41,96.2,1.0,0.7939036688663845
mini-truck,1,5000.0,2723.5377170012493,653.7138366828399,7.88,11.3,93.5,1.0,0.7868333491180232
delivery-van,3,800.0,473.40017993951557,152.58354562870736,13.46,3.24,83.0,1.0,0.8955094247893796
heavy-truck,0,10000.0,7212.471031665577,496.3921061338589,4.45,36.06,74.7,0.0,0.43481422943478687
tempo,2,1200.0,516.1584376398799,60.52156037529727,15.67,2.91,72.2,1.0,0.9230377803167109
delivery-van,3,800.0,757.7335764857003,598.5607932007767,12.84,3.36,80.8,1.0,0.9151207739270087
delivery-van,3,800.0,217.33476347339789,463.7797938341812,11.05,2.61,47.9,1.0,0.8443640759091164
tempo,2,1200.0,865.3164984873487,678.7907686968596,14.65,5.25,84.2,1.0,0.9872557277870151
tempo,2,1200.0,1183.635785586708,88.333207300686,15.64,4.95,78.0,1.0,0.8686813478746418
tempo,2,1200.0,413.66729979778376,229.20518004044987,13.3,2.46,86.0,1.0,1.0
tempo,2,1200.0,554.3815560410327,166.6624966711126,14.85,2.06,46.8,1.0,0.9232672535779564
mini-truck,1,5000.0,2416.2382352561244,153.9589325779358,8.19,15.04,50.7,1.0,0.6299549542060581
tempo,2,1200.0,708.6096897962865,74.23590008758381,15.34,2.16,72.7,1.0,0.9020241193195522
mini-truck,1,5000.0,2476.418019719321,388.72165073649086,6.39,21.48,87.5,1.0,0.6845218149975969
heavy-truck,0,10000.0,5975.0869636253055,490.7120210167071,5.67,40.02,96.0,1.0,0.5633223101042728
delivery-van,3,800.0,208.0146484495259,658.8279525380874,10.83,2.73,79.7,1.0,0.8544152043242617
tempo,2,1200.0,728.8146319014767,143.5654609682549,14.85,4.77,92.9,1.0,0.9236303099184653
tempo,2,1200.0,402.10749206761534,692.5780959825881,14.84,3.17,53.5,0.0,0.8184378801632423
heavy-truck,0,10000.0,3592.3296122067736,136.78161368845429,4.79,18.13,46.5,1.0,0.6514752429473031
mini-truck,1,5000.0,1445.9774193813698,177.9714264937062,8.33,20.63,49.6,1.0,0.7430818242583601
tempo,2,1200.0,977.128878401959,98.70110594853195,14.49,4.75,85.6,1.0,0.9842854966943241
tempo,2,1200.0,1068.8215315888724,267.59339451028603,12.0,2.93,63.5,1.0,0.8565236137379632
mini-truck,1,5000.0,5152.172591233767,187.4694830438348,7.47,14.78,61.9,1.0,0.6565483660476988
mini-truck,1,5000.0,2223.3489006155983,278.58412234495734,8.29,19.2,55.4,1.0,0.7296975317955848
mini-truck,1,5000.0,3561.0878522309476,293.5322675159023,7.93,9.12,75.3,1.0,0.6718968355705708
heavy-truck,0,10000.0,6794.655884631015,267.4058559941127,5.05,43.49,63.2,1.0,0.4741930500222862
delivery-van,3,800.0,402.7651675265184,148.16093576491383,10.23,3.51,89.8,1.0,0.9328206188297132
mini-truck,1,5000.0,1548.8161417384765,409.4473705336981,7.06,8.41,50.8,0.0,0.6426022277206979
mini-truck,1,5000.0,2470.0503288454097,207.9338294952634,8.21,8.46,87.8,1.0,0.8357978453579584
heavy-truck,0,10000.0,2968.6475664175514,556.0087120621272,5.51,22.21,62.2,0.0,0.4868447158152677
heavy-truck,0,10000.0,2815.6659451350342,384.6905136992092,4.92,27.16,83.1,1.0,0.7434717328420403
heavy-truck,0,10000.0,2578.8540307374915,497.7625866930522,4.81,43.79,68.8,0.0,0.32850251885366766
tempo,2,1200.0,289.63627945847855,304.8252444586552,15.76,3.19,89.4,1.0,0.854186147976345
heavy-truck,0,10000.0,3590.730528479436,664.4812600965188,5.49,20.74,62.4,1.0,0.5980581546278321
delivery-van,3,800.0,452.32163990429564,410.27423216728914,13.67,2.36,84.3,1.0,0.8591405714233521
mini-truck,1,5000.0,3867.213715390948,565.4099665912954,8.27,16.96,82.1,1.0,0.7439868223571889
tempo,2,1200.0,1164.772633982352,212.45587833799567,12.47,3.21,89.8,1.0,0.9884840082096459
tempo,2,1200.0,654.8091437364109,209.3747244369753,15.54,2.84,64.8,1.0,0.9513618286896282
heavy-truck,0,10000.0,2417.3263204629943,551.3061110696658,5.69,31.16,77.3,1.0,0.5313664007865209
delivery-van,3,800.0,427.8702714845115,490.0907239780072,12.97,2.67,52.9,1.0,0.9502300973454978
delivery-van,3,800.0,203.79310236884524,62.20905322298947,13.2,3.08,83.8,1.0,0.8651813118514003
heavy-truck,0,10000.0,4076.4723786518607,567.2479022960937,5.65,26.45,81.9,1.0,0.6374061856832749
tempo,2,1200.0,653.8753916182877,372.4054652694539,13.97,4.32,50.6,0.0,0.7403998348759504
mini-truck,1,5000.0,2108.039721860366,200.91487416815838,7.48,12.09,63.7,0.0,0.5348598715093733
heavy-truck,0,10000.0,6538.515971565682,447.87523559235495,4.61,41.23,61.1,1.0,0.48050716523252446
tempo,2,1200.0,225.9547132401868,362.6712901943365,14.66,3.21,77.3,1.0,0.8606885032766809
tempo,2,1200.0,1029.3814216400895,522.8033459555324,13.98,4.1,91.5,1.0,0.9458441634119147
mini-truck,1,5000.0,2086.5082947276255,299.6109970558493,7.48,19.02,99.3,1.0,0.806827233372756
delivery-van,3,800.0,124.13148070074614,631.9587674520101,12.45,2.22,93.3,1.0,0.9775230997769278
mini-truck,1,5000.0,2114.408952882101,171.40542750030775,6.99,17.51,87.3,1.0,0.7368243966849429
delivery-van,3,800.0,551.3103906118764,371.5892891667244,10.71,2.74,55.3,1.0,0.8559552397868923
delivery-van,3,800.0,602.7194201529898,294.5816204860845,12.8,2.22,81.3,1.0,0.9194917472382085
tempo,2,1200.0,881.6365705969466,187.58573632892512,12.39,3.39,56.7,1.0,0.9310016261722722
mini-truck,1,5000.0,1143.2210054154,487.6770033153701,7.94,15.59,84.9,1.0,0.8742669538813245
heavy-truck,0,10000.0,1520.1934337185999,160.47141519460283,5.2,24.58,46.3,1.0,0.5420641173100218
tempo,2,1200.0,854.0262731848865,639.9723710890091,12.56,2.8,58.8,1.0,0.9686346004147439
mini-truck,1,5000.0,1465.6862459757303,497.8537578782582,6.87,20.32,77.3,1.0,0.6958321516881846
tempo,2,1200.0,716.3871985781076,94.04561350189596,13.11,4.61,68.9,1.0,0.890188736335421
heavy-truck,0,10000.0,8702.922035502335,566.2829300728943,5.63,23.69,91.5,1.0,0.6685741010698432
mini-truck,1,5000.0,2409.385026713511,428.4821772592046,7.64,16.04,52.1,1.0,0.6278470982709594
delivery-van,3,800.0,481.6451400911886,262.7650583479578,12.74,3.36,97.8,1.0,1.0
mini-truck,1,5000.0,3872.4889849465953,490.77677823196075,8.54,10.44,54.8,0.0,0.6440543811943885
delivery-van,3,800.0,152.39089187501963,162.4317664372216,13.18,2.93,47.2,1.0,0.8607878389727562
tempo,2,1200.0,1096.911077920543,376.1105851975385,13.53,2.09,55.6,1.0,0.9550830931889005
heavy-truck,0,10000.0,7339.253637536749,80.71404022425796,5.05,22.0,58.9,1.0,0.6343427644287581
tempo,2,1200.0,834.72675600118,530.3612683966451,15.55,2.0,79.4,1.0,0.9980221075112222
tempo,2,1200.0,812.3429925090625,664.9109490537525,15.2,3.59,59.4,0.0,0.7010194368221646
delivery-van,3,800.0,338.2671906347263,676.301464924112,10.58,2.4,95.8,1.0,0.9197090263347931
mini-truck,1,5000.0,795.4381260611539,393.8113795101247,8.14,20.44,59.0,1.0,0.6973740224573473
delivery-van,3,800.0,539.4465539273762,371.7028511220818,13.29,2.97,71.1,1.0,0.9366596170033225
tempo,2,1200.0,971.1016685932832,160.45293861845138,12.22,3.43,84.5,1.0,0.9415780306824759
tempo,2,1200.0,415.9529540166763,452.6476322904191,12.17,3.15,77.3,1.0,0.9275189611068516
tempo,2,1200.0,217.65280356104037,599.6938606347634,13.2,2.25,67.7,0.0,0.7392424203723426
mini-truck,1,5000.0,3297.2371206591915,418.91268760485366,7.81,16.54,69.8,1.0,0.7112531554780529
mini-truck,1,5000.0,4606.721504458708,485.0303297327997,7.07,12.0,64.6,1.0,0.7560223781512805
heavy-truck,0,10000.0,5306.971970871146,588.9354449587086,4.35,32.9,77.8,1.0,0.647914595964969
heavy-truck,0,10000.0,3930.9537727636757,195.22328132335176,5.42,26.45,50.0,1.0,0.6133190633617086
mini-truck,1,5000.0,815.3027317018947,124.19864936451859,6.96,16.04,65.7,0.0,0.6157427246138116
mini-truck,1,5000.0,3477.7855734342766,177.63474837419224,6.5,14.42,92.0,1.0,0.7996645778602144
tempo,2,1200.0,857.9562628630869,365.2691121051164,14.79,4.77,93.6,0.0,0.709309075986137
mini-truck,1,5000.0,2444.882959037311,542.1778747943781,6.74,21.71,98.8,0.0,0.4727179423795568
tempo,2,1200.0,340.41145161149734,490.5931258804043,12.37,4.67,48.7,0.0,0.7131199896423216
delivery-van,3,800.0,521.5850147536208,397.0815034988302,12.99,2.39,90.1,1.0,0.9650985414192629
mini-truck,1,5000.0,2419.274529372801,531.1534452106077,7.03,9.54,81.6,1.0,0.7394338596172345
tempo,2,1200.0,1112.2320406814604,224.76080941703458,14.58,3.15,72.3,0.0,0.7073891304647594
heavy-truck,0,10000.0,4127.010077617519,263.67808229557363,5.48,31.83,81.9,1.0,0.6027966122837747
tempo,2,1200.0,1215.272889226586,336.8590054125767,14.58,2.98,93.0,1.0,0.8876648650467387
heavy-truck,0,10000.0,2649.6214703046085,358.60535427677314,4.83,25.24,47.9,1.0,0.5358873413404512
delivery-van,3,800.0,375.07511785571853,619.4711906324941,12.77,2.21,75.8,0.0,0.8196974841151439
delivery-van,3,800.0,259.90210821131024,559.9355734789094,12.76,1.77,58.8,0.0,0.7545214316366102
delivery-van,3,800.0,258.6973135854185,436.71125980767107,11.96,3.51,58.3,1.0,0.8209354101510712
heavy-truck,0,10000.0,3158.5342748524313,472.2741330434492,4.91,30.3,63.8,1.0,0.5891987027471289
tempo,2,1200.0,813.3270124892525,666.3906262545869,15.02,5.18,63.4,1.0,0.847916040818814
delivery-van,3,800.0,231.05481513748475,183.7195941790391,12.74,3.46,90.7,1.0,0.9371437775385394
tempo,2,1200.0,749.6345884616585,540.7352634442207,14.48,2.37,64.5,0.0,0.7522917477424832
tempo,2,1200.0,585.5789563488235,421.20563655285486,13.42,2.11,91.9,1.0,0.8773675936133266
delivery-van,3,800.0,733.1185762974945,517.445664129609,12.89,1.65,90.2,1.0,0.9717888837560272
delivery-van,3,800.0,463.15269173773305,375.9240749602429,12.92,1.41,61.1,1.0,0.9260673442044767
delivery-van,3,800.0,508.1104640511086,123.71609037271547,10.73,1.67,45.4,1.0,0.8378932588260775
heavy-truck,0,10000.0,5751.294269153989,686.2020061061444,4.42,25.73,94.2,1.0,0.6303844352043158
mini-truck,1,5000.0,3520.059585025245,230.07709274489883,6.67,13.04,82.2,1.0,0.8075891541428724
delivery-van,3,800.0,284.7707303463408,314.700223088488,10.8,1.81,72.9,1.0,0.8215330091673483
mini-truck,1,5000.0,5113.946089230926,471.6102957312867,7.68,18.21,78.0,1.0,0.6536321391763591
mini-truck,1,5000.0,2565.9416997468393,255.53773821070558,6.63,13.14,46.3,1.0,0.7212647006589364
mini-truck,1,5000.0,1376.782824350411,461.09059533576715,8.26,11.17,84.2,1.0,0.7977627598223243
mini-truck,1,5000.0,3717.349059100193,306.71550239427563,6.65,12.13,48.3,1.0,0.6875307444662057
tempo,2,1200.0,583.4436822549983,509.7451813246057,15.75,5.26,97.6,1.0,0.9671650613991388
mini-truck,1,5000.0,2746.942740753534,379.785582500746,7.84,12.47,70.5,1.0,0.7360432305583263
mini-truck,1,5000.0,1853.5856383397424,625.1568540325059,7.7,17.01,98.1,1.0,0.8286985485207968
heavy-truck,0,10000.0,10198.286353734973,596.343165418415,4.44,17.02,93.9,1.0,0.6427241525724952
mini-truck,1,5000.0,3661.073180192675,687.0853900412154,7.06,15.51,61.6,1.0,0.6765837822121751
heavy-truck,0,10000.0,4708.6367967225015,157.84889177867035,4.96,43.52,49.0,0.0,0.3383121476109467
tempo,2,1200.0,269.5684729543031,160.4818112878543,15.54,3.34,78.7,1.0,0.9446140637914635
mini-truck,1,5000.0,1218.9988698513998,275.03965640449996,7.91,14.68,45.6,1.0,0.7744905882047299
mini-truck,1,5000.0,3963.0289144048074,386.12639970207385,8.1,8.04,60.0,1.0,0.8497163114229169
delivery-van,3,800.0,127.75207555327341,377.68122386041614,10.87,1.61,66.6,0.0,0.746919096670355
mini-truck,1,5000.0,2707.912817086615,377.7310332033305,6.81,14.55,85.1,0.0,0.6481328109743096
mini-truck,1,5000.0,3067.877131591807,174.60372923239547,7.61,12.18,87.9,1.0,0.7681826103543711
mini-truck,1,5000.0,1162.1680688932372,93.72659489182844,7.31,17.64,72.4,1.0,0.7253928555483986
mini-truck,1,5000.0,2359.48997367773,478.25370151578693,6.77,19.73,55.0,1.0,0.7167298121362504
mini-truck,1,5000.0,1387.9301396426813,158.6439792248666,6.48,8.17,97.3,0.0,0.7606531103062508
heavy-truck,0,10000.0,3439.7403059247044,115.7554647931476,4.6,31.21,80.3,1.0,0.6150382142328915
heavy-truck,0,10000.0,7931.631943594119,267.6575335038302,4.81,27.73,81.3,1.0,0.5952515310853669
tempo,2,1200.0,875.4322173586203,651.7913042315206,12.99,3.36,84.7,1.0,1.0
tempo,2,1200.0,667.0899911963517,599.2313777710377,14.74,4.23,94.9,1.0,0.9646811525573998
tempo,2,1200.0,808.2166757480733,267.02933751825157,14.56,3.22,71.1,0.0,0.7135497938065312
tempo,2,1200.0,384.52658824551634,456.0676283481554,12.92,4.41,66.8,1.0,0.9686155863428398
mini-truck,1,5000.0,2295.9624614226236,285.5453287620468,8.13,18.89,63.4,1.0,0.7329832902458359
mini-truck,1,5000.0,3427.9406063196375,302.09447762865943,6.67,17.15,88.1,1.0,0.722941592030325
tempo,2,1200.0,501.80841552231544,147.08619062185056,14.11,5.21,73.5,1.0,0.9485312517783469
heavy-truck,0,10000.0,5115.738315722145,443.2032878179186,4.89,27.24,66.8,1.0,0.5092735158513714
heavy-truck,0,10000.0,8281.991073972615,194.42170073777697,5.18,22.17,87.1,0.0,0.563314875909306
delivery-van,3,800.0,173.37195149926657,290.8574845467091,13.08,3.47,87.3,0.0,0.6920178423696017
mini-truck,1,5000.0,2601.3947150213144,641.1550223186632,6.53,10.87,82.0,1.0,0.8545702715197476
heavy-truck,0,10000.0,9275.412328134622,666.1422623996215,4.63,28.11,60.5,1.0,0.5644382885462557
mini-truck,1,5000.0,4254.805153267828,281.87582952137916,7.89,16.45,90.2,0.0,0.6208175986091605
tempo,2,1200.0,916.7071252863146,515.576164381594,13.94,2.2,58.3,0.0,0.7760618707251111
tempo,2,1200.0,424.6753884655786,652.7529825927836,14.55,4.74,95.8,0.0,0.800043574599943
mini-truck,1,5000.0,2638.889744787731,600.886033062344,8.35,10.96,62.8,1.0,0.7707100270838009
delivery-van,3,800.0,536.3555917414973,603.9999628897792,10.26,3.5,88.6,1.0,0.9823763840595386
mini-truck,1,5000.0,2615.4806765748735,368.2926477964866,7.33,11.46,79.9,0.0,0.6054579171711497
tempo,2,1200.0,328.0343239501051,437.77819301431555,13.11,3.65,50.4,0.0,0.7208533219500638
heavy-truck,0,10000.0,2794.7158178616605,308.67347558518225,5.51,40.46,59.8,0.0,0.26922976928988124
heavy-truck,0,10000.0,9697.56289301154,268.0876288796622,4.99,20.7,65.9,1.0,0.6965928762356233
tempo,2,1200.0,602.8822955836741,345.0477928708588,13.23,2.21,60.2,1.0,0.8776706840511824
tempo,2,1200.0,1094.8406479925673,587.1142548802596,13.07,2.83,85.1,1.0,0.9077824013521762
tempo,2,1200.0,626.8525786887599,60.20318018905499,13.5,3.52,86.1,1.0,0.9468073287105154
heavy-truck,0,10000.0,2936.342699094865,318.2757387624968,4.48,19.9,70.1,1.0,0.6017771040447959
delivery-van,3,800.0,620.2569919216963,240.76241733845427,12.87,2.3,75.7,1.0,0.9969978108015963
heavy-truck,0,10000.0,3454.5665361106057,136.5416114218957,5.08,35.35,69.4,1.0,0.5278360200397576
delivery-van,3,800.0,126.65880306095028,318.66087623618284,10.97,1.41,47.7,1.0,0.8567919947800385
tempo,2,1200.0,822.3193235817084,559.5939936012178,13.89,4.72,47.0,1.0,0.9186860387151347
mini-truck,1,5000.0,2458.3974899654254,687.7602313851623,7.93,12.85,91.6,1.0,0.7468668907217477
tempo,2,1200.0,302.98685791786255,355.13448947367095,13.73,2.4,89.8,1.0,0.8995069246108441
mini-truck,1,5000.0,4340.632227584818,95.4025317086932,7.46,10.75,58.1,1.0,0.7308723864778226
heavy-truck,0,10000.0,7814.268611577237,94.70978782514912,5.67,30.26,95.1,1.0,0.5916986668492131
mini-truck,1,5000.0,3344.4073249571225,341.33202357317424,7.76,12.85,53.1,1.0,0.7020392513522449
tempo,2,1200.0,481.9709125738561,528.4895583949227,13.87,4.35,72.3,1.0,0.9304031715792763
mini-truck,1,5000.0,1998.8432706695835,353.75484750181664,7.18,21.67,74.5,1.0,0.6072140567198879
delivery-van,3,800.0,483.6427077566335,579.7046316798042,11.83,2.12,70.5,0.0,0.6954334189539498
mini-truck,1,5000.0,1044.7736184321584,688.1375836990467,7.53,14.4,71.5,1.0,0.6793732138393603
mini-truck,1,5000.0,3193.525175163877,637.1499334017236,7.89,18.02,79.7,0.0,0.597153649162368
mini-truck,1,5000.0,3969.437187466634,122.84335389831988,8.3,17.1,94.3,0.0,0.606720950002146
delivery-van,3,800.0,792.8698107295769,328.83985915543224,13.8,2.42,90.8,1.0,1.0
delivery-van,3,800.0,723.7499460441474,677.1490026520771,10.39,2.45,70.8,1.0,0.9530284313297326
mini-truck,1,5000.0,2249.7699271203537,68.13814319950616,7.9,12.95,57.6,1.0,0.6823940894356948
mini-truck,1,5000.0,2684.1772307954493,473.23811054524447,8.34,18.65,63.9,1.0,0.7317120004841362
tempo,2,1200.0,536.5335656763457,119.97501702224426,14.68,3.01,49.3,0.0,0.7405961718121149
heavy-truck,0,10000.0,7740.891981260801,427.2128915617068,5.06,39.18,73.7,1.0,0.5607389857738644
mini-truck,1,5000.0,2587.601162257731,398.3268196413053,6.88,11.28,58.6,1.0,0.8227194373172428
tempo,2,1200.0,1056.5368785704961,590.3037206757679,12.84,3.8,53.9,1.0,0.8591591318668971
delivery-van,3,800.0,440.2035301622454,469.1100339336747,11.94,2.15,58.6,1.0,0.8605709926069824
tempo,2,1200.0,897.7778400870131,183.36676029894426,14.43,3.68,73.1,1.0,0.912485404225637
tempo,2,1200.0,354.0975603694839,691.895458729045,14.19,4.68,51.4,1.0,0.8783213325193615
delivery-van,3,800.0,120.40494963017466,265.9974844986689,11.5,2.17,80.0,1.0,0.9269627913111632
delivery-van,3,800.0,815.8823188250216,340.269528682795,12.15,2.12,48.1,1.0,0.7619011599079696
delivery-van,3,800.0,238.6478867356841,543.834845187107,12.61,1.64,81.7,1.0,0.8348324746401415
heavy-truck,0,10000.0,3856.7115618446533,515.0361540775165,4.76,42.47,73.9,1.0,0.4622355419026244
tempo,2,1200.0,603.7087035624414,638.1039021653054,14.6,3.31,67.6,1.0,0.9123328916696424
tempo,2,1200.0,690.1979938206944,579.8761471788861,13.43,5.05,56.1,0.0,0.790162582803677
tempo,2,1200.0,490.0971698056526,150.8405540903666,14.27,3.54,49.3,1.0,0.8765127434551491
tempo,2,1200.0,612.3909278944587,577.749263541375,12.1,5.07,97.4,1.0,0.9936494617434601
tempo,2,1200.0,542.958340454537,427.5203077215666,15.03,4.02,61.1,1.0,0.9255979097035877
delivery-van,3,800.0,569.0683491022223,647.7098403518064,12.84,2.25,68.6,1.0,0.9231948396477403
delivery-van,3,800.0,362.60994070825967,325.2618717292255,12.4,3.36,73.7,1.0,0.8640601317308837
heavy-truck,0,10000.0,2541.5234534236606,675.4033365932248,4.46,31.1,86.9,1.0,0.6798989577122762
tempo,2,1200.0,646.7073563821083,366.16126149168883,14.87,2.47,51.0,1.0,0.9411568027451356
delivery-van,3,800.0,734.1008672075492,375.01863815890465,12.58,1.71,48.2,1.0,0.9650419441100667
tempo,2,1200.0,245.1937066561406,127.58718123753027,14.54,4.32,77.8,1.0,0.9778341378953468
tempo,2,1200.0,532.6184551448174,472.2558920635747,13.81,3.12,59.1,1.0,0.8664565509767784
heavy-truck,0,10000.0,4421.283141079163,101.47450067506774,5.09,29.57,93.2,1.0,0.6403924403952529
mini-truck,1,5000.0,1684.325668136667,627.5349841989432,8.23,16.18,85.8,1.0,0.7635943555756489
heavy-truck,0,10000.0,8274.936329602988,118.17234004198362,4.79,28.83,90.8,1.0,0.5597759063011527
delivery-van,3,800.0,231.16341565519375,569.3258429250567,10.37,1.82,58.1,1.0,0.7831674107675205
tempo,2,1200.0,247.30547354702423,499.75923836871493,15.35,1.98,46.0,1.0,0.9230031129349638
mini-truck,1,5000.0,4219.198566069995,110.94976223702837,7.51,21.52,62.2,1.0,0.660713835269981
tempo,2,1200.0,735.939643173803,98.80275257307574,14.27,1.92,75.0,1.0,0.8904881266701901
tempo,2,1200.0,393.7082396670225,653.4798300419932,14.5,4.93,83.3,0.0,0.7960331074942207
delivery-van,3,800.0,201.0099752027741,594.8812825838902,11.32,1.53,95.4,0.0,0.7987967173224644
heavy-truck,0,10000.0,6372.477859736535,520.7108706802849,5.17,25.05,74.6,1.0,0.6529884840185735
tempo,2,1200.0,250.3207330387011,192.18758887373227,12.64,2.66,96.0,1.0,1.0
delivery-van,3,800.0,484.6009613770713,379.6359131855558,11.52,2.79,99.8,1.0,0.9310132604958128
delivery-van,3,800.0,168.80966992817767,195.36020530438535,11.61,2.08,69.4,0.0,0.7836789838780449
heavy-truck,0,10000.0,8578.904242972907,427.1670036576303,5.7,35.96,59.7,1.0,0.45131571855297387
tempo,2,1200.0,792.6211078630954,315.89337568067464,14.33,4.13,83.8,0.0,0.6927399441161058
mini-truck,1,5000.0,3563.570565924189,660.0892546932038,7.63,17.19,89.7,0.0,0.6234453925205143
tempo,2,1200.0,373.82258976775165,76.91812696587341,14.41,3.31,53.7,0.0,0.7433186216806495
tempo,2,1200.0,1133.6493787117488,357.26451318241624,12.3,3.28,48.1,1.0,0.8352506414992004
mini-truck,1,5000.0,1582.0188848632965,469.2870988836496,7.36,14.9,98.2,1.0,0.7671069968229298
tempo,2,1200.0,901.5620974052447,690.0508373037964,12.53,5.2,52.7,1.0,0.8905367699219207
heavy-truck,0,10000.0,6683.117541494567,523.9046270524448,5.59,27.53,50.2,1.0,0.5385429752269117
tempo,2,1200.0,829.3222833670488,643.5676650209352,12.92,3.21,49.2,1.0,0.9820848276696806
delivery-van,3,800.0,540.5971039888285,272.63862576185426,11.13,1.74,54.2,1.0,0.8176116519104529
tempo,2,1200.0,786.6182273057962,587.0816356208745,15.36,4.72,60.8,1.0,0.9447526927898051
mini-truck,1,5000.0,922.8841394813392,346.5095519729814,6.61,15.31,91.8,1.0,0.8055634654202961
heavy-truck,0,10000.0,8907.669417204264,176.9775906464848,4.96,35.69,72.0,1.0,0.5119297300120005
heavy-truck,0,10000.0,2313.9860660432228,525.1610747973466,5.6,41.12,52.6,1.0,0.6195481474324898
mini-truck,1,5000.0,1104.847827411358,663.9218016975335,7.52,17.74,53.9,0.0,0.5879798461631719
tempo,2,1200.0,821.4594437780517,171.37817329440622,14.19,4.3,81.0,0.0,0.7477571957165802
delivery-van,3,800.0,503.1401896167586,667.0860483354551,10.59,2.55,59.2,1.0,0.910091159062637
heavy-truck,0,10000.0,9041.084076292418,169.76434638584934,4.52,41.93,94.0,1.0,0.6629820314558769
heavy-truck,0,10000.0,9527.853269481666,347.3355962622562,5.6,26.42,98.9,1.0,0.7626045933295729
tempo,2,1200.0,244.77446550313874,250.12006577549693,14.31,2.73,60.3,0.0,0.7807472747309065
tempo,2,1200.0,910.3580085402866,167.74867335777373,12.8,3.83,62.2,1.0,0.9966328848388467
delivery-van,3,800.0,424.8920555288837,302.09412947962244,11.69,2.27,99.9,1.0,0.9290269849967363
tempo,2,1200.0,288.56923699688315,569.5515038350645,14.19,2.45,83.0,1.0,0.9444060211398303
tempo,2,1200.0,870.8995102111224,129.588334020466,14.62,2.86,87.0,0.0,0.7137482576031695
tempo,2,1200.0,240.07339138383696,599.6035490908313,15.02,3.91,88.1,1.0,1.0
mini-truck,1,5000.0,2482.2368897506635,520.2266246143492,7.13,10.78,46.4,1.0,0.7025330488301743
heavy-truck,0,10000.0,2147.885376666638,96.97338317026336,4.63,36.38,77.5,1.0,0.536753419309212
mini-truck,1,5000.0,3730.865364696171,604.5313334954617,7.78,11.96,46.3,1.0,0.6246498280045324
mini-truck,1,5000.0,4962.832732660093,415.18222724741923,8.16,13.83,74.0,1.0,0.7557004521539408
heavy-truck,0,10000.0,4971.340273066661,181.75353913095321,4.37,22.93,51.0,0.0,0.422772996322626
heavy-truck,0,10000.0,6507.204883743868,595.2846110423299,4.75,22.97,86.1,1.0,0.7127145900250774
heavy-truck,0,10000.0,4377.757474309693,142.93558977243015,4.94,25.42,89.8,1.0,0.6638124509073334
tempo,2,1200.0,279.2333301557836,310.4489707980424,12.08,2.21,51.0,1.0,0.9257526707291114
heavy-truck,0,10000.0,5265.575961401876,325.0845098589299,5.34,41.73,62.0,1.0,0.3978495926584853
mini-truck,1,5000.0,2281.8500345975485,292.8547398515757,7.91,15.91,96.7,1.0,0.8356645527332563
heavy-truck,0,10000.0,4624.039278421275,622.7116306709702,4.36,30.35,91.3,1.0,0.6603967478119186
tempo,2,1200.0,1217.9442806573954,529.7211255393822,13.8,4.7,95.0,1.0,0.8786464568257595
tempo,2,1200.0,368.50133643467797,117.54304404290082,13.71,2.64,99.5,1.0,0.9908508271934406
mini-truck,1,5000.0,1091.2742377928498,493.16250908898377,7.35,20.45,56.9,1.0,0.6582138253472953
tempo,2,1200.0,773.4262172891083,532.227222695697,13.75,5.15,48.8,1.0,0.8588180254678772
mini-truck,1,5000.0,3756.2377228327186,395.62708446433703,6.94,14.28,48.7,0.0,0.5075655968386352
tempo,2,1200.0,435.2384380158412,121.99820769096569,15.81,5.11,99.1,1.0,0.8662001080561894
mini-truck,1,5000.0,1442.197768235206,332.9459055235446,8.41,19.34,68.1,1.0,0.702628690472397
tempo,2,1200.0,648.0974498709468,223.05096015594273,15.03,2.28,67.8,1.0,0.9293063420044075
tempo,2,1200.0,197.0092459622747,638.0704974253586,13.36,4.57,51.0,1.0,0.8070924373947211
mini-truck,1,5000.0,4721.499370426407,335.62694385672796,8.42,10.88,84.5,1.0,0.8715672408649683
mini-truck,1,5000.0,750.3010834065159,143.8355888478901,8.34,11.35,54.3,1.0,0.70525425380188
mini-truck,1,5000.0,5145.222444814706,681.3315028545477,7.49,13.68,74.4,1.0,0.6718426562809392
delivery-van,3,800.0,836.7755107026827,457.46738890677943,12.79,2.68,83.6,1.0,0.8784071222974286
heavy-truck,0,10000.0,9482.147323090025,531.8732869296437,4.47,20.34,81.6,1.0,0.7505764607147454
mini-truck,1,5000.0,1667.238860494235,119.30279765554154,8.3,20.22,67.3,1.0,0.7944800543011363
heavy-truck,0,10000.0,7950.258535385646,348.15535584701075,5.73,24.73,63.4,0.0,0.5226743991825401
delivery-van,3,800.0,467.3176958387919,468.894890409312,13.72,1.5,47.9,0.0,0.6453048667741261
heavy-truck,0,10000.0,7800.2058307126235,84.53190499103748,4.27,29.39,86.3,1.0,0.6426416165158785
delivery-van,3,800.0,570.4377497353136,628.3741460007086,12.31,3.35,75.0,1.0,0.8022554276424927
heavy-truck,0,10000.0,5670.0627575224535,621.4183786370057,4.79,21.71,90.1,0.0,0.5235120436567279
heavy-truck,0,10000.0,2948.3444774085947,82.45327465733808,5.33,39.17,93.9,1.0,0.5969045710684509
heavy-truck,0,10000.0,8967.238295021742,301.4900195874312,4.34,27.94,82.8,1.0,0.6270562243748095
tempo,2,1200.0,1060.7772353638336,405.4844656489388,13.82,5.27,51.5,1.0,0.8520034060839414
mini-truck,1,5000.0,1523.6139803218718,487.3771101106438,7.68,8.79,83.7,1.0,0.8403000643793337
delivery-van,3,800.0,739.6245290514336,510.1902080600835,13.54,2.54,96.2,0.0,0.8312439467815593
heavy-truck,0,10000.0,8846.017977687203,260.97975643638836,5.7,28.83,49.5,1.0,0.5411071273079366
mini-truck,1,5000.0,2321.2777006902725,694.7796816945578,7.47,8.53,70.0,1.0,0.8059829085632851
mini-truck,1,5000.0,3602.4467493682296,633.8263253713836,7.48,17.41,85.3,1.0,0.6967284871998878
heavy-truck,0,10000.0,3850.238223618721,604.9986345328795,5.03,29.52,79.2,1.0,0.6092161029394737
tempo,2,1200.0,229.13711581055966,254.62164673670225,15.75,2.07,54.3,1.0,0.92110821005626
heavy-truck,0,10000.0,6379.594608404445,567.1195983288138,4.27,38.63,77.2,0.0,0.3850504220771447
heavy-truck,0,10000.0,1515.946564225286,662.5843583616423,5.41,40.23,58.3,1.0,0.5032569589490477
mini-truck,1,5000.0,4154.58877986069,429.6901894375279,7.09,10.37,76.0,1.0,0.764869968026861
delivery-van,3,800.0,193.24443579674556,394.8889573565567,10.56,1.71,82.2,0.0,0.7185320888530373
tempo,2,1200.0,747.5522134436804,97.40661142202349,14.73,5.26,55.7,0.0,0.7985593753737856
heavy-truck,0,10000.0,7706.200727741855,437.76903737547406,4.47,43.54,85.7,1.0,0.5329496126398335
mini-truck,1,5000.0,1341.3020814599236,327.5166130219294,7.69,15.1,79.9,0.0,0.570140122766443
delivery-van,3,800.0,458.62142075181237,430.1869773701163,10.35,2.95,75.2,1.0,0.8627822473887444
heavy-truck,0,10000.0,2956.190840834778,383.7804983552779,4.82,18.79,61.4,1.0,0.6796619829664614
delivery-van,3,800.0,749.9670619187156,226.91007504548986,11.88,3.34,99.8,1.0,0.8290268926624966
heavy-truck,0,10000.0,2912.2199055399833,445.40188780523494,4.63,22.78,96.0,1.0,0.6327070800394419
tempo,2,1200.0,479.2055454875322,168.24457568771925,12.41,2.87,64.6,0.0,0.7231582450802174
mini-truck,1,5000.0,3305.399903302948,502.85671298021504,8.42,16.3,49.1,1.0,0.6310822293998003
heavy-truck,0,10000.0,5464.841568436796,302.07190619910966,4.79,41.64,57.3,1.0,0.5331520793281407
mini-truck,1,5000.0,880.1841922103744,480.0453804409932,7.12,10.5,98.4,1.0,0.7290744715348452
delivery-van,3,800.0,529.3648475507724,615.2902036006468,13.46,2.12,63.0,1.0,0.9368044678362606
heavy-truck,0,10000.0,5243.421793166928,574.2017991495388,5.13,26.03,52.8,1.0,0.6038235809235762
heavy-truck,0,10000.0,5895.311395231603,167.2559627630758,4.48,16.61,59.2,1.0,0.583497805458735
delivery-van,3,800.0,273.29931663175057,497.1378425472034,11.77,2.09,68.5,1.0,1.0
heavy-truck,0,10000.0,4791.423788278295,677.6383722629923,5.07,42.93,74.3,1.0,0.5451877861447535
tempo,2,1200.0,979.4501412789277,219.33793812946783,14.96,2.46,51.0,1.0,0.9634968960100904
heavy-truck,0,10000.0,7967.753647230001,547.0511011907381,4.57,42.91,87.3,1.0,0.5568965746915524
heavy-truck,0,10000.0,7644.566918376774,134.58606594645124,4.32,35.44,75.1,1.0,0.604833364957057
tempo,2,1200.0,694.5044337049741,478.6597701437865,15.48,3.76,63.7,0.0,0.8337746511520046
tempo,2,1200.0,583.5733973089423,406.0601056037603,13.2,4.03,69.2,1.0,0.8852425545012991
mini-truck,1,5000.0,4110.674272628857,251.77386304981596,7.23,13.08,81.3,1.0,0.736850920501458
tempo,2,1200.0,676.491911673965,86.64125547781488,12.1,3.0,89.1,0.0,0.758801076869519
heavy-truck,0,10000.0,6304.702739468766,498.72523971157034,5.08,21.1,69.1,1.0,0.6995828064556925
delivery-van,3,800.0,179.9695426691994,510.168244997456,10.37,3.09,56.0,1.0,0.8739495730178078
tempo,2,1200.0,393.814168319741,305.836741183376,14.59,4.55,64.3,1.0,0.9357670707281521
tempo,2,1200.0,531.4273971985662,505.2089316241938,15.82,4.19,80.3,0.0,0.6693075673124863
tempo,2,1200.0,426.9168200585905,646.2183100886309,14.84,3.05,67.1,1.0,0.873781001652023
tempo,2,1200.0,349.4112291796319,378.5420580605455,13.01,3.26,46.9,1.0,0.8414978069569671
delivery-van,3,800.0,379.55377115019536,486.6229597417029,11.64,1.88,72.4,1.0,0.9215480631815264
tempo,2,1200.0,745.5657419978942,254.5398222379597,12.32,5.24,85.3,1.0,0.9030421491651721
mini-truck,1,5000.0,4662.340337432763,382.75213741056905,7.4,12.74,83.7,1.0,0.7095160871290864
mini-truck,1,5000.0,3221.7337304965595,575.0453391058112,7.24,8.3,64.0,0.0,0.6538112184427873
delivery-van,3,800.0,628.2828277882758,657.7512030677165,12.98,2.16,63.9,1.0,1.0
tempo,2,1200.0,1050.088850106782,309.4792258792087,12.42,2.05,99.3,0.0,0.8196704449921776
mini-truck,1,5000.0,4519.0519708338425,292.43962199837404,6.84,18.14,79.4,0.0,0.5450202062817201
heavy-truck,0,10000.0,6660.479201295368,186.73392242280016,5.63,33.35,76.5,1.0,0.5548552389412414
mini-truck,1,5000.0,3590.5248355874824,396.65007873146885,6.65,13.96,46.0,1.0,0.7122380985070279
mini-truck,1,5000.0,2158.5340814055394,278.796750718084,7.15,21.6,84.4,1.0,0.7082488707555772
delivery-van,3,800.0,637.673423745533,284.65801711120207,11.45,3.48,73.4,0.0,0.6981926752865708
tempo,2,1200.0,436.57872739862825,657.5455375875425,12.64,4.76,62.6,0.0,0.7261381103011414
mini-truck,1,5000.0,2709.941838365642,533.6631477756927,8.5,17.62,87.1,1.0,0.7404196348616929
mini-truck,1,5000.0,1666.2003866713042,354.03809678086714,7.88,11.83,52.5,1.0,0.860098537747958
delivery-van,3,800.0,560.4486018403395,688.6469072935,13.79,3.26,99.9,0.0,0.9102359714957032
delivery-van,3,800.0,602.7788736213606,67.57115592174948,11.53,1.82,99.8,1.0,0.8768708139019177
heavy-truck,0,10000.0,1815.6059570960967,312.4392096348863,5.61,40.23,79.4,1.0,0.5460713548793225
heavy-truck,0,10000.0,7785.981896193205,104.14810438059149,4.43,27.86,48.6,1.0,0.5036319417836346
heavy-truck,0,10000.0,3094.878693291139,445.907287516996,5.69,20.27,70.9,1.0,0.6469029643762018
heavy-truck,0,10000.0,7540.644639138899,654.4357305841836,5.39,25.89,99.1,1.0,0.69195475309551
tempo,2,1200.0,202.86793368776026,533.5307017552598,14.74,4.75,91.7,1.0,0.9573904258996143
heavy-truck,0,10000.0,2321.254469376966,130.29164615496404,4.43,23.3,86.5,1.0,0.7527663856698256
delivery-van,3,800.0,498.91531560913506,142.81686914917984,10.39,1.64,54.7,1.0,0.8005887689844742
tempo,2,1200.0,1040.6969293751563,557.369389889096,12.17,2.82,69.8,0.0,0.8156635875484887
delivery-van,3,800.0,800.585024268212,591.2023812912716,12.34,1.8,53.6,1.0,0.785697617496442
heavy-truck,0,10000.0,7110.506642814883,588.857223611817,5.2,26.57,65.9,1.0,0.5690819150155783
mini-truck,1,5000.0,2502.4310068759974,394.2055788327324,8.5,15.9,78.3,1.0,0.7911494241076757
tempo,2,1200.0,1189.7865551813939,472.0096223587409,14.7,3.68,97.7,1.0,1.0
heavy-truck,0,10000.0,2870.6525982371336,301.4275286666109,5.23,42.94,90.6,1.0,0.5923534580795388
mini-truck,1,5000.0,835.3655986347319,582.2902746274893,8.08,16.41,91.6,1.0,0.7030695002463395
heavy-truck,0,10000.0,2142.7061329782023,650.921063095081,5.75,41.1,71.8,0.0,0.32061291599757125
tempo,2,1200.0,866.0163068025496,593.9025749033449,14.56,4.32,80.4,1.0,1.0
tempo,2,1200.0,565.3466825022418,191.4193462470086,13.0,5.03,79.7,1.0,0.920833455403424
tempo,2,1200.0,1243.5752109560267,290.24918964865657,15.12,4.63,71.7,1.0,0.8369995739886691
mini-truck,1,5000.0,5202.677961985019,612.6312511764102,6.7,19.85,53.8,1.0,0.6313266831224157
mini-truck,1,5000.0,3648.1010618497216,583.3505035270279,6.74,14.34,47.1,1.0,0.7858855812519466
tempo,2,1200.0,228.46190068046596,588.578154149964,12.45,4.66,62.1,0.0,0.7644676027523878
delivery-van,3,800.0,405.3139892523,417.4458823783536,13.15,1.87,48.9,1.0,0.8674176345206212
heavy-truck,0,10000.0,9001.037001005863,253.34843344657955,4.39,17.03,53.9,1.0,0.6535732483029214
delivery-van,3,800.0,279.0612628974725,373.0378532340973,11.76,1.77,59.3,1.0,0.8212473501788282
tempo,2,1200.0,264.94561489970414,160.14067314630537,14.21,2.94,55.7,0.0,0.8547786968683683
heavy-truck,0,10000.0,5844.663476276819,379.637060207874,4.34,41.42,73.9,1.0,0.43506793801784344
mini-truck,1,5000.0,1108.9696332680398,510.12868773738865,6.53,21.14,72.7,1.0,0.6451330554697228
heavy-truck,0,10000.0,6132.551754979423,206.6954747795703,5.55,24.75,60.1,1.0,0.6768102521908035
delivery-van,3,800.0,743.24190442467,221.47758534968693,11.52,1.31,98.6,1.0,0.9816278740802156
heavy-truck,0,10000.0,4772.091538666567,504.95552915421507,5.53,34.59,83.9,1.0,0.585031976545178
delivery-van,3,800.0,829.1231293211448,199.7588795700617,13.36,3.33,84.0,0.0,0.7186158748665473
heavy-truck,0,10000.0,5786.199030097807,685.9142290694197,5.09,25.38,52.8,0.0,0.4787035700978344
heavy-truck,0,10000.0,8440.305725902843,327.71249958875455,5.46,20.81,72.8,0.0,0.43521547437131813
mini-truck,1,5000.0,2981.559378516666,495.58223212526434,7.02,10.34,75.4,1.0,0.7408270826583817
tempo,2,1200.0,800.485976965192,168.32839092727724,12.89,2.05,84.9,1.0,1.0
heavy-truck,0,10000.0,2592.095982894455,654.6149349524695,5.05,29.57,53.2,1.0,0.5109438787688527
delivery-van,3,800.0,403.26580414328185,540.294072834986,13.05,2.09,74.3,0.0,0.6952163597471701
tempo,2,1200.0,366.2313900483072,289.3813632824375,12.93,4.0,58.4,1.0,0.8151237734683566
heavy-truck,0,10000.0,6573.919636425581,255.27164931779907,4.32,25.29,55.0,1.0,0.5702674565660096
delivery-van,3,800.0,582.790092402581,690.4965880058388,11.16,3.48,72.5,1.0,0.7978488405596149
tempo,2,1200.0,606.1016098131302,74.03513457259038,15.8,4.6,67.7,1.0,0.9276364633691214
heavy-truck,0,10000.0,6706.804604188137,699.3061303284439,5.44,35.73,62.6,0.0,0.4035105364515985
delivery-van,3,800.0,419.55430990680054,602.6783397421199,13.42,1.81,58.3,0.0,0.7388728527032475
heavy-truck,0,10000.0,5903.982013997199,562.8103479191021,4.53,18.03,73.6,1.0,0.6771683612415123
heavy-truck,0,10000.0,7544.90411620392,257.5623964387868,4.67,40.35,98.1,1.0,0.4893829162355957
delivery-van,3,800.0,622.2469190170918,266.1283187174768,12.04,3.36,98.9,1.0,0.9617708809494605
mini-truck,1,5000.0,1348.2098467111136,347.8047886899963,7.92,9.34,78.8,1.0,0.7714161151559824
mini-truck,1,5000.0,2141.5977429847317,426.4734492074627,6.63,13.3,68.0,1.0,0.8210364482918431
mini-truck,1,5000.0,1992.930950132935,321.18027119576607,8.55,12.45,89.0,1.0,0.7797528563151291
heavy-truck,0,10000.0,9205.149974457432,695.2452911801361,5.62,20.61,50.5,1.0,0.7205953721352157
heavy-truck,0,10000.0,7483.070265863243,584.1711303019418,5.38,43.24,98.3,1.0,0.5141438808368837
mini-truck,1,5000.0,1429.4840905399053,215.138840389238,7.09,19.19,89.1,1.0,0.7475158387280658
tempo,2,1200.0,792.0482716135175,668.4562720642625,13.42,3.39,46.1,0.0,0.72850712060523
tempo,2,1200.0,1013.9610156183435,403.4397378896552,12.75,4.92,45.5,1.0,0.8944152324144784
mini-truck,1,5000.0,3956.0501672953515,507.7131419194916,6.65,8.51,74.8,1.0,0.767308351413668
tempo,2,1200.0,823.8550199688715,112.8461424923077,12.76,5.16,57.1,1.0,0.9128599234029187
delivery-van,3,800.0,676.7326928729474,78.75079732836284,13.39,3.27,89.3,0.0,0.8497169303315684
mini-truck,1,5000.0,2767.0836361929773,475.71252621009796,8.55,14.07,83.2,1.0,0.8033412247218783
mini-truck,1,5000.0,3740.350659666175,390.7218356270008,6.63,21.49,88.8,0.0,0.5651572719898866
delivery-van,3,800.0,834.5980656087871,683.9573871820199,12.41,2.67,98.0,1.0,0.8188461286599207
mini-truck,1,5000.0,3781.0260393889794,538.2887711927234,7.17,21.76,59.1,1.0,0.6864228904407971
tempo,2,1200.0,216.42134636788668,216.34896161941754,11.96,4.77,98.5,1.0,0.9056437539091431
heavy-truck,0,10000.0,4769.982717004596,408.1253931686177,4.44,24.08,80.3,1.0,0.5534895806423047
tempo,2,1200.0,1045.6533263067117,72.14840460095608,13.16,4.9,69.6,1.0,0.9436666736297261
heavy-truck,0,10000.0,6517.0691324105965,378.1629233727475,5.45,20.9,46.2,1.0,0.690521877705844
heavy-truck,0,10000.0,6246.355224931976,366.85929209692756,4.48,21.56,91.3,0.0,0.5659153913648108
heavy-truck,0,10000.0,4568.150121293472,496.6886466927799,4.48,28.29,48.0,1.0,0.5490576764700908
mini-truck,1,5000.0,5220.990623520694,189.63504063792115,8.25,17.64,76.2,0.0,0.48475153250022185
mini-truck,1,5000.0,4674.12385352671,380.480156561013,7.99,18.29,66.3,1.0,0.6939374128129171
delivery-van,3,800.0,471.9517834913598,267.382688432672,10.77,1.69,64.6,1.0,0.8917340144797233
heavy-truck,0,10000.0,3993.765157425665,373.67580242410656,4.48,25.65,75.3,1.0,0.5279759341732462
delivery-van,3,800.0,728.1300430917597,642.9104691898425,13.48,1.98,95.0,1.0,0.9542295833076401
mini-truck,1,5000.0,4023.7040010528954,345.2796004043522,7.92,12.17,64.1,1.0,0.7876207728998297
tempo,2,1200.0,973.8468446393279,381.4301813095302,14.18,2.11,53.4,1.0,0.8838929702611407
mini-truck,1,5000.0,4651.369734862566,238.77376733350565,6.61,16.25,49.2,0.0,0.525188264191091
mini-truck,1,5000.0,1970.9382881707759,264.9314612980174,7.63,9.11,66.9,0.0,0.7154507103700745
delivery-van,3,800.0,421.907451365778,491.66766232915506,10.63,2.99,80.3,1.0,0.7927871304058094
mini-truck,1,5000.0,3125.091160359555,538.6631652023373,8.6,20.53,79.6,1.0,0.7434383349712173
heavy-truck,0,10000.0,1708.403933715231,340.6648910368605,4.69,24.81,62.1,1.0,0.6013991227136345
tempo,2,1200.0,1231.2275922252757,373.5249323874934,13.15,3.62,84.6,1.0,0.8869492339314616
tempo,2,1200.0,859.3496923053804,262.1269254557655,12.86,2.73,61.2,1.0,0.8945839551285432
tempo,2,1200.0,312.38242845564423,148.5705712345012,15.55,2.59,89.9,1.0,0.968977953507689
heavy-truck,0,10000.0,3725.4253878384934,409.8825859724217,5.3,36.49,65.8,1.0,0.5442352867241941
delivery-van,3,800.0,383.9559740955581,610.010612422649,11.2,3.34,97.2,1.0,0.948890030341407
delivery-van,3,800.0,162.69328171604832,231.03256824704056,12.88,1.3,90.7,0.0,0.8684484566618228
tempo,2,1200.0,333.081704622417,208.514629580813,12.14,3.65,59.1,1.0,0.8363315569160609
heavy-truck,0,10000.0,1822.805076188472,545.4710480502042,5.42,24.63,84.2,1.0,0.6029042677643965
tempo,2,1200.0,563.2718536383131,147.71555315721855,15.76,4.16,51.1,0.0,0.6739099767252322
mini-truck,1,5000.0,4159.527107561327,556.6363013138737,8.41,12.43,96.6,1.0,0.8034304364924645
tempo,2,1200.0,674.5802835580323,690.7459568344619,15.99,5.25,66.8,1.0,0.8570850632588815
mini-truck,1,5000.0,1602.7545235629061,581.5471230454175,6.72,16.3,81.7,1.0,0.6925248063390307
tempo,2,1200.0,447.6407465675684,474.66162505485204,12.47,2.74,70.5,1.0,0.8388303117236504
delivery-van,3,800.0,676.6113286783335,572.1512759327333,13.57,2.23,72.4,1.0,0.9760272748178422
heavy-truck,0,10000.0,6818.330282730849,282.79525772577904,4.8,30.03,51.7,1.0,0.6704036606717363
heavy-truck,0,10000.0,7105.936892482535,114.92479947246068,4.47,20.43,48.7,1.0,0.6172609819952921
tempo,2,1200.0,834.6838839946802,133.44182204815843,12.24,3.96,75.2,1.0,0.9218626737034528
delivery-van,3,800.0,822.0695652439297,84.34157852990317,13.34,1.64,48.3,0.0,0.6494070108928526
heavy-truck,0,10000.0,9743.709779529694,476.8970059328041,5.37,20.16,73.1,1.0,0.6627594119427175
heavy-truck,0,10000.0,6080.755046112288,512.2639593624219,5.03,18.15,91.5,0.0,0.5984078147731005
heavy-truck,0,10000.0,9492.100632245825,282.1657159000603,5.29,29.42,73.8,1.0,0.6685110876042017
mini-truck,1,5000.0,2914.5585824350196,153.92491188962117,7.49,19.7,55.3,1.0,0.6786493186991764
mini-truck,1,5000.0,5240.159839799212,471.4425682189472,6.78,14.8,62.4,1.0,0.629960431355261
heavy-truck,0,10000.0,10471.863908617262,672.8972329379309,5.4,42.85,93.0,1.0,0.46638682119839214
mini-truck,1,5000.0,1385.786511204064,406.6245457109011,8.07,14.61,52.0,1.0,0.7033927244506399
tempo,2,1200.0,433.9582080838627,667.1785833487128,13.37,3.09,77.7,1.0,0.9601943532866783
tempo,2,1200.0,900.6972293995406,576.8031858973065,12.01,4.12,47.8,0.0,0.7021524942395625
mini-truck,1,5000.0,1699.3483494334632,514.8460378628538,7.54,8.76,77.7,0.0,0.5648108267462049
mini-truck,1,5000.0,1726.6706311082903,529.2167770678273,8.57,15.55,65.7,1.0,0.6907555395087116
delivery-van,3,800.0,511.2019108880367,182.2698761787026,13.28,2.1,94.0,1.0,0.9366109452731974
delivery-van,3,800.0,710.197637187195,108.21213076181337,11.2,2.87,50.3,1.0,0.8270330393869779
delivery-van,3,800.0,212.4412491638051,115.4293963129129,10.23,3.48,58.0,1.0,0.8548617712550646
tempo,2,1200.0,828.7090002727307,468.25809663577905,15.35,5.24,63.1,1.0,0.9382037192130851
heavy-truck,0,10000.0,3860.1380874241686,586.0899410692655,5.04,21.18,71.9,1.0,0.6733622816331901
heavy-truck,0,10000.0,4402.97394941666,575.3163123651733,4.87,33.16,82.1,1.0,0.5452222088432934
mini-truck,1,5000.0,5095.673651525833,341.8236535058235,6.51,12.23,54.4,1.0,0.5869920953265927
tempo,2,1200.0,971.2265901599084,398.71109404613117,13.54,4.75,88.8,1.0,0.8644371304122305
mini-truck,1,5000.0,3870.595087933622,337.6734305687205,7.98,17.86,99.6,1.0,0.8356090330616757
tempo,2,1200.0,391.1312804458716,466.3635341876679,14.86,4.36,88.1,1.0,0.9027788813239901
mini-truck,1,5000.0,3593.8010698568546,254.60069263922065,7.75,8.73,90.5,0.0,0.6898355456469943
tempo,2,1200.0,904.1387723242843,264.5726616002203,13.07,4.16,80.7,1.0,0.9046442513278876
heavy-truck,0,10000.0,5797.568310331945,685.221268523232,4.33,40.6,59.6,0.0,0.3223533246205934
heavy-truck,0,10000.0,6531.670103951822,653.7238748083581,5.28,25.0,97.3,0.0,0.5544735421195759
mini-truck,1,5000.0,3279.8106874483165,286.2117154945771,6.41,18.6,64.1,1.0,0.6658214676499212
mini-truck,1,5000.0,3804.282074789741,125.89721492664765,8.37,16.29,60.3,1.0,0.7228818395118601
delivery-van,3,800.0,656.8652422862144,633.2444986038089,13.44,1.81,76.1,1.0,0.8178788265134718
delivery-van,3,800.0,268.3487140173624,107.18299771793937,13.57,1.39,84.7,1.0,1.0
heavy-truck,0,10000.0,3588.571184137281,527.1524390242967,4.48,34.25,77.7,0.0,0.41837692273159544
tempo,2,1200.0,1159.2843755373467,255.5951803668036,15.58,2.66,65.3,0.0,0.8116842303094127
mini-truck,1,5000.0,1359.3526046665022,105.48803065555973,8.62,18.02,53.6,1.0,0.6642732768654602
heavy-truck,0,10000.0,9220.160551091216,83.65719036460128,5.65,25.25,86.1,1.0,0.6573058200091197
heavy-truck,0,10000.0,7009.889703047876,430.21350710264477,4.66,16.8,57.9,0.0,0.5466347873750838
delivery-van,3,800.0,697.9500347087323,391.0777275161106,13.45,3.33,78.3,1.0,0.981237915273534
heavy-truck,0,10000.0,9285.342011239278,358.8679761906147,4.72,36.21,84.9,0.0,0.44712142783478676
heavy-truck,0,10000.0,7798.703448244736,229.5124223556155,4.77,30.59,79.6,1.0,0.5197968824802722
mini-truck,1,5000.0,4996.1899898386155,225.7145109521636,7.86,17.81,74.7,1.0,0.7133996886701213
mini-truck,1,5000.0,2385.0144962057993,692.0837428711759,8.43,13.83,48.6,1.0,0.6851434974845063
mini-truck,1,5000.0,4982.073603431255,391.64281308334773,6.7,18.21,84.9,0.0,0.5513461748358175
tempo,2,1200.0,1027.5385508850497,694.0121515757643,15.88,4.43,59.5,1.0,0.9735644277022104
mini-truck,1,5000.0,3358.1819456574403,233.94214241160597,6.59,12.07,88.7,1.0,0.7655002303214313
delivery-van,3,800.0,757.0332213084017,414.0156400978546,13.49,2.83,89.0,0.0,0.7911291589163754
tempo,2,1200.0,234.57001432281993,354.5825671493004,14.61,5.05,79.1,1.0,0.9636482968897605
tempo,2,1200.0,928.4024518649267,470.9728911108192,13.71,3.25,61.4,1.0,0.9362890793493339
delivery-van,3,800.0,305.0932673874774,361.8521821634365,10.54,2.65,75.3,1.0,0.9532163296934838
mini-truck,1,5000.0,2007.2537572083659,354.22787647464276,7.85,17.57,63.9,0.0,0.5869939143397526
mini-truck,1,5000.0,4787.889829201347,61.085788673284966,8.5,9.88,67.7,1.0,0.7129620230882059
tempo,2,1200.0,613.9859912773859,585.2791772135146,13.85,2.0,80.2,1.0,0.9630914857788211
heavy-truck,0,10000.0,5945.822772317936,91.75948055246195,5.12,42.66,60.2,1.0,0.4729561268195172
tempo,2,1200.0,1067.7115739725866,145.71525113931096,13.25,5.28,82.8,1.0,0.9806767201195521
delivery-van,3,800.0,643.5313978413836,317.24461027228494,13.22,3.28,89.4,1.0,0.9017551760233581
delivery-van,3,800.0,252.33979023583316,384.2950624743222,11.46,1.92,91.9,1.0,0.9119685062016948
heavy-truck,0,10000.0,6771.950539539335,600.4226660793331,5.08,36.7,67.8,1.0,0.5052839661962044
delivery-van,3,800.0,126.098941098147,295.22724254693406,11.01,3.44,92.5,1.0,0.8010094078949185
tempo,2,1200.0,831.4632114879685,532.4595456501993,14.39,3.02,79.4,1.0,0.92042095836361
delivery-van,3,800.0,432.57457281309956,89.8203006395083,12.99,1.83,95.3,1.0,0.9926917529047732
mini-truck,1,5000.0,4272.856373646165,259.74045599073565,6.59,13.62,66.2,1.0,0.7522315901074618
heavy-truck,0,10000.0,2510.9653036211726,698.8280896058479,4.82,25.45,95.6,0.0,0.5615275552163852
heavy-truck,0,10000.0,8485.274950059482,284.96810496015877,5.22,26.03,89.7,1.0,0.5541982334269524
heavy-truck,0,10000.0,9172.063114618939,424.78706457714975,5.09,42.18,74.8,1.0,0.5344231609453034
heavy-truck,0,10000.0,4669.0945175636825,631.5546952965599,4.95,26.7,47.8,1.0,0.6324674377191747
tempo,2,1200.0,589.2727850361566,358.59112978644015,15.16,2.19,76.6,1.0,0.9318310613175264
mini-truck,1,5000.0,2999.3742837548,318.2929288953264,6.82,20.41,77.8,1.0,0.6856900950809123
tempo,2,1200.0,725.8642478290225,613.3318112756363,12.66,2.94,75.4,1.0,0.9700649386583363
delivery-van,3,800.0,417.65625839276066,687.7444929711486,12.43,2.33,51.4,1.0,0.945736754632223
delivery-van,3,800.0,828.5724461261834,697.3482954255298,10.57,3.51,89.6,1.0,0.7687889919712404
mini-truck,1,5000.0,3502.63765908332,166.506963182797,7.2,9.52,59.8,1.0,0.7968756736677198
mini-truck,1,5000.0,2333.3156865795672,294.6089898679753,6.84,21.42,97.0,0.0,0.5697273257420548
tempo,2,1200.0,794.521507079206,106.53615827692285,13.13,3.01,57.2,0.0,0.7318509469171189
delivery-van,3,800.0,730.4996395615298,330.6992943737549,12.53,1.45,95.5,1.0,0.95147864112442
heavy-truck,0,10000.0,1797.6466254728577,548.0880968256216,5.17,32.62,51.0,0.0,0.40033140856806715
heavy-truck,0,10000.0,1881.7959805558717,628.9656759708702,4.91,25.58,73.1,1.0,0.6775326754091245
mini-truck,1,5000.0,4910.567213686564,420.7857786568325,7.94,20.7,52.7,1.0,0.7050816490158431
delivery-van,3,800.0,356.2121301954682,381.79466747804895,11.9,1.72,73.8,0.0,0.7312053818658281
delivery-van,3,800.0,131.1101185910451,658.2350044227771,10.37,2.7,63.2,0.0,0.6557316125427624
mini-truck,1,5000.0,2011.3269473630858,528.5077152010506,8.4,20.01,75.9,0.0,0.5916956747556138
tempo,2,1200.0,622.5506976043898,346.6779352999203,13.47,5.21,77.9,1.0,0.8821107933802809
delivery-van,3,800.0,764.9703905867821,434.6385966677002,12.01,3.27,92.6,1.0,0.9637551209890198
delivery-van,3,800.0,400.05288161984635,666.672562201463,12.48,2.79,57.4,1.0,0.9060903939774709
mini-truck,1,5000.0,1719.1249862223415,591.8955017476483,6.42,13.51,91.7,1.0,0.7642044737656898
tempo,2,1200.0,321.47249177183824,137.9690061728059,14.76,2.97,75.1,1.0,0.9550452144949322
heavy-truck,0,10000.0,8290.867905375753,436.02767664437465,5.27,37.26,62.5,1.0,0.5609053855375583
mini-truck,1,5000.0,2902.6200171481014,196.8637382652564,7.93,11.74,47.2,1.0,0.7700956518042431
delivery-van,3,800.0,212.64061165795022,690.5743585561374,13.36,2.7,88.9,1.0,0.9997391074485308
tempo,2,1200.0,1144.4622885410142,199.10118231299478,13.96,4.05,96.2,0.0,0.770912677706118
tempo,2,1200.0,1162.2684732773657,203.099716091384,15.46,2.76,84.9,1.0,0.9485191138690868
tempo,2,1200.0,253.08963256513525,533.8021719235476,14.59,3.84,79.2,1.0,0.8537419928490848
mini-truck,1,5000.0,2073.1214343362626,98.50340707937207,6.65,8.94,65.2,1.0,0.7710243563648188
mini-truck,1,5000.0,4917.090813603051,656.0690767779673,8.39,8.07,56.1,1.0,0.6746940184696687
mini-truck,1,5000.0,1533.434082340726,521.3882067830463,8.28,21.13,68.3,1.0,0.6510362697251558
heavy-truck,0,10000.0,9006.538591257433,92.48388848902032,5.34,24.18,47.5,1.0,0.6103752843386058
delivery-van,3,800.0,369.8840577561752,540.2537323622182,13.05,1.68,97.4,0.0,0.9060405792649459
tempo,2,1200.0,651.4523821413156,120.50950694951396,15.25,2.78,86.9,1.0,1.0
tempo,2,1200.0,887.6561287124962,183.32187330763395,15.08,4.03,69.8,0.0,0.7924659813337253
tempo,2,1200.0,988.224608937322,651.051803391179,12.95,3.04,69.4,1.0,0.8688355406446602
tempo,2,1200.0,339.93687027101225,151.30104157745342,13.24,4.89,91.3,1.0,0.9421307562074577
delivery-van,3,800.0,480.93247871329623,226.43467321894377,12.69,1.76,56.8,1.0,0.8163137544591452
mini-truck,1,5000.0,4791.007220687258,486.70293005161506,7.76,19.1,83.8,0.0,0.6063884591802323
delivery-van,3,800.0,550.0003653994231,327.6463872317471,10.76,2.82,59.0,1.0,0.9037262839167841
heavy-truck,0,10000.0,6748.19240149812,610.5185104695719,5.46,42.27,77.2,1.0,0.5140503700292338
heavy-truck,0,10000.0,5934.624171819713,94.25662329985684,4.97,35.85,99.8,1.0,0.503276686368499
delivery-van,3,800.0,450.62455070154704,554.8140131991523,11.49,3.18,59.4,1.0,0.8647343360430042
delivery-van,3,800.0,636.3738527007681,494.7151495398397,10.76,2.73,75.4,0.0,0.7249322108688365
mini-truck,1,5000.0,4845.70401236163,139.95997100370573,6.5,21.38,56.7,1.0,0.6659836894698773
mini-truck,1,5000.0,4971.633880536138,598.5380539964243,8.62,21.67,71.5,1.0,0.7005805099780389
heavy-truck,0,10000.0,1514.2596855787024,433.79599105760224,4.93,25.27,94.5,1.0,0.7014488827257899
tempo,2,1200.0,449.1931624782989,286.0414903175123,14.37,3.19,59.1,0.0,0.8085666091673119
tempo,2,1200.0,983.2253513950403,169.7413645817933,13.71,3.44,75.3,0.0,0.7549989027235953
tempo,2,1200.0,385.59532280327227,368.95520235629994,12.18,2.75,62.8,0.0,0.740739343509343
delivery-van,3,800.0,152.47328589339682,591.6504523389058,10.43,3.07,76.6,1.0,0.7862228059926917
heavy-truck,0,10000.0,2802.381289693562,659.6076346454956,4.3,18.47,75.4,1.0,0.6479405463125286
mini-truck,1,5000.0,1626.4519581689954,388.8141278687377,8.42,13.63,45.5,1.0,0.657985035830755
heavy-truck,0,10000.0,8997.594706468475,226.34933617343654,5.59,24.2,69.0,1.0,0.5483398822005667
heavy-truck,0,10000.0,9658.671016320957,291.82770657374977,5.48,21.27,67.3,1.0,0.6871007180216121
mini-truck,1,5000.0,4610.98479198034,220.52407080072607,6.6,11.77,72.1,1.0,0.7274062355620509
mini-truck,1,5000.0,4026.3593489538325,236.76607707822336,7.18,11.24,67.5,1.0,0.8099313684201984
mini-truck,1,5000.0,3503.027929514724,672.0780761825695,8.6,19.77,50.8,1.0,0.6572023325164529
mini-truck,1,5000.0,1915.365132005071,531.8826735434869,7.61,15.47,46.0,1.0,0.7323130672747251
delivery-van,3,800.0,133.75202525953551,174.8206183207356,10.38,1.42,98.6,1.0,0.9366921320817712
delivery-van,3,800.0,327.0397943397995,692.3008357792562,13.48,2.12,55.0,1.0,0.8420968769826718
heavy-truck,0,10000.0,10465.654479029216,620.7685619459639,4.84,29.76,58.1,1.0,0.4266445815786145
mini-truck,1,5000.0,3459.7245697197427,102.22224572846052,7.26,21.2,69.2,0.0,0.5190307112479835
mini-truck,1,5000.0,2141.474831905102,260.2842151783511,7.47,17.54,86.7,0.0,0.6659476546081073
mini-truck,1,5000.0,2390.9559693446627,428.39998242806473,7.96,19.71,61.3,1.0,0.7125039779092278
tempo,2,1200.0,246.2894426085005,405.8635955463601,13.79,4.66,54.5,1.0,0.9220042832374786
mini-truck,1,5000.0,2033.4983455665085,670.5495721645088,6.39,19.9,59.2,0.0,0.5276569310102649
delivery-van,3,800.0,608.932722709424,362.2370155214951,12.57,3.48,67.6,1.0,0.8796808321262649
heavy-truck,0,10000.0,5384.763118854146,382.87700956078993,4.27,32.38,86.5,1.0,0.6022081603863055
delivery-van,3,800.0,184.08946743512945,610.4728051894855,10.34,2.83,64.3,1.0,0.8799577787583438
delivery-van,3,800.0,473.4475193273104,514.1905081776026,13.55,2.17,61.4,1.0,0.9354897308504122
tempo,2,1200.0,369.6673642390322,553.7993138501517,13.52,3.12,56.6,1.0,0.9119914625085568
tempo,2,1200.0,827.9717797107104,693.4041742642687,14.02,5.15,62.5,1.0,0.9586157358790972
mini-truck,1,5000.0,2359.5490102814947,604.8445161869437,7.23,12.65,93.4,1.0,0.778152340429805
tempo,2,1200.0,196.58690233997925,492.1953041743074,12.58,2.54,96.2,1.0,0.9881710092933097
delivery-van,3,800.0,326.07618091095816,161.51162079530218,10.29,2.89,49.7,1.0,0.9256172679022944
heavy-truck,0,10000.0,5948.365769360754,538.9696238754022,5.47,27.04,88.1,1.0,0.6709589209577033
heavy-truck,0,10000.0,4278.002769465605,611.3538576663917,4.63,42.25,71.2,1.0,0.5739977054479195
delivery-van,3,800.0,640.6401593700351,249.3069390807866,12.41,1.82,57.1,1.0,0.9153914010920623
mini-truck,1,5000.0,4712.1098982320045,424.69581958694283,6.81,8.43,64.3,1.0,0.842627889167357
tempo,2,1200.0,273.6583302111537,580.788361484424,12.88,3.45,65.3,0.0,0.7057830593125666
tempo,2,1200.0,283.20065379811496,135.0450397672344,13.97,4.37,74.0,0.0,0.811621630324549
heavy-truck,0,10000.0,4398.696449871016,562.72396785193,4.85,27.08,45.0,1.0,0.5077993062792235
heavy-truck,0,10000.0,6692.998630799142,668.1640928223139,4.8,20.31,59.7,1.0,0.6777997258840156
heavy-truck,0,10000.0,5398.174893345527,599.1775864107244,5.15,40.09,62.4,1.0,0.47777199226026895
delivery-van,3,800.0,554.3818496034512,152.33695349516546,12.92,2.14,81.2,1.0,0.8350954564787345
mini-truck,1,5000.0,1092.7332105072433,423.15618398517444,8.46,10.29,76.2,1.0,0.7624508055361827
heavy-truck,0,10000.0,6042.02066645148,460.70629366302387,5.66,43.51,71.5,1.0,0.4572194945520903
heavy-truck,0,10000.0,8661.619120428822,238.70051307303015,4.67,19.13,66.1,1.0,0.7311940261892929
mini-truck,1,5000.0,5170.511978002505,269.31205382258787,7.23,12.18,52.0,1.0,0.6519192188396751
heavy-truck,0,10000.0,10220.217283321263,371.92270332939444,4.71,43.96,87.6,1.0,0.37818792472252133
mini-truck,1,5000.0,4920.108231999399,372.61256051826086,8.47,17.16,59.5,1.0,0.6645939416986716
tempo,2,1200.0,996.6453748738038,412.89461828049207,13.12,3.47,48.0,1.0,0.9649819085656426
mini-truck,1,5000.0,2295.8572408983578,492.34682560856515,6.77,12.65,89.2,1.0,0.6727135244108011
heavy-truck,0,10000.0,5076.762161635473,512.3124063103693,5.13,16.73,50.9,0.0,0.5358886991140003
heavy-truck,0,10000.0,3522.398223583031,108.8692569504321,5.55,36.76,55.6,1.0,0.47400993093434607
delivery-van,3,800.0,545.8391794304956,688.8000105322764,11.9,2.68,94.9,0.0,0.793503013355062
delivery-van,3,800.0,320.7276300702504,355.5389177243511,10.93,1.86,80.1,1.0,0.8766069878006199
mini-truck,1,5000.0,2677.4416997678322,453.87169903609566,8.21,14.86,81.9,1.0,0.7799781612041373
mini-truck,1,5000.0,1541.8279637995008,507.71410054830403,7.5,19.17,70.6,1.0,0.6817547682659151
delivery-van,3,800.0,800.6723475121621,150.5797847730762,11.72,1.52,78.8,1.0,0.7147002205886908
heavy-truck,0,10000.0,5779.713349151796,150.1314082587237,4.8,40.51,82.0,1.0,0.5482868832117554
mini-truck,1,5000.0,2936.088669355997,599.4912416408542,6.47,13.02,77.0,1.0,0.7903957947901719
heavy-truck,0,10000.0,2468.014109846376,67.94349277163214,5.62,37.17,77.3,0.0,0.45722908296285697
delivery-van,3,800.0,514.0455131943673,323.4057581322668,12.43,2.14,79.9,1.0,0.9439203568597183
delivery-van,3,800.0,642.4371100794637,447.7392023215357,10.5,1.93,96.1,1.0,0.8498702766993712
tempo,2,1200.0,1044.4854073475854,132.50543311250004,14.25,3.85,83.0,1.0,0.950686892138809
mini-truck,1,5000.0,3289.1104232516095,658.1975846714283,7.0,21.03,59.8,0.0,0.4881035574233613
heavy-truck,0,10000.0,3136.385616328978,258.2404809414726,4.43,34.14,76.1,1.0,0.5071381614636178
tempo,2,1200.0,987.2303800730763,278.46526860062727,11.92,2.26,79.2,1.0,0.9511449851014224
heavy-truck,0,10000.0,8788.571840042732,426.13011934648875,4.93,43.3,60.7,1.0,0.48770297771648186
mini-truck,1,5000.0,993.5332460355476,471.8957598064727,8.14,17.2,71.1,1.0,0.8244592362586232
delivery-van,3,800.0,607.4735874718447,363.0865827615954,11.77,2.84,89.3,1.0,0.8777964920850729
tempo,2,1200.0,694.1130793399298,481.1564845197045,13.84,2.8,69.3,1.0,0.9663806781441341
mini-truck,1,5000.0,2816.5042407435503,317.20990146710966,7.62,20.21,69.0,1.0,0.7229231028579979
delivery-van,3,800.0,448.9775550916237,388.4729966503057,10.69,3.21,56.1,1.0,0.8147350286806961
delivery-van,3,800.0,776.0323547474917,678.7363378652287,13.79,1.31,58.2,1.0,0.9438306752176715
mini-truck,1,5000.0,4252.077545622181,606.827078212447,7.16,11.82,46.8,1.0,0.7439636145988022
delivery-van,3,800.0,834.0982458191853,306.3570905066209,10.62,3.44,72.7,1.0,0.7045291540157266
delivery-van,3,800.0,258.91458040852086,609.9889388899418,11.94,1.61,83.5,1.0,0.9208604781573706
heavy-truck,0,10000.0,3813.3261133925557,584.5221479455056,4.33,27.21,86.0,0.0,0.4354063821086978
heavy-truck,0,10000.0,5188.29317257635,470.95237058162957,5.27,26.07,98.9,0.0,0.5203706002860551
mini-truck,1,5000.0,3077.5126601806514,205.50983953177143,6.4,13.34,67.3,0.0,0.5801006428094547
delivery-van,3,800.0,169.23062194034648,596.8352490416426,10.78,2.15,54.0,1.0,0.8626868995698495
delivery-van,3,800.0,764.9811688451898,295.6828703842863,13.23,2.33,67.9,1.0,0.9543574395164431
heavy-truck,0,10000.0,4430.400813066073,401.02395308535733,4.72,27.04,90.3,0.0,0.437636587977984
mini-truck,1,5000.0,5142.970174109324,287.0803191405586,7.24,13.22,48.9,1.0,0.575980376794685
delivery-van,3,800.0,359.1029999074165,600.1431581983886,12.51,2.26,96.6,1.0,0.9578701805993588
tempo,2,1200.0,829.2112710163559,604.4498630163478,13.93,4.84,78.2,1.0,0.9719212464872169
delivery-van,3,800.0,231.86072351518368,488.93920384624215,13.67,3.46,90.2,1.0,0.9491491322999008
mini-truck,1,5000.0,2802.8102323584876,208.60471600475734,6.4,20.89,75.9,1.0,0.7546703842308509
heavy-truck,0,10000.0,9652.593079875356,381.96925731502733,5.51,42.48,49.1,1.0,0.5173916298866016
tempo,2,1200.0,818.3310704564446,461.70346030299874,12.26,4.4,64.2,1.0,0.8745019029207002
tempo,2,1200.0,956.8223028611071,436.33538435274374,13.22,4.23,65.7,1.0,0.8797606959568497
delivery-van,3,800.0,176.19963188419624,333.59302681012207,11.46,2.73,78.8,0.0,0.7965127385198658
tempo,2,1200.0,550.5345822175037,576.9204402501482,13.9,4.75,87.0,1.0,0.9915923422036749
mini-truck,1,5000.0,4320.43261324254,408.31231546961584,8.05,12.49,66.9,1.0,0.822947736143203
mini-truck,1,5000.0,1062.8144597659114,680.3679921600253,7.41,8.9,63.6,1.0,0.7656669775049749
mini-truck,1,5000.0,3290.870872134847,119.77926469916405,7.97,10.68,92.9,1.0,0.8306897360453152
tempo,2,1200.0,1214.8665025949224,387.94387828138275,12.41,4.89,71.9,1.0,0.8956831280072464
tempo,2,1200.0,715.9615086102264,286.67885466535586,13.39,5.22,79.2,1.0,0.9547237860814921
delivery-van,3,800.0,294.2698860848932,278.31278555888645,11.68,1.68,94.2,1.0,0.957425925251937
heavy-truck,0,10000.0,5108.1117176945,142.6397058491026,5.03,37.11,89.1,0.0,0.4208062828394042
tempo,2,1200.0,990.8318901132018,616.3464757694917,15.18,4.24,52.6,1.0,0.8918334330458882
delivery-van,3,800.0,356.0634071811066,461.84657688959055,11.21,2.92,84.1,1.0,0.9912464663393529
delivery-van,3,800.0,682.2393584220678,441.9310085387772,12.34,2.6,78.7,1.0,0.8650130130674312
tempo,2,1200.0,286.88370347621645,235.8625571340756,12.01,3.02,95.6,1.0,0.9533906162793823
heavy-truck,0,10000.0,5312.700685296381,653.9475749084834,5.57,34.72,86.2,1.0,0.5542546676892988
mini-truck,1,5000.0,4261.069492732918,248.2188711146351,7.48,9.29,72.6,1.0,0.8099015974885558
mini-truck,1,5000.0,777.0363154712707,139.28502284321866,7.39,21.58,54.3,1.0,0.5444449172037575
tempo,2,1200.0,447.9604879903269,642.5177665130288,12.62,2.35,56.6,0.0,0.744012638766463
mini-truck,1,5000.0,3367.98438268132,116.43833608327739,7.32,21.08,97.2,1.0,0.7966985163154654
mini-truck,1,5000.0,1944.9862728394837,377.0289033867708,8.29,18.18,83.9,1.0,0.7600606149309111
mini-truck,1,5000.0,871.5749770669547,143.10300568638104,8.27,9.88,65.0,1.0,0.8086313060827931
delivery-van,3,800.0,372.1649706323821,623.4685405205495,13.68,2.8,62.2,0.0,0.7518529580834998
tempo,2,1200.0,979.7695005064609,64.76889010991364,11.97,4.56,71.2,1.0,1.0
delivery-van,3,800.0,758.8153246362358,398.29052290049736,10.77,2.84,54.2,1.0,0.896936492690765
tempo,2,1200.0,714.8636810984574,528.6153108589888,13.44,4.37,99.4,1.0,0.9461003371827291
delivery-van,3,800.0,229.89488598475657,644.6287303110803,11.73,1.82,73.4,1.0,0.8815487266925545
mini-truck,1,5000.0,4481.059216551453,427.02838109971924,6.57,12.08,94.3,1.0,0.7053654646654219
heavy-truck,0,10000.0,6760.012315529615,658.3122872328306,4.75,40.2,86.5,0.0,0.39010416941526266
tempo,2,1200.0,1115.5254044209896,391.06698206118097,15.67,4.82,62.1,1.0,0.903119803720953
heavy-truck,0,10000.0,8373.746059286232,202.19019100538355,4.89,36.43,57.0,1.0,0.6226038066264054
delivery-van,3,800.0,380.6473209703582,226.010647005588,11.65,2.32,84.7,1.0,0.8652935740625909
delivery-van,3,800.0,195.92489822904048,497.3245124230197,12.68,1.9,71.9,1.0,0.9440260945362186
tempo,2,1200.0,641.7547352593981,240.90143248388807,12.74,4.6,82.4,1.0,0.8602671894029019
delivery-van,3,800.0,367.23818467684765,330.01879785024045,11.16,2.85,75.1,1.0,0.8819665574846779
delivery-van,3,800.0,289.7415472618381,355.2690312083288,10.64,1.59,89.8,1.0,0.8928792533453953
mini-truck,1,5000.0,921.5824203427117,203.71184936211364,7.66,19.8,75.9,0.0,0.5483866961646261
tempo,2,1200.0,638.2337443353923,273.1687297611828,12.24,3.01,62.2,0.0,0.6928456691788738
heavy-truck,0,10000.0,3960.001561909602,598.8174729048229,4.41,25.29,50.4,1.0,0.7092537419305387
tempo,2,1200.0,866.0839424207461,545.0087822334576,12.59,4.86,69.8,1.0,0.9287249315123426
tempo,2,1200.0,1136.156915333205,341.3407952829582,12.59,4.95,80.0,1.0,0.8662200848908439
heavy-truck,0,10000.0,6693.215204397228,254.622995400403,4.92,39.14,91.5,1.0,0.5205083506257931
delivery-van,3,800.0,800.999808417439,308.81129953994093,12.7,1.38,46.8,1.0,0.7020452505639366
delivery-van,3,800.0,626.8836124099889,232.89815051519994,12.0,1.67,74.3,1.0,0.9249806719548048
heavy-truck,0,10000.0,2326.0919745155234,248.8355577886145,4.49,18.17,62.6,1.0,0.5597134239229559
mini-truck,1,5000.0,2142.508908357575,120.61043165341339,7.73,10.9,92.0,1.0,0.8310801647827075
tempo,2,1200.0,897.7914856548243,220.50127986336506,12.01,2.0,77.8,0.0,0.8192032089567445
mini-truck,1,5000.0,1633.426691809056,447.2744961942211,6.78,21.81,75.5,1.0,0.6128861280380782
tempo,2,1200.0,585.675507099844,424.02501820342167,15.76,4.38,98.5,1.0,0.9623249023887399
heavy-truck,0,10000.0,5431.457984679238,446.2347523861632,4.86,22.97,80.8,1.0,0.6504507756613886
heavy-truck,0,10000.0,2973.933401712766,509.6093105075547,5.08,40.92,79.6,1.0,0.49786394221098834
delivery-van,3,800.0,649.6036775708402,309.36745599138334,12.66,2.02,63.2,1.0,0.847870555017475
heavy-truck,0,10000.0,9283.412855399129,484.0202669197054,4.66,16.61,89.0,0.0,0.5635603787599835
heavy-truck,0,10000.0,3968.325559835847,582.6622032125445,5.35,23.18,76.5,1.0,0.6325534577205136
mini-truck,1,5000.0,2783.363469571405,694.1390119630155,7.49,10.62,75.7,1.0,0.7918081958170082
heavy-truck,0,10000.0,8416.156981489108,582.8641857165985,4.63,31.25,72.3,1.0,0.5248199697714658
tempo,2,1200.0,535.2052940228895,334.11996113548895,13.85,3.31,65.6,1.0,0.9530841863112403
delivery-van,3,800.0,274.28658785201543,564.7666154624724,13.43,1.79,83.7,1.0,0.9411816538804115
mini-truck,1,5000.0,2387.7415341774195,284.94129616102504,8.01,16.18,71.8,1.0,0.7086348630933357
tempo,2,1200.0,865.1177123430145,332.6180564213385,15.75,3.22,70.3,1.0,0.8854323811855542
delivery-van,3,800.0,491.21137959937045,668.6701725557073,11.51,3.17,74.9,0.0,0.6609433183891783
mini-truck,1,5000.0,3029.8452530146947,513.1420992085809,7.79,8.61,50.3,1.0,0.6990285065410241
delivery-van,3,800.0,401.49582751866194,181.55321908152268,13.63,3.22,87.4,0.0,0.7982876363915029
delivery-van,3,800.0,157.09308447989972,312.7227216004905,11.37,2.32,76.9,1.0,0.8775087541001408
heavy-truck,0,10000.0,7242.029935344169,261.06520244193143,5.21,36.42,58.3,1.0,0.406839102395634
delivery-van,3,800.0,500.432195987921,517.9332255769352,10.4,1.82,98.9,1.0,0.860414766270345
delivery-van,3,800.0,820.8023495333417,593.3273963265717,12.55,2.97,97.6,1.0,0.824571823294572
delivery-van,3,800.0,238.367172716358,252.36760946637858,12.16,2.72,69.2,1.0,0.933440844414237
tempo,2,1200.0,733.350467922028,526.210039335474,15.93,3.21,49.1,1.0,0.9705659570848738
heavy-truck,0,10000.0,8350.558090165372,162.26949012102693,5.02,19.28,56.4,0.0,0.4052553763502953
heavy-truck,0,10000.0,3221.9482859235072,589.8170098421476,4.83,42.49,77.1,0.0,0.3078521268147837
heavy-truck,0,10000.0,8213.276416587,384.72774190004316,5.14,43.08,45.9,1.0,0.4358175499562281
delivery-van,3,800.0,470.02696743579787,384.33682404055423,12.13,3.16,53.7,1.0,0.828966809042162
heavy-truck,0,10000.0,7156.740654575587,60.59694372444099,4.86,28.63,95.8,1.0,0.5835932149791541
delivery-van,3,800.0,797.147569368015,95.73397687754685,11.1,2.85,49.3,1.0,0.9108274350244613
tempo,2,1200.0,915.118922448437,577.7017979117766,12.85,4.47,67.8,1.0,0.8869133164124615
heavy-truck,0,10000.0,2713.4531858538667,197.78166616926944,5.38,23.42,67.7,0.0,0.48900765668929963
heavy-truck,0,10000.0,5918.3232418812695,392.98632764013905,4.38,37.37,76.0,1.0,0.6239067828958542
mini-truck,1,5000.0,1272.9703158221262,207.60295574768315,7.25,20.91,48.4,1.0,0.7189635516432732
delivery-van,3,800.0,234.2301242186336,140.98367465768618,10.71,2.02,78.9,1.0,0.9175761651381861
heavy-truck,0,10000.0,4269.642318435141,86.47235979529555,5.18,27.9,81.5,1.0,0.6724190283318702
heavy-truck,0,10000.0,3429.7453851048595,277.3697652811267,4.63,32.94,93.4,0.0,0.42097034764831925
delivery-van,3,800.0,580.7145222561957,137.20100439427375,11.02,2.22,65.0,1.0,0.863411179795476
tempo,2,1200.0,777.7581528989998,513.0737873454382,15.48,3.13,47.5,1.0,0.8597662540212587
mini-truck,1,5000.0,3630.542957605638,471.8235586641284,7.26,21.03,80.9,0.0,0.4749307285159326
heavy-truck,0,10000.0,7879.473877751048,418.9111783110992,5.26,21.36,84.7,0.0,0.6207616561085432
tempo,2,1200.0,1254.9049219204583,231.23318792350267,14.21,3.44,60.2,0.0,0.6361700641231531
delivery-van,3,800.0,622.956001399551,340.8991636541615,11.97,2.42,96.5,1.0,0.8927514384486903
delivery-van,3,800.0,676.4383334265556,489.2663891603545,12.62,2.56,67.6,1.0,0.9520935952083001
delivery-van,3,800.0,401.2310684732653,601.208360264822,11.92,3.46,82.9,0.0,0.7582775518240433
tempo,2,1200.0,404.18402572044,498.67673773445523,12.91,3.26,59.0,1.0,0.9584813074841384
tempo,2,1200.0,893.1668018183783,184.2182759782978,12.99,3.43,67.1,0.0,0.697304166412198
delivery-van,3,800.0,749.1425409478886,625.4661670491363,10.29,3.22,91.3,0.0,0.8099901817928501
tempo,2,1200.0,381.93719006280963,80.76426510815217,14.23,5.06,95.2,0.0,0.8171307552815759
delivery-van,3,800.0,228.31716144483894,111.77386831521325,13.67,3.43,59.1,0.0,0.7335825521541145
heavy-truck,0,10000.0,8710.492957140463,558.0158902830885,4.54,42.18,92.3,1.0,0.537338606134032
tempo,2,1200.0,1227.1676811582254,635.5162361461612,15.13,3.95,87.7,1.0,0.8905871720366153
delivery-van,3,800.0,789.7864053866533,446.01130341006177,12.5,2.73,72.2,1.0,0.8882444689119525
delivery-van,3,800.0,499.5247328437993,545.0015325791312,13.6,3.42,89.4,1.0,1.0
tempo,2,1200.0,416.9675735111994,588.2444418781705,13.53,3.61,72.1,1.0,0.881383597486643
tempo,2,1200.0,309.4181272259194,93.23548519898672,13.75,3.9,64.5,1.0,0.972496505946118
tempo,2,1200.0,971.4109988359738,560.6695050231463,15.11,2.97,82.1,1.0,0.9134639138600751
heavy-truck,0,10000.0,4828.967812290232,197.8521593677075,5.75,39.05,53.4,1.0,0.513770435178898
heavy-truck,0,10000.0,7602.461161628787,524.3005280085225,4.92,25.02,72.6,1.0,0.5855619647388519
tempo,2,1200.0,583.4984099195456,119.65827737237277,14.56,2.88,62.3,1.0,0.8854894184012148
heavy-truck,0,10000.0,4141.354345455413,496.799480357073,4.57,24.29,58.0,1.0,0.5473092342259682
mini-truck,1,5000.0,5101.212492182744,297.05535504886797,8.02,21.0,64.6,1.0,0.6159907636388359
mini-truck,1,5000.0,4094.0427442721884,336.5260726487191,6.71,8.85,69.6,1.0,0.7371006330134854
delivery-van,3,800.0,413.2224825609378,442.6559296640722,11.97,2.6,77.3,1.0,0.8696422315143633
tempo,2,1200.0,1166.9675538744732,142.30110623420336,15.34,2.56,75.2,1.0,0.9695564937600516
delivery-van,3,800.0,351.4991997806364,293.48169402955165,12.01,3.39,62.3,1.0,0.9468444438328945
tempo,2,1200.0,889.2978268188467,381.236798653386,14.72,4.49,69.5,1.0,0.9418320655954081
heavy-truck,0,10000.0,2887.851874360917,166.93257177216438,4.8,16.03,65.1,1.0,0.6082690792747577
tempo,2,1200.0,369.51108873451614,310.18911508270384,13.22,2.52,55.3,1.0,0.8567555045704216
delivery-van,3,800.0,490.0689091169244,247.81436557167405,11.08,2.01,89.6,1.0,0.8836375302170222
mini-truck,1,5000.0,2020.7232041678685,92.17835505979018,8.43,15.58,74.8,0.0,0.6219801891539979
delivery-van,3,800.0,227.80740376450748,547.7320438604517,13.49,2.6,59.1,1.0,0.8506763882434587
heavy-truck,0,10000.0,4528.907390838543,655.8817578663197,5.41,33.43,95.3,1.0,0.4978716942449961
mini-truck,1,5000.0,2772.7267192951094,669.4448441957609,7.04,15.9,74.3,1.0,0.6988968568612827
tempo,2,1200.0,1184.7049918610116,361.0884325107597,14.24,2.42,71.6,1.0,0.8249761652457361
mini-truck,1,5000.0,2732.801241778175,328.07874510093455,8.54,12.49,89.3,1.0,0.7836798174112614
delivery-van,3,800.0,205.14285446248564,418.77854250925446,10.6,1.62,75.3,1.0,0.9498721972342999
delivery-van,3,800.0,704.3699869590591,272.4861634184196,13.15,2.06,59.0,0.0,0.67650503468729
heavy-truck,0,10000.0,7977.3721563601885,312.59321144434006,4.44,33.55,89.7,1.0,0.5559020603223529
heavy-truck,0,10000.0,1980.7063858729114,352.8445218042984,5.42,32.75,55.8,1.0,0.42126347545688325
tempo,2,1200.0,868.2487540921675,219.6846383612995,16.01,2.16,63.9,1.0,0.9368970334843024
heavy-truck,0,10000.0,2007.1757409279185,301.5019228075588,5.48,30.52,98.3,1.0,0.5844441937837545
tempo,2,1200.0,848.1427855653255,513.4408391074289,14.8,2.08,47.9,0.0,0.8392468750160255
delivery-van,3,800.0,616.211827530459,259.894895120203,12.15,1.89,51.1,1.0,0.8643371674222509
heavy-truck,0,10000.0,3107.4956388334817,454.0734999299842,5.47,29.38,48.3,1.0,0.6343492695074489
tempo,2,1200.0,695.990330240456,674.9266493237778,13.47,2.61,68.5,1.0,0.8890219672495794
delivery-van,3,800.0,607.050881250395,514.3911730398721,13.46,2.33,70.6,1.0,0.948320965188753
tempo,2,1200.0,1211.8404850290442,480.16025668722307,12.78,1.99,49.2,0.0,0.6293182217402438
delivery-van,3,800.0,166.59555256061444,636.5118246794257,10.95,2.09,98.9,1.0,0.9100714026946297
mini-truck,1,5000.0,3689.634991798096,388.0555141458425,8.43,11.1,64.2,0.0,0.7750116638212758
mini-truck,1,5000.0,4268.5384628924785,279.13709729500465,6.78,20.43,88.5,1.0,0.7062026276233017
delivery-van,3,800.0,669.9156355265618,331.2859745604143,12.66,2.15,63.5,1.0,0.9323107447363783
heavy-truck,0,10000.0,10297.7715149311,218.85768595186727,4.75,37.17,75.0,1.0,0.5259360977797698
heavy-truck,0,10000.0,9081.195586597953,395.21645684702537,5.25,17.16,66.9,1.0,0.6580709276416394
delivery-van,3,800.0,646.6744473977375,381.76925719229405,10.85,2.87,98.9,1.0,1.0
mini-truck,1,5000.0,1265.7278926718004,223.94220724369376,7.69,11.2,80.6,1.0,0.7480718981137681
delivery-van,3,800.0,576.104060769319,337.1336275151851,12.25,3.06,79.3,1.0,0.8683465182016994
delivery-van,3,800.0,697.7776742166435,326.5103673134177,10.53,1.56,58.8,1.0,0.9089770141919229
tempo,2,1200.0,1055.9722549493408,637.2485416205102,14.03,2.76,59.6,1.0,0.9371244341040079
heavy-truck,0,10000.0,6092.93804139576,530.7194452839407,5.3,18.39,90.6,1.0,0.7047411097985515
mini-truck,1,5000.0,4217.104527187658,513.3818839639217,7.48,15.49,69.0,1.0,0.7927246540946384
delivery-van,3,800.0,615.7123003705767,320.4407221743341,11.78,2.89,66.5,0.0,0.7578366157459805
delivery-van,3,800.0,522.877071894424,406.31886354492576,13.6,1.42,47.4,0.0,0.7185408919884579
tempo,2,1200.0,542.256064224374,133.18170323994133,15.73,2.94,56.8,0.0,0.7742109479302958
delivery-van,3,800.0,419.3603197138672,173.15048075453248,10.8,2.13,70.5,1.0,0.9375520479831545
tempo,2,1200.0,802.830669125075,186.37837168691107,12.78,4.54,51.2,1.0,0.8410095026201629
mini-truck,1,5000.0,3477.652891676935,235.0406633534351,7.03,10.86,49.5,1.0,0.8084422985773086
heavy-truck,0,10000.0,7993.532090246184,473.90718848122816,5.67,35.51,83.9,1.0,0.6387108083907193
heavy-truck,0,10000.0,5149.809240425431,626.7347780599694,5.46,32.83,89.0,0.0,0.47651968944578993
delivery-van,3,800.0,560.6042321588428,600.495630464765,12.1,2.44,87.2,1.0,0.9192380451933134
heavy-truck,0,10000.0,9696.489637282119,531.7062183596215,5.75,17.04,91.2,1.0,0.8101350415424371
tempo,2,1200.0,1166.4021309809323,200.47063134836725,14.59,5.28,86.4,0.0,0.8682677865958845
heavy-truck,0,10000.0,3541.429555401384,272.955699712758,5.14,16.91,74.7,1.0,0.6471972424242239
delivery-van,3,800.0,285.56073567009844,353.4220826537944,11.32,1.66,50.8,0.0,0.7187089427491985
mini-truck,1,5000.0,1930.929177268314,380.81235945623575,7.66,20.34,74.5,1.0,0.7296423164367272
delivery-van,3,800.0,708.8577344794599,252.36550564444548,13.47,1.38,59.5,1.0,0.9674408715828496
delivery-van,3,800.0,582.5792212668603,131.9393456331539,13.5,2.55,45.8,0.0,0.7486130961319702
mini-truck,1,5000.0,2096.94057726918,113.16190821060594,8.17,8.51,77.8,1.0,0.7866431568592684
delivery-van,3,800.0,309.01414498929427,215.44917352713966,10.45,3.15,45.8,0.0,0.6107351645225405
mini-truck,1,5000.0,1323.3846787510229,405.6048952786616,7.09,11.24,61.3,1.0,0.6862162615490297
delivery-van,3,800.0,683.3954522126213,348.3704038247378,13.77,3.27,56.3,1.0,0.8926409131886643
mini-truck,1,5000.0,3888.119578134807,337.9553789419203,7.26,17.01,53.5,0.0,0.4671618099533141
heavy-truck,0,10000.0,9402.12701170492,315.5465090003377,4.52,26.24,71.8,1.0,0.5857551759020977
mini-truck,1,5000.0,1485.7533942074142,388.44206114526827,8.59,20.09,77.3,0.0,0.5064204990059702
tempo,2,1200.0,1214.7468578433802,551.2850230418619,14.82,4.86,82.3,1.0,0.8519998127378556
mini-truck,1,5000.0,3274.9786649490998,499.1183189920381,7.44,20.21,70.9,1.0,0.6497135549070531
heavy-truck,0,10000.0,4177.101750002555,556.670485144756,4.41,18.38,93.0,1.0,0.6411938928903759
delivery-van,3,800.0,522.6602159197524,596.5165476551906,12.73,3.45,53.3,0.0,0.7919017088640085
mini-truck,1,5000.0,3097.5461995599844,190.58113690814068,7.69,18.72,66.2,1.0,0.6151670607970929
heavy-truck,0,10000.0,7792.62454106399,310.6082495190793,5.37,29.96,88.0,1.0,0.6792636627394055
delivery-van,3,800.0,655.1107659214914,491.53258879769515,10.53,2.23,85.5,1.0,0.900018793667659
tempo,2,1200.0,1187.4912900400793,174.45205050359291,13.95,4.42,64.2,1.0,0.8835367905315505
heavy-truck,0,10000.0,2600.1643981550255,688.1486227181687,5.72,24.62,66.9,1.0,0.6638007540896749
mini-truck,1,5000.0,3139.369864376558,316.59535903889184,8.34,8.14,62.5,0.0,0.731803921731725
tempo,2,1200.0,779.7689337161718,675.1647811203421,15.34,3.47,65.4,1.0,0.9063350982067199
heavy-truck,0,10000.0,2765.452813762781,434.5810027195151,4.78,30.17,51.6,1.0,0.5315454991010429
mini-truck,1,5000.0,3627.0671494470052,234.4915507576041,8.62,20.24,85.7,1.0,0.7291057597669734
tempo,2,1200.0,1100.067721526698,186.30507407227427,11.91,4.34,69.6,1.0,0.8176874957421101
delivery-van,3,800.0,333.94986482803023,361.5694065591608,13.29,2.54,80.0,1.0,0.8708753476725252
mini-truck,1,5000.0,4138.435961923577,547.0374037621671,7.6,11.52,59.1,1.0,0.7898058527869657
tempo,2,1200.0,517.6582501637739,383.8361538010945,15.49,2.97,73.9,1.0,1.0
heavy-truck,0,10000.0,3758.0207749916854,284.86321629526424,4.79,19.69,71.4,1.0,0.6976349068641894
heavy-truck,0,10000.0,3825.1004310203753,83.97862853141135,4.26,41.5,46.4,1.0,0.4229284023627761
mini-truck,1,5000.0,3063.9175632933598,566.5279313630973,7.19,16.53,72.8,1.0,0.6300451046207041
tempo,2,1200.0,1210.6376313169094,315.2696993735362,15.51,1.96,70.3,1.0,0.8796513138904457
heavy-truck,0,10000.0,5005.581131719303,179.29326230999771,5.1,25.22,77.3,0.0,0.4588945376029437
heavy-truck,0,10000.0,10244.85124206202,559.0816535584978,4.49,30.73,93.6,1.0,0.3640330085125123
heavy-truck,0,10000.0,2705.3925483656144,413.5778044261169,4.27,28.54,68.8,1.0,0.5917071891444006
heavy-truck,0,10000.0,1937.8844367660513,634.5751578518671,4.65,43.86,48.6,0.0,0.2737536150123318
tempo,2,1200.0,468.0666076407536,294.2169288557304,15.03,3.13,50.8,1.0,0.843136811349002
mini-truck,1,5000.0,5016.800637392208,427.78853045056553,7.65,19.06,92.4,0.0,0.5269893486450309
delivery-van,3,800.0,810.9127246932849,401.208551824052,12.7,1.46,67.7,0.0,0.7452022890117994
tempo,2,1200.0,299.0185151868903,72.81262449493596,15.01,5.24,65.9,0.0,0.7507765110628563
tempo,2,1200.0,379.92224285831304,203.73039278161173,13.14,4.19,50.4,0.0,0.7714827105798205
tempo,2,1200.0,1038.0590108883985,555.361976395646,15.97,4.81,85.1,1.0,0.8925410280438568
tempo,2,1200.0,639.005685382908,429.31177777944663,12.46,2.96,53.0,0.0,0.7258548110427527
mini-truck,1,5000.0,1621.6136403735259,325.756371934797,7.69,11.34,79.2,1.0,0.8127656637968524
tempo,2,1200.0,936.1692282261172,369.2486042180115,15.64,4.13,50.1,1.0,0.9029177878947691
heavy-truck,0,10000.0,2765.3230379103493,500.6315361386844,5.07,25.9,56.8,1.0,0.6259109464122166
delivery-van,3,800.0,138.06342631523435,679.5367731712797,12.39,1.85,53.6,1.0,0.9552530192222921
heavy-truck,0,10000.0,2102.351446092291,224.4704310827484,4.8,41.86,81.6,0.0,0.34595075382195783
tempo,2,1200.0,900.5323377373561,280.7061034492407,15.5,2.03,99.8,1.0,0.9363565880099087
heavy-truck,0,10000.0,10152.972989465943,167.69860133078504,4.79,17.18,64.8,1.0,0.5451633930735904
heavy-truck,0,10000.0,9699.756639201287,87.75695462197177,5.32,30.31,60.6,1.0,0.5963868144476131
delivery-van,3,800.0,303.7560476703316,133.84711154298017,12.4,2.71,97.4,1.0,0.9017150856227242
heavy-truck,0,10000.0,10253.301044480357,87.6661588695761,4.47,37.54,45.3,1.0,0.3884397424985939
mini-truck,1,5000.0,1106.276206919782,562.4951181725371,6.98,12.59,95.3,1.0,0.7911364603046861
heavy-truck,0,10000.0,6376.591315533703,290.10337339226277,5.43,17.26,75.0,1.0,0.6704014181625839
heavy-truck,0,10000.0,9293.661995904815,161.85451102487355,5.1,39.65,59.4,1.0,0.4464830312673998
tempo,2,1200.0,833.1197838306825,66.27448052814948,13.67,2.54,45.8,1.0,0.9320804267955948
heavy-truck,0,10000.0,5690.745862131422,95.3272837197867,4.29,31.38,58.6,1.0,0.5306829235607344
tempo,2,1200.0,715.4491182079828,472.3273450144959,13.77,2.45,62.9,1.0,0.9114364096135215
mini-truck,1,5000.0,2541.832244443031,62.94001902239316,6.75,18.07,73.4,1.0,0.7183817770226479
tempo,2,1200.0,444.0272954633943,70.13327370554535,13.25,3.5,86.6,1.0,0.9706002778106653
tempo,2,1200.0,462.3453911987306,560.8671195016395,12.17,2.63,87.6,1.0,0.9318818287481032
heavy-truck,0,10000.0,9896.750471249175,466.61536918797987,4.97,27.17,62.8,0.0,0.4606512331503389
heavy-truck,0,10000.0,5402.947635564675,382.420743793765,5.49,39.84,84.5,1.0,0.4943458737599511
heavy-truck,0,10000.0,5001.716795284497,165.1366102235373,5.15,30.88,52.3,1.0,0.6485527552374724
delivery-van,3,800.0,803.7958868656359,247.8201584043751,12.56,1.62,46.8,1.0,0.8345909531646009
heavy-truck,0,10000.0,8337.83021680326,662.4213293903057,4.74,26.36,94.5,1.0,0.7385841080582827
heavy-truck,0,10000.0,1837.8400075699328,114.37421975732732,4.83,39.16,80.8,0.0,0.460045703334323
heavy-truck,0,10000.0,2404.331316571395,329.1776201685104,5.33,30.14,45.5,1.0,0.5581345706152294
heavy-truck,0,10000.0,5735.841845466275,612.6269135483861,5.59,19.02,68.4,0.0,0.5058964969768291
tempo,2,1200.0,1178.2906337262732,318.7503203666919,15.95,2.02,77.8,1.0,0.9486495702448616
delivery-van,3,800.0,124.54432272956038,520.067638787058,11.38,2.48,55.1,1.0,0.8828626172165117
tempo,2,1200.0,275.2492271234777,305.75883940053046,13.09,3.26,63.6,0.0,0.7093751226804037
delivery-van,3,800.0,688.4078186179192,232.81089699929004,13.04,2.61,99.0,0.0,0.862400321127474
delivery-van,3,800.0,713.5785598438397,628.7047736735301,10.63,2.89,49.1,1.0,0.8629062190340142
tempo,2,1200.0,554.1920199519386,398.3250110844584,12.61,2.52,67.4,1.0,0.9447501090658915
mini-truck,1,5000.0,2053.6563412791947,456.196963177126,7.37,16.22,85.4,1.0,0.8041191561904926
tempo,2,1200.0,1027.8423254017212,661.9550059539256,15.2,3.38,87.2,1.0,0.9284143210120593
heavy-truck,0,10000.0,2853.3113348858406,493.00461118280634,5.25,37.6,61.9,1.0,0.44563133580463
tempo,2,1200.0,857.3566269593261,130.95960696903788,13.25,2.47,59.7,1.0,0.8960816332787638
mini-truck,1,5000.0,2685.061826002801,664.8681666909341,7.35,8.95,51.7,1.0,0.7015135596001809
mini-truck,1,5000.0,3694.5587925072605,108.39227393896955,7.79,15.69,85.0,1.0,0.7005597204425179
tempo,2,1200.0,552.391521537743,686.4650160074602,15.23,2.74,67.7,0.0,0.7358695560758683
tempo,2,1200.0,553.5624562648862,590.6189674356187,13.3,2.89,93.5,1.0,0.9138521585781795
delivery-van,3,800.0,727.9368879201918,551.4682323313132,11.23,2.12,73.4,1.0,0.9271937493879641
delivery-van,3,800.0,808.204509072584,536.093004176299,12.22,2.33,58.5,1.0,0.8617847588409873
delivery-van,3,800.0,557.0793306951903,160.49690754188944,13.8,2.58,88.4,1.0,0.9608388671665017
tempo,2,1200.0,412.2154152222907,184.08959044940167,15.23,4.52,49.7,1.0,0.8864288830785516
mini-truck,1,5000.0,2603.567995823293,500.7655800217969,7.09,8.07,79.2,1.0,0.8418294562318408
delivery-van,3,800.0,453.00076525620574,652.3510496350408,13.51,2.11,68.2,1.0,0.9006366887328767
heavy-truck,0,10000.0,6035.751009067762,166.63125663696923,4.93,24.33,90.9,0.0,0.5282715712910334
mini-truck,1,5000.0,4300.160218444213,422.9492706917034,6.52,20.94,51.6,1.0,0.6600367926645285
tempo,2,1200.0,1216.2332324767317,123.42922154050193,13.79,2.65,87.2,1.0,0.8622601627008735
delivery-van,3,800.0,666.1469159025347,83.52203963877848,10.95,1.77,57.3,1.0,0.8057534051758497
mini-truck,1,5000.0,3300.039332033783,554.953227790075,6.53,16.15,68.7,1.0,0.7383299684566023
delivery-van,3,800.0,817.667651628852,378.90274817637396,11.35,2.47,79.4,1.0,0.8228506543674622
delivery-van,3,800.0,586.5453521833821,69.77470107030761,10.98,2.72,45.3,1.0,0.8847110366108827
heavy-truck,0,10000.0,9994.074987253749,473.21087513628595,4.55,33.81,60.8,1.0,0.5461942146171038
heavy-truck,0,10000.0,9739.80796894987,358.61739610763425,5.47,16.62,56.5,1.0,0.7252728673418178
mini-truck,1,5000.0,4775.203719877415,460.4399266388171,6.75,16.85,98.0,0.0,0.5806776433314341
mini-truck,1,5000.0,3152.490338065103,213.1583286703939,7.36,16.56,95.1,1.0,0.7856863249428878
tempo,2,1200.0,379.5987340648833,444.74215675303674,12.12,2.18,64.0,1.0,0.9137272926871816
heavy-truck,0,10000.0,9114.098768941773,588.8318133885253,5.53,43.23,91.0,1.0,0.5471364470896045
heavy-truck,0,10000.0,2532.6463581847656,694.4423914896892,5.0,29.82,86.5,1.0,0.6206270395870697
mini-truck,1,5000.0,2979.038804441328,520.536593377835,6.71,16.38,53.8,0.0,0.5715117140754272
delivery-van,3,800.0,814.7152603127996,615.4294808660559,11.68,1.49,73.9,1.0,0.8318095795954736
mini-truck,1,5000.0,4840.806921139196,360.3646806522655,7.94,19.75,45.7,1.0,0.7041750427865211
mini-truck,1,5000.0,4663.380863208102,96.50263378013456,7.77,11.11,56.4,0.0,0.5692059786209902
heavy-truck,0,10000.0,4701.333709568718,283.9157732060004,4.39,33.26,96.0,0.0,0.37376380029927475
mini-truck,1,5000.0,4079.320077905969,143.23515121706583,6.66,9.95,50.9,1.0,0.7042794792509681
delivery-van,3,800.0,408.67588113845414,629.5665967724733,12.84,2.86,82.9,1.0,0.9063076987072181
heavy-truck,0,10000.0,3131.1226047043365,155.6337607778699,4.43,20.6,56.5,1.0,0.6006787367996699
tempo,2,1200.0,375.313420159951,405.10810295638385,15.74,3.42,90.0,1.0,0.9125325914989388
mini-truck,1,5000.0,1625.1299904493237,324.98566152651614,7.64,12.45,47.9,1.0,0.677266539989213
mini-truck,1,5000.0,1814.1526163758908,394.4119415245616,7.16,21.56,76.7,1.0,0.6552438438346508
mini-truck,1,5000.0,4080.5301461427675,227.16055038321215,7.58,8.47,99.0,1.0,0.8578422780249145
heavy-truck,0,10000.0,7956.031109113091,266.97621127194213,4.89,41.91,55.9,1.0,0.39943647740422783
delivery-van,3,800.0,208.83413161351467,616.8969905005744,11.79,3.31,86.5,1.0,1.0
delivery-van,3,800.0,584.7572303031699,568.9976940113536,10.84,2.96,86.8,0.0,0.7998255899787363
mini-truck,1,5000.0,4240.143331779965,597.1526644080748,8.21,18.99,82.8,1.0,0.7491873471578583
tempo,2,1200.0,338.3896799320525,319.47186998195207,13.23,2.43,68.3,1.0,0.8019927401945786
tempo,2,1200.0,206.25794604958205,260.98330962212543,14.39,5.25,71.0,1.0,0.8606616344061283
delivery-van,3,800.0,549.9597070627362,435.2944247287019,10.73,1.68,68.0,0.0,0.7605396147950753
delivery-van,3,800.0,802.6597825285639,261.62507448548024,12.04,3.13,46.9,1.0,0.7107344039950421
heavy-truck,0,10000.0,3974.10096045666,175.3269389325859,5.26,24.92,80.6,1.0,0.6245355306379815
delivery-van,3,800.0,803.4069532950616,311.8217581874825,10.21,2.01,65.1,1.0,0.7613959989085796
heavy-truck,0,10000.0,8406.559453800623,446.5589005463522,4.47,18.34,45.1,1.0,0.6056848097897138
mini-truck,1,5000.0,2107.80278246198,109.09930488795062,6.6,19.53,62.9,1.0,0.700790758292813
tempo,2,1200.0,886.95892519434,149.4789876773914,13.69,2.28,94.4,1.0,0.997709072969082
mini-truck,1,5000.0,1373.1608797440283,688.6142769149151,8.54,13.57,96.1,1.0,0.8470104650849536
mini-truck,1,5000.0,1073.1758557296976,643.9818466704957,7.92,13.67,82.2,1.0,0.7920153074964604
heavy-truck,0,10000.0,10192.011501206862,643.1348051835995,5.42,21.35,45.2,1.0,0.542580281180855
heavy-truck,0,10000.0,7829.676090188978,375.7073525199849,4.69,35.42,83.4,1.0,0.5758296832401132
mini-truck,1,5000.0,5245.790121287047,682.6634319838813,6.48,16.12,92.1,1.0,0.6313875789228673
heavy-truck,0,10000.0,2327.2549452171215,428.5000904923933,5.35,43.72,83.0,1.0,0.478538416069087
delivery-van,3,800.0,305.73063967972274,627.9602749712747,11.32,1.28,51.1,1.0,0.8802678501822949
mini-truck,1,5000.0,4379.248110825266,354.1477339910156,6.52,15.95,57.2,1.0,0.7549504892514474
tempo,2,1200.0,1053.0233063871185,74.60142838673782,13.57,2.87,54.9,0.0,0.7080768088591629
tempo,2,1200.0,464.0091171508357,586.3633128070708,12.76,4.33,69.0,0.0,0.8040298350903791
mini-truck,1,5000.0,4960.385461486395,370.02753598655534,7.52,19.23,59.0,1.0,0.7268409607561124
tempo,2,1200.0,302.3133957322993,187.43012656246435,13.49,2.5,50.0,1.0,0.875527309903915
delivery-van,3,800.0,275.9373485783604,278.8644817469063,11.2,2.7,89.4,1.0,1.0
heavy-truck,0,10000.0,9439.3634803373,166.37113743672174,4.4,23.75,98.1,1.0,0.6624380509929931
heavy-truck,0,10000.0,8833.020773459888,400.3697582066586,5.02,25.65,94.3,1.0,0.5935808629034369
heavy-truck,0,10000.0,6701.421579825509,613.2348208507656,5.11,43.58,66.8,1.0,0.4882966200920807
tempo,2,1200.0,475.60366076197704,568.8240179911911,13.72,2.8,95.6,1.0,0.9633087280124856
mini-truck,1,5000.0,1993.0007763974875,108.62631342333394,6.71,18.75,82.3,1.0,0.7850801170203585
mini-truck,1,5000.0,2975.845867022766,352.3324674967356,7.81,20.4,99.0,1.0,0.6269270829574505
heavy-truck,0,10000.0,1610.6944822003748,92.66760631015487,4.71,40.28,61.4,1.0,0.46609387002104435
delivery-van,3,800.0,231.04681385632855,566.0079985061418,10.23,2.29,90.3,0.0,0.7892306640319584
heavy-truck,0,10000.0,3517.3848461296225,208.21725998567658,4.99,33.09,75.3,1.0,0.5504176683700684
tempo,2,1200.0,185.47720464513986,395.5168990101188,12.95,2.73,62.3,1.0,0.8792517555499594
mini-truck,1,5000.0,1180.8271990063306,419.0240248278652,8.11,9.01,93.6,1.0,0.8532710954963322
mini-truck,1,5000.0,2319.0809905370006,464.3760786848069,7.41,14.69,95.3,0.0,0.6266430974951629
tempo,2,1200.0,875.2603270629598,119.33343645350341,15.21,4.35,84.3,0.0,0.9187901231929791
tempo,2,1200.0,883.7636638891685,538.8109707209792,15.57,3.45,48.5,1.0,0.8897980752093392
heavy-truck,0,10000.0,3091.1737628931774,248.0266867004591,4.48,21.78,49.8,1.0,0.6511802304679252
tempo,2,1200.0,956.6639009396799,331.88004878807044,12.46,4.74,65.3,1.0,0.8029446625532759
mini-truck,1,5000.0,1444.0459063737371,247.38053741131694,8.41,14.86,63.8,1.0,0.6924811509530345
heavy-truck,0,10000.0,6514.596547344673,488.63210606413827,4.3,28.63,87.6,0.0,0.45410942522012876
tempo,2,1200.0,223.06409057653337,232.44229130992025,14.03,5.07,84.3,1.0,0.925562850473208
delivery-van,3,800.0,391.02814189690366,525.6885485479658,10.23,1.7,88.8,1.0,0.8890012146522241
tempo,2,1200.0,1212.8288894673265,425.04071366556366,15.52,3.13,56.1,1.0,0.8957464137492271
mini-truck,1,5000.0,3578.506241695207,471.04071471273704,6.41,18.38,95.1,1.0,0.8393995568503431
mini-truck,1,5000.0,3972.5363830068013,576.737882213554,6.9,8.53,84.0,1.0,0.7759555123203499
delivery-van,3,800.0,758.6630439524384,197.766201596111,11.82,1.99,99.1,1.0,0.9827643974713859
tempo,2,1200.0,568.3430477846958,504.90092959965955,14.5,4.26,97.5,0.0,0.8193814285924316
tempo,2,1200.0,1198.792196431996,678.9616147703828,14.97,5.03,54.3,1.0,0.9272504331329459
mini-truck,1,5000.0,1854.193824634177,147.69835576948532,7.13,21.09,96.9,1.0,0.7129536342713882
tempo,2,1200.0,1062.5234917693288,526.3305255550636,15.84,4.34,58.4,1.0,0.897575613022799
mini-truck,1,5000.0,3606.3545644432593,611.8718368335379,8.44,8.52,84.1,1.0,0.8269835563469181
delivery-van,3,800.0,837.115361593023,409.59165463777884,12.05,3.0,85.9,1.0,0.7350348387468526
heavy-truck,0,10000.0,5460.7612614407,420.81339621847013,5.73,16.87,54.6,1.0,0.7584917293754038
tempo,2,1200.0,1063.6460300697377,146.86963830624492,12.68,4.42,82.1,1.0,0.9464585274455276
heavy-truck,0,10000.0,6365.788679438261,289.8652326792456,4.54,31.14,79.2,1.0,0.6520272242400301
delivery-van,3,800.0,674.6007809793097,174.98475223075081,13.13,3.03,61.3,1.0,0.9706927376768076
mini-truck,1,5000.0,973.5402353468362,608.0736798900108,6.55,8.35,89.3,1.0,0.9296789723902367
mini-truck,1,5000.0,2567.68858388984,517.3017339287393,7.08,8.78,74.0,1.0,0.7655729095849808
tempo,2,1200.0,1166.7740263077396,567.7310559956118,13.16,4.69,80.5,1.0,0.9534033737044576
delivery-van,3,800.0,761.7562734240338,213.84251713169192,11.41,2.38,55.7,1.0,0.8460069663072641
delivery-van,3,800.0,272.2796586962014,121.27271984728438,11.91,2.7,65.8,1.0,0.8367349378825303
mini-truck,1,5000.0,1465.0400732281416,318.5253560883708,7.24,8.24,68.8,0.0,0.601471556994376
heavy-truck,0,10000.0,3336.3088010938154,442.78830223731154,5.69,30.99,65.1,0.0,0.40592117790450805
heavy-truck,0,10000.0,2492.4086841151184,515.6887581731726,5.71,41.47,67.3,1.0,0.49843589841870717
delivery-van,3,800.0,258.7572832196844,108.53461307788251,12.53,1.78,93.3,1.0,0.979715066722602
heavy-truck,0,10000.0,4072.587085886562,604.5996163321253,4.8,20.35,78.8,1.0,0.7388393968933297
mini-truck,1,5000.0,3347.7248279371283,356.3374462367942,7.24,12.08,51.9,1.0,0.7862436412366101
tempo,2,1200.0,337.6210253467146,376.17941516687017,15.38,3.43,82.7,1.0,0.9250888489704366
tempo,2,1200.0,1157.602565194448,504.84632887752014,13.98,4.05,86.3,1.0,1.0
tempo,2,1200.0,711.8300873274162,120.47679124781368,11.96,4.83,49.0,1.0,0.8635098129305075
mini-truck,1,5000.0,826.5269099348451,282.50757739835217,7.98,21.8,79.3,1.0,0.6250351446843813
tempo,2,1200.0,845.7472183451239,341.1923054384322,12.68,4.17,68.2,1.0,0.9223258326651794
mini-truck,1,5000.0,2613.6558628881794,453.6703139196968,7.34,11.44,68.6,1.0,0.7567757460877562
mini-truck,1,5000.0,1149.3156172002095,554.7208282437333,6.45,17.7,82.0,1.0,0.7270212028537506
tempo,2,1200.0,1188.8250198972928,587.6745123578393,15.08,4.43,83.1,1.0,0.9221274941463503
tempo,2,1200.0,928.4814215719379,89.64061826878819,14.85,2.53,66.2,1.0,0.8549265890452891
delivery-van,3,800.0,418.11191992078517,333.11815584198683,13.14,2.43,58.7,0.0,0.8038380468095117
tempo,2,1200.0,670.652668455551,113.59863518370382,14.24,3.78,58.1,1.0,0.9993108919895111
heavy-truck,0,10000.0,9697.062178213939,188.79812119192883,5.37,29.76,75.7,1.0,0.6892061000967085
mini-truck,1,5000.0,845.5867165238533,679.7749950672949,6.91,14.56,90.4,1.0,0.7737671571390814
tempo,2,1200.0,503.57391954639724,278.4425575569255,13.8,3.76,57.4,1.0,0.9091450783460211
delivery-van,3,800.0,157.1766202540506,171.82145758501903,12.7,2.19,83.5,1.0,1.0
heavy-truck,0,10000.0,7466.375291267918,498.98307301358295,5.06,30.79,81.2,0.0,0.4563058505142933
delivery-van,3,800.0,474.9970387121305,676.0401007700975,11.27,3.37,67.0,1.0,0.9738174190647944
mini-truck,1,5000.0,2540.5515425479007,255.86400826028566,8.57,10.19,71.1,1.0,0.8411583017156862
heavy-truck,0,10000.0,2401.6271707133646,558.9043151726739,4.82,18.33,80.1,0.0,0.5319623891451223
mini-truck,1,5000.0,4158.244594570443,64.98554611612072,7.42,13.29,93.5,1.0,0.8613458878892484
heavy-truck,0,10000.0,6642.898120697869,341.7335799030434,4.34,40.77,56.6,1.0,0.5257628853748283
tempo,2,1200.0,1161.3232559392625,482.49320853471136,15.51,3.56,67.7,1.0,0.9505740580799572
heavy-truck,0,10000.0,4247.978179433768,315.20906176552563,5.55,31.58,47.5,1.0,0.5272298494271099
tempo,2,1200.0,898.6197129628629,188.01521330663837,14.98,5.01,62.3,1.0,0.935573937427367
heavy-truck,0,10000.0,8765.456999330132,245.94702134255334,5.38,16.03,59.9,1.0,0.6645870422257534
tempo,2,1200.0,1125.7152057908131,683.4373313811371,14.49,5.16,83.5,1.0,0.9320607782310301
mini-truck,1,5000.0,4951.076884522323,171.37634091421276,6.56,21.2,77.9,1.0,0.659063722620784
heavy-truck,0,10000.0,6965.89260076606,241.59456683172374,5.23,37.71,76.6,0.0,0.3023891941949239
mini-truck,1,5000.0,2613.756896962913,297.01123869959827,6.38,18.61,92.0,1.0,0.6804803558701801
mini-truck,1,5000.0,1801.2458262883226,219.39524187134248,7.32,17.28,63.8,1.0,0.6442298876075736
heavy-truck,0,10000.0,9410.13611413979,500.5272292099695,5.7,38.98,69.1,1.0,0.5303199645762899
delivery-van,3,800.0,147.33113003621378,424.1595590006152,10.59,1.74,67.0,1.0,0.8437835723788896
heavy-truck,0,10000.0,5998.206050632838,587.1628238671329,5.64,17.75,57.7,1.0,0.6226284205976146
delivery-van,3,800.0,570.7107794122373,86.7957390410529,10.58,2.04,75.9,1.0,0.8785865028479365
tempo,2,1200.0,722.3705301102898,120.72336943664446,12.86,2.27,64.9,1.0,0.8737442693979786
delivery-van,3,800.0,402.08593625490937,365.6207188577426,12.98,2.56,89.5,0.0,0.7595708018932315
mini-truck,1,5000.0,4896.685415766193,163.5488811020211,8.21,20.44,90.4,1.0,0.7071995997969781
heavy-truck,0,10000.0,8224.437752255766,649.7563003019602,5.59,25.38,97.0,0.0,0.5053292669253933
mini-truck,1,5000.0,2058.7785632602795,304.75670792307994,8.34,16.21,93.1,1.0,0.7738202632866257
delivery-van,3,800.0,775.8224332652653,381.988823759291,11.9,3.05,99.2,1.0,0.8934584682838489
tempo,2,1200.0,356.9267791010052,498.2579403973037,15.97,4.57,96.5,1.0,0.9892544411751931
tempo,2,1200.0,949.2949658466733,696.6045911359804,12.15,2.41,99.1,1.0,0.9838382711589125
delivery-van,3,800.0,443.0118172142198,535.2298936543739,10.37,2.7,57.2,1.0,0.8771610449189085
heavy-truck,0,10000.0,6239.9689445246195,194.0429710763435,4.8,33.44,80.8,1.0,0.5463516048066269
tempo,2,1200.0,412.8931590559279,89.65833677044579,12.35,2.87,65.2,1.0,0.9203446228527182
mini-truck,1,5000.0,3135.033831587412,103.16317852790021,6.57,13.43,56.4,1.0,0.6923069895056256
tempo,2,1200.0,592.7189912748128,384.8727445114796,14.0,2.89,62.2,0.0,0.8101394171541845
heavy-truck,0,10000.0,2641.9211595432034,638.7560058465182,4.3,39.24,60.7,1.0,0.5210480149782805
delivery-van,3,800.0,471.24826807842896,553.9233638400315,10.79,3.0,54.6,1.0,0.7893320477482191
tempo,2,1200.0,963.2581354336018,109.0379842571889,15.05,4.26,70.7,1.0,1.0
delivery-van,3,800.0,835.0044687132611,427.81027700629124,11.83,1.79,65.7,1.0,0.7836290990429435
tempo,2,1200.0,577.1139491049519,539.947822876157,12.75,2.76,86.4,1.0,0.9275468839089716
heavy-truck,0,10000.0,9706.352119125315,321.1232088066334,5.4,19.51,78.7,0.0,0.500146191419063
delivery-van,3,800.0,730.7952766157093,350.9887352043961,11.53,3.47,48.0,1.0,0.8225542602775533
heavy-truck,0,10000.0,1760.8515599969928,399.3692439699657,5.12,42.62,48.9,1.0,0.51794795416863
delivery-van,3,800.0,348.90115340899257,230.70228892087732,12.22,2.52,99.0,1.0,0.9675690841739024
delivery-van,3,800.0,677.9366371404543,182.17951674311195,10.41,3.4,85.2,1.0,0.8910300345607697
mini-truck,1,5000.0,4050.950554646548,354.55295251179786,7.47,11.04,54.4,1.0,0.6754427882816124
heavy-truck,0,10000.0,8902.121630057442,101.68031849739002,5.02,27.69,94.4,1.0,0.6200855375427378
delivery-van,3,800.0,167.02025543763213,567.4154149184278,13.58,2.94,84.9,1.0,1.0
delivery-van,3,800.0,708.8040243134842,530.1634306526194,12.74,3.2,49.9,1.0,0.8360281308386598
delivery-van,3,800.0,569.444842224049,529.0242137561218,13.0,2.3,80.1,1.0,0.8777501407757182
tempo,2,1200.0,1199.1387438628065,691.6893409885254,14.06,4.57,59.8,1.0,0.8992270746538282
heavy-truck,0,10000.0,4707.3417813933875,684.4491572437013,5.56,21.42,59.6,0.0,0.47101599629348945
heavy-truck,0,10000.0,2126.051649760686,212.0603041140791,4.41,36.09,65.7,1.0,0.4750064302857846
tempo,2,1200.0,1188.2022120964466,554.2777470422154,15.44,2.17,79.2,0.0,0.8215749341968296
delivery-van,3,800.0,295.6109686826698,436.5357397292797,10.55,1.83,47.6,0.0,0.691161331336846
delivery-van,3,800.0,128.02524665410087,449.5098983909633,13.32,3.2,61.0,1.0,0.8334166083471083
tempo,2,1200.0,894.3507289997224,86.35005125120884,15.8,4.12,95.2,1.0,0.9361824771579365
delivery-van,3,800.0,285.16692905720583,254.4098499479568,13.77,3.14,70.3,1.0,0.8727487867404267
delivery-van,3,800.0,224.461773527396,567.2567266272251,11.78,3.39,96.2,1.0,0.974071627927442
heavy-truck,0,10000.0,10053.201699412683,332.9311447453807,4.52,37.67,79.7,0.0,0.24387881806591866
mini-truck,1,5000.0,4145.364718072033,677.5855380098757,6.57,11.85,74.3,1.0,0.7493958612843927
mini-truck,1,5000.0,4967.081386317847,498.9605713341833,8.55,20.17,93.4,0.0,0.6078930169748366
tempo,2,1200.0,303.3908312370233,373.9951880815974,15.11,3.46,50.5,1.0,0.7991263376870632
tempo,2,1200.0,466.9114550593512,364.7974467779011,13.83,3.81,56.1,1.0,0.9261014549745098
tempo,2,1200.0,446.32968044161527,361.6518289646508,15.0,2.16,70.2,1.0,0.9856392557934749
mini-truck,1,5000.0,3039.2974126653235,319.96529671696067,6.74,17.07,63.5,1.0,0.7335553797551052
heavy-truck,0,10000.0,7270.824504929398,592.4579938059888,5.12,30.69,61.5,1.0,0.5803297525665504
mini-truck,1,5000.0,2515.1376448117358,450.508648126117,8.41,14.92,59.0,0.0,0.543609893909942
delivery-van,3,800.0,827.5789052640631,394.1423814214707,10.78,1.75,54.8,1.0,0.7789265953693711
mini-truck,1,5000.0,4948.11467380122,323.57013426721994,8.12,11.42,68.7,1.0,0.8678071571923794
heavy-truck,0,10000.0,5173.669846754646,204.18934030329666,4.39,36.49,73.3,1.0,0.48276498209528723
heavy-truck,0,10000.0,7786.175265179206,264.0951913404512,4.76,18.21,85.6,1.0,0.7364873803101246
delivery-van,3,800.0,308.97603134537354,128.13024863111588,12.94,1.76,52.7,1.0,0.875636029639832
tempo,2,1200.0,762.3437711381563,242.18630623536143,13.52,4.5,85.7,1.0,0.9491273455491248
delivery-van,3,800.0,508.6621096145473,646.2399630993672,12.73,3.48,76.4,1.0,0.8755830789799239
mini-truck,1,5000.0,1056.120033828635,501.7445401807435,7.78,13.59,62.8,1.0,0.6272358169044379
mini-truck,1,5000.0,5219.51159740949,643.8714603765636,7.06,11.29,63.5,1.0,0.640973573286654
mini-truck,1,5000.0,4479.17838886065,405.0937093091452,7.94,13.03,66.9,1.0,0.7747512047115708
tempo,2,1200.0,702.324414528727,514.9097493107894,12.35,4.73,77.4,1.0,0.8706347699273098
delivery-van,3,800.0,472.2418819316136,110.92467454942025,11.73,1.39,67.2,1.0,1.0
tempo,2,1200.0,974.6091174751276,165.69788694480607,15.31,5.23,84.6,0.0,0.7921044104352801
mini-truck,1,5000.0,2125.2202133249943,351.13459901197905,8.49,17.8,98.8,1.0,0.743059692317953
delivery-van,3,800.0,338.00555042813147,461.12684099462274,11.94,2.66,90.6,0.0,0.8978261398928147
mini-truck,1,5000.0,4854.243743651199,432.2404939115978,7.57,11.53,89.9,1.0,0.804696908786996
tempo,2,1200.0,437.44021412595777,594.8934231505468,12.97,4.34,64.0,1.0,0.7915605515673589
mini-truck,1,5000.0,2486.278508851517,368.5142950838098,6.52,15.88,66.4,1.0,0.616786223349025
heavy-truck,0,10000.0,5986.428944196747,176.36591229002767,5.7,32.92,66.1,1.0,0.5101629996256499
tempo,2,1200.0,298.73529749805067,90.07160929181602,12.39,4.58,92.6,0.0,0.7841332093095245
mini-truck,1,5000.0,1069.406707298203,432.63991167664693,7.89,13.12,59.2,1.0,0.709607142490847
mini-truck,1,5000.0,4670.7328936416625,644.4368823202893,6.61,10.68,83.8,1.0,0.8598964401863307
delivery-van,3,800.0,569.8932736217787,635.8854646231225,12.39,1.83,55.8,1.0,0.8544544086065584
mini-truck,1,5000.0,967.8814463870101,396.2031387275801,8.35,20.67,48.3,1.0,0.7509798240579981
tempo,2,1200.0,962.6280600077072,144.36944152300237,15.7,4.33,92.8,1.0,0.9445062578749457
mini-truck,1,5000.0,4800.6945970090155,79.50009324381732,7.74,8.75,93.9,1.0,0.7831505651763612
mini-truck,1,5000.0,1215.3168892188796,595.3756018603873,7.12,8.0,65.7,1.0,0.8037490426881798
heavy-truck,0,10000.0,10489.882290996393,117.66128422871532,4.76,23.74,78.0,1.0,0.49048746374466523
tempo,2,1200.0,1177.611041821682,694.8843206069542,13.73,3.85,85.4,1.0,0.8719967207081785
mini-truck,1,5000.0,4614.147282721221,86.70874581694221,8.08,20.61,94.1,1.0,0.7320343238975482
tempo,2,1200.0,904.735857663099,620.1315773919442,13.9,4.08,81.7,1.0,1.0
heavy-truck,0,10000.0,2175.6737412132293,438.2588071940096,4.35,41.95,95.3,0.0,0.3805269624636179
tempo,2,1200.0,300.16441078193174,320.7117046931409,12.95,2.03,88.4,0.0,0.6905323019529593
tempo,2,1200.0,295.81042572802545,605.5533886116202,12.39,4.93,67.5,1.0,0.9303147854199503
tempo,2,1200.0,764.0068759094232,333.0418276691544,15.59,3.76,92.8,1.0,0.9897201553138743
mini-truck,1,5000.0,2516.4851441259652,669.1148898587269,6.38,19.32,90.1,1.0,0.743279532408418
mini-truck,1,5000.0,1342.0686187490996,70.83705893475106,7.77,9.03,81.8,1.0,0.8033477606012245
tempo,2,1200.0,1219.6662486489165,268.60909515285164,14.31,3.02,79.0,1.0,0.814731764263919
tempo,2,1200.0,1024.1594748255689,334.9433984894523,13.66,2.44,78.5,0.0,0.8553430816353405
mini-truck,1,5000.0,2383.863031328572,209.58475652459532,7.76,15.76,71.6,1.0,0.7556418983299037
delivery-van,3,800.0,461.0183699792808,164.22421874570944,13.73,1.64,53.5,1.0,0.9326754275812684
mini-truck,1,5000.0,2657.7382887193858,252.2966830696455,8.36,8.4,72.8,0.0,0.7304376856625708
mini-truck,1,5000.0,2026.4058938823914,445.7454438365403,6.59,11.06,87.2,1.0,0.7610302958022829
mini-truck,1,5000.0,4525.384410130437,598.2929871476722,7.36,8.85,60.3,1.0,0.7395343755342828
tempo,2,1200.0,1081.5854618215503,221.52254196879753,12.66,4.19,63.5,0.0,0.7761857115942319
mini-truck,1,5000.0,4546.039178751226,194.333343263812,8.57,11.92,81.4,1.0,0.7366418562557495
delivery-van,3,800.0,123.90249183335611,562.4753619409253,13.78,3.1,62.0,0.0,0.8059252732390306
mini-truck,1,5000.0,1151.5341821695422,535.5019498427853,8.43,16.82,88.9,0.0,0.5995691629257659
tempo,2,1200.0,380.417233716239,191.97340889970354,13.15,3.56,50.6,1.0,0.8605472484158717
heavy-truck,0,10000.0,4493.349386239678,292.4985647540783,5.29,40.66,81.5,1.0,0.5516444576989111
delivery-van,3,800.0,619.592944703668,124.07542144306191,10.63,2.86,59.5,1.0,0.8231989683725056
heavy-truck,0,10000.0,8960.444445672307,635.5037431420684,5.65,21.22,58.8,1.0,0.6906201923458851
heavy-truck,0,10000.0,2463.2870640233,662.6113100367787,5.5,30.24,89.1,1.0,0.6874147889929878
delivery-van,3,800.0,720.5090830022551,590.3015058066012,13.16,1.32,86.5,1.0,0.8817987637646533
heavy-truck,0,10000.0,6752.70983073981,263.17597764186735,4.55,21.13,98.5,1.0,0.6088184038386854
delivery-van,3,800.0,540.9532570695438,497.34305995448824,12.02,2.85,52.1,0.0,0.7524729502867928
tempo,2,1200.0,869.9863797456196,483.8809469886146,15.03,4.47,86.2,0.0,0.7805923897725427
heavy-truck,0,10000.0,2813.4143038249686,679.0007543179015,4.76,29.55,60.1,0.0,0.4195037709051625
tempo,2,1200.0,206.7297185684643,291.8429639165446,15.07,2.13,76.5,0.0,0.797318335288903
mini-truck,1,5000.0,4250.867376772756,311.60564548288846,8.33,21.64,94.2,1.0,0.6549826958633818
tempo,2,1200.0,204.40388824117147,455.58212440341924,14.74,2.65,77.4,1.0,1.0
heavy-truck,0,10000.0,9591.52552815804,213.19286591857093,4.52,38.33,64.2,1.0,0.44922124137518815
tempo,2,1200.0,799.3222306739635,196.11118867245978,13.47,2.95,82.5,1.0,0.9414262381237869
tempo,2,1200.0,750.7048525828808,690.3385734216794,13.4,4.6,70.8,1.0,0.9564942050192029
mini-truck,1,5000.0,2856.3335356606185,534.4879444123336,7.9,10.9,48.0,1.0,0.7646086545205609
delivery-van,3,800.0,838.6563996231976,695.8526124651569,11.15,2.83,65.6,1.0,0.7553857974826336
mini-truck,1,5000.0,1613.434475671483,233.63455802658066,6.73,16.11,84.1,1.0,0.733180162245809
heavy-truck,0,10000.0,7991.411233342319,397.30693091821877,5.26,23.87,99.4,1.0,0.7112471608719697
heavy-truck,0,10000.0,10329.564020915073,538.9925455272526,4.43,34.39,84.4,1.0,0.40714990536046813
tempo,2,1200.0,630.8058466957954,258.84263613650626,14.3,3.23,92.9,1.0,1.0
delivery-van,3,800.0,120.76568855464727,247.2800202413856,12.72,3.23,48.5,0.0,0.6796189685623373
tempo,2,1200.0,1034.528827524384,657.6761727543812,13.77,4.42,50.8,1.0,0.8556407249872051
delivery-van,3,800.0,720.2656756545449,691.529719407963,13.77,2.41,80.6,0.0,0.8019120578578028
mini-truck,1,5000.0,1808.638298061301,122.01090305208652,8.02,18.8,69.0,1.0,0.6110456666066959
tempo,2,1200.0,215.08618170978062,529.2127018303863,12.71,2.43,68.8,1.0,0.9451498755513023
mini-truck,1,5000.0,4812.799940962994,400.7438880365306,7.53,20.3,87.2,1.0,0.6768746810553783
mini-truck,1,5000.0,4225.231362734931,282.4906812305631,6.67,20.47,80.4,0.0,0.5485894200140397
mini-truck,1,5000.0,3703.2242382913196,200.92170180990038,7.89,12.33,54.9,1.0,0.6494146066411374
delivery-van,3,800.0,147.461450216758,543.9436051557402,13.43,3.29,63.6,1.0,0.8636120923956123
heavy-truck,0,10000.0,8746.540461736182,558.7796394376,5.52,21.87,47.3,1.0,0.6558619781908333
heavy-truck,0,10000.0,9388.634117485732,441.62985301755356,4.77,40.47,97.5,0.0,0.35994526207669564
heavy-truck,0,10000.0,4667.591639840168,114.01004742174159,5.18,34.86,89.7,1.0,0.6559286489457069
heavy-truck,0,10000.0,2226.9949865534395,294.38011156772694,5.3,23.41,55.0,1.0,0.6382614195325976
tempo,2,1200.0,577.8951395352767,433.5298368402382,11.96,4.96,68.4,1.0,0.805719938706256
mini-truck,1,5000.0,4640.510031557541,574.7237503282032,6.7,18.88,60.9,0.0,0.5547119140971479
heavy-truck,0,10000.0,4403.740964519524,631.50724083114,5.27,28.35,70.8,1.0,0.5841245046987866
tempo,2,1200.0,1021.0523658622465,569.0067261409249,13.13,2.63,89.2,1.0,0.9461873126846673
mini-truck,1,5000.0,2551.775080803555,306.89731165989343,8.05,14.48,82.0,1.0,0.7340940896192404
tempo,2,1200.0,870.9693675018704,641.2538897017554,13.27,2.31,80.4,0.0,0.7427127564691272
delivery-van,3,800.0,624.8770273405743,373.14182871282196,11.0,2.85,64.2,1.0,0.7539181132347413
heavy-truck,0,10000.0,10111.535411050709,71.62710041472522,4.88,39.38,60.0,0.0,0.3416747341184067
tempo,2,1200.0,600.934193467014,261.55012921923395,15.97,2.19,94.4,1.0,0.9797364369584491
heavy-truck,0,10000.0,9388.630748478561,271.37953328960475,5.09,30.25,64.1,0.0,0.43274229428172634
tempo,2,1200.0,525.8553218749523,247.20373021208508,14.87,2.18,92.7,1.0,1.0
mini-truck,1,5000.0,1546.6554306918683,695.6539860405728,7.47,8.5,72.2,1.0,0.834360133943783
tempo,2,1200.0,233.9272056574522,406.9384694053914,12.21,3.57,50.8,1.0,0.8741160343491462
tempo,2,1200.0,440.48900807217484,646.818028891611,13.86,4.09,94.5,1.0,0.8605220295296574
tempo,2,1200.0,728.899465128515,155.783574134748,13.67,3.01,50.3,1.0,0.8774904472721787
heavy-truck,0,10000.0,2305.2400172342773,207.98764037616644,5.63,31.28,74.2,0.0,0.4468354863445163
delivery-van,3,800.0,181.23560262218362,400.8040975473738,10.97,1.6,83.2,1.0,0.926756402904159
heavy-truck,0,10000.0,7192.2301391073825,547.4821106126753,5.57,31.54,91.2,1.0,0.6110072287624818
delivery-van,3,800.0,404.3400394297195,97.73339000777753,10.94,1.81,68.7,1.0,0.8472231443836509
heavy-truck,0,10000.0,3756.4579591849283,629.5649899445038,4.32,40.5,55.0,1.0,0.5490515391162152
heavy-truck,0,10000.0,6955.233021878944,493.18000830533515,4.54,17.74,55.9,1.0,0.702828208066911
delivery-van,3,800.0,251.20612243985354,308.6780220474834,10.34,1.84,60.2,0.0,0.7457250217684299
mini-truck,1,5000.0,1519.416583390139,268.29652223307306,6.45,13.84,73.5,1.0,0.6934133667035738
mini-truck,1,5000.0,3990.8570700758437,198.61988261606166,6.55,17.54,68.0,1.0,0.6523755829666109
delivery-van,3,800.0,670.347704871329,589.4804486859108,10.43,3.51,93.7,1.0,0.8856850304106254
mini-truck,1,5000.0,3229.8640843196717,383.47203776213996,7.22,21.07,62.7,1.0,0.72100213535919
delivery-van,3,800.0,234.10166198202066,514.0549020845115,12.43,1.5,58.5,1.0,0.9663987826843548
tempo,2,1200.0,644.626862695761,156.89613831801233,13.79,3.47,48.6,1.0,0.9061240437196071
delivery-van,3,800.0,532.7976063272838,567.6680738597618,11.29,3.41,76.7,1.0,0.8570434383286454
delivery-van,3,800.0,492.31491393128476,571.7448715281525,12.18,2.39,94.6,1.0,0.9437957624552614
mini-truck,1,5000.0,2057.3849645822706,647.3722355020764,7.75,13.29,63.8,1.0,0.8004923954040419
delivery-van,3,800.0,671.4141587102448,79.07117805288749,12.41,1.53,83.5,0.0,0.796670966666525
delivery-van,3,800.0,387.1488150628365,607.6205257357395,12.03,2.44,45.5,1.0,0.8964776912092781
mini-truck,1,5000.0,2344.0715360929166,309.77458018918554,7.19,15.44,73.6,1.0,0.7635058536600299
delivery-van,3,800.0,334.81909431775574,425.13859361842424,12.67,3.28,99.4,1.0,1.0
mini-truck,1,5000.0,1189.9208818664201,317.7767883173414,8.29,16.83,85.7,1.0,0.7872284155732042
heavy-truck,0,10000.0,8433.269752255968,291.9349732036317,4.87,30.44,75.6,0.0,0.3991768521923411
heavy-truck,0,10000.0,2088.7998750323704,462.9722893879114,5.23,24.66,57.1,1.0,0.536160195469779
tempo,2,1200.0,596.4674559713571,271.46831744169043,15.21,3.71,61.4,1.0,0.8655180537879159
tempo,2,1200.0,479.138149844304,433.46871379247466,12.05,3.05,86.8,1.0,0.9545709792251987
tempo,2,1200.0,461.50920978597446,204.6560210716889,13.68,4.3,65.0,1.0,0.9297891420159099
tempo,2,1200.0,996.5335466328598,452.8395300337862,14.03,4.84,72.0,1.0,1.0
delivery-van,3,800.0,485.1371722515788,188.96947504123986,13.33,1.8,80.5,1.0,0.9582282793826467
heavy-truck,0,10000.0,8150.822948526135,654.3735395851082,4.58,28.19,50.1,1.0,0.5946952939186438
tempo,2,1200.0,584.1507461291834,283.8539987938544,16.08,2.55,76.8,1.0,0.9070725707579331
delivery-van,3,800.0,164.38745456033263,76.88512121442905,11.26,1.46,82.5,1.0,0.9136255476263162
heavy-truck,0,10000.0,9117.184110563778,655.7583032157138,4.48,31.98,78.3,1.0,0.5749889657495978
mini-truck,1,5000.0,2704.71519365583,128.88117239459228,7.06,17.91,52.2,1.0,0.6522708994657342
tempo,2,1200.0,495.34749951237757,339.974503969048,13.41,4.62,75.5,1.0,0.8553761895182609
heavy-truck,0,10000.0,2795.6663845356647,149.24029450560155,4.46,34.61,73.6,1.0,0.5752150996077013
tempo,2,1200.0,808.6542963482563,516.6064983433249,12.02,4.91,65.7,1.0,0.9397576579483105
delivery-van,3,800.0,613.4871448868805,177.09244697296606,12.18,2.22,56.5,1.0,0.8721539218927261
delivery-van,3,800.0,780.6347235693023,230.84306244642832,11.53,3.22,64.4,1.0,0.8383205515634802
heavy-truck,0,10000.0,3844.190925482217,180.97821816950415,5.59,40.69,58.0,0.0,0.31131638304043713
heavy-truck,0,10000.0,3623.647909452915,104.85556615520906,5.25,17.01,99.7,1.0,0.7562179157922467
heavy-truck,0,10000.0,2560.8868304355947,191.35171177717774,5.07,19.27,54.2,1.0,0.7107521960790589
delivery-van,3,800.0,682.9002357115802,553.7719731623488,13.78,2.08,77.8,1.0,0.9225522652031991
heavy-truck,0,10000.0,3056.2742920761098,232.82108979567312,5.75,20.71,73.4,1.0,0.6868926927850049
heavy-truck,0,10000.0,6090.872096674331,219.8657404357091,5.54,22.24,67.3,1.0,0.5949836370034322
tempo,2,1200.0,632.5537369003763,373.04696106950223,15.02,3.79,98.4,0.0,0.8395720029801363
delivery-van,3,800.0,464.67147721348124,699.1430715812372,12.84,3.07,57.2,1.0,0.934472624533886
mini-truck,1,5000.0,851.0245378825321,442.9234868657297,7.54,17.4,55.8,1.0,0.663271059137019
tempo,2,1200.0,848.1606851619259,167.18706063789696,13.17,2.0,57.3,0.0,0.672791493520564
tempo,2,1200.0,1245.28907255197,420.57105884632,12.31,4.25,53.5,1.0,0.7945661588689225
tempo,2,1200.0,996.5262315131342,608.7947027556463,14.05,2.33,81.0,1.0,0.9043956548149944
mini-truck,1,5000.0,968.815131165707,697.919645764846,8.2,8.43,48.6,1.0,0.843376280240993
delivery-van,3,800.0,232.3892814731418,153.23202717945884,11.52,2.46,70.0,1.0,0.8217180483820757
mini-truck,1,5000.0,5078.432230194385,625.5926313695618,7.28,21.54,92.6,1.0,0.5983582728749275
tempo,2,1200.0,970.5220332570901,238.23532718518868,13.27,2.46,96.1,1.0,0.8767716895419804
tempo,2,1200.0,215.46733925176895,427.995994719802,15.7,3.84,80.0,1.0,0.9850865929372833
delivery-van,3,800.0,730.4100365684845,159.58842559612128,11.83,3.36,66.2,1.0,0.8646384881883942
mini-truck,1,5000.0,5165.998362833569,531.4087932103906,6.74,20.26,54.9,1.0,0.576768991018851
delivery-van,3,800.0,542.2781883257363,104.3218133348303,12.74,3.04,56.3,1.0,0.9260892233036488
mini-truck,1,5000.0,869.7548867699873,136.10047924320133,7.08,14.54,73.3,0.0,0.5859999768071714
delivery-van,3,800.0,205.76706961583628,222.76850282886258,12.98,1.5,86.1,1.0,0.9996296738334104
mini-truck,1,5000.0,3632.466076550598,180.52720683681946,7.52,18.31,49.5,1.0,0.7126530414020505
tempo,2,1200.0,239.25929909382506,62.16870654537068,15.08,4.13,98.7,1.0,0.9652533907516623
mini-truck,1,5000.0,972.1986480414922,215.79091745366532,7.45,11.87,90.4,1.0,0.7710212724492618
tempo,2,1200.0,436.67933270011247,214.86316197416932,15.42,2.94,79.6,1.0,0.8844755450073196
heavy-truck,0,10000.0,6080.400840859971,647.3432203792901,4.91,25.02,88.2,1.0,0.6668646085404796
heavy-truck,0,10000.0,5404.9865843114485,518.73314055957,5.4,24.52,83.6,0.0,0.6184715577691006
mini-truck,1,5000.0,4923.392334858512,164.59539196326347,6.81,11.26,83.0,1.0,0.883143344324405
tempo,2,1200.0,1146.4690209045834,694.2158417056905,12.41,2.7,62.0,1.0,0.9521842174148641
heavy-truck,0,10000.0,2823.669598722772,457.36249105049416,4.27,39.94,99.7,1.0,0.6164100435370827
tempo,2,1200.0,377.91831511061935,239.85309651962018,13.92,3.48,68.4,1.0,0.9351112905495578
delivery-van,3,800.0,822.8618098690349,625.6390854687628,10.33,2.05,53.9,1.0,0.6848274472788772
heavy-truck,0,10000.0,3638.1466154324967,286.4722691620103,4.26,39.24,57.8,1.0,0.6013491266530646
delivery-van,3,800.0,717.668772687407,660.0836572370125,13.31,1.72,94.3,0.0,0.797819210684509
tempo,2,1200.0,877.2431757236947,510.07415970466695,15.99,2.8,49.4,0.0,0.7417428950865941
heavy-truck,0,10000.0,5075.081786068891,623.2975064356858,5.29,20.95,81.3,1.0,0.6625252121932372
tempo,2,1200.0,370.96329455807705,678.9657018185252,13.38,4.35,46.2,0.0,0.7763399933486345
mini-truck,1,5000.0,4894.274120855113,282.21777193441073,8.28,11.99,72.0,1.0,0.7182792883186497
tempo,2,1200.0,773.8014690738715,522.1461064326534,12.68,4.69,84.3,0.0,0.8000414662573465
delivery-van,3,800.0,801.5987275821672,332.7707662775793,13.72,3.21,53.7,0.0,0.6967718892085384
tempo,2,1200.0,844.5286198278743,448.92041373225055,12.71,3.02,87.9,1.0,0.9239441133543698
delivery-van,3,800.0,295.78979166374995,132.8009222765685,11.43,3.22,90.4,1.0,0.9145299028588314
heavy-truck,0,10000.0,7375.1810197459245,283.9147398632625,5.4,20.15,61.5,1.0,0.6950955873933181
heavy-truck,0,10000.0,9447.233996026509,85.74696235879131,5.67,38.01,54.0,1.0,0.5500213517898224
mini-truck,1,5000.0,4380.977432489286,64.11265431583878,8.46,11.7,51.1,0.0,0.6052408801430365
delivery-van,3,800.0,833.4133671984116,157.55650494256997,12.29,1.52,83.3,1.0,0.7485118210605665
delivery-van,3,800.0,287.0972307725817,399.98502757063187,12.77,2.0,76.0,1.0,0.9236744016649778
mini-truck,1,5000.0,4311.806142692518,176.48537113970326,8.03,14.37,76.3,1.0,0.8749640167754933
mini-truck,1,5000.0,1718.0965082608234,228.63256789320715,7.18,14.24,47.9,1.0,0.6708617597940911
delivery-van,3,800.0,830.1116295987615,299.1016288378754,12.71,1.96,45.1,1.0,0.7231352262076151
delivery-van,3,800.0,839.4569373090882,582.6742494545666,10.78,1.52,64.9,0.0,0.6644724486030184
mini-truck,1,5000.0,5200.405405295059,541.8636619950325,8.05,14.72,82.2,1.0,0.6205269772784316
delivery-van,3,800.0,466.7333178447794,578.3663130646481,11.15,1.68,53.3,1.0,0.8979512198463351
delivery-van,3,800.0,396.65325723875185,235.53290642292197,11.23,1.3,94.7,1.0,0.879638811511681
mini-truck,1,5000.0,5033.077363709936,687.4390873893785,7.15,12.67,50.4,0.0,0.43841932758090396
tempo,2,1200.0,683.2982284579757,151.5713444475668,13.61,2.6,90.4,1.0,0.929232524652396
tempo,2,1200.0,1201.7276155588218,389.42284093475024,14.84,3.33,64.5,1.0,0.8426020232208902
mini-truck,1,5000.0,1339.4876263413094,69.27250348514157,8.47,12.18,94.5,0.0,0.6491054706313292
heavy-truck,0,10000.0,2000.6466724008224,555.7339703440773,4.94,20.38,98.6,0.0,0.5419410810899337
tempo,2,1200.0,498.0246207530658,114.26639658754873,15.48,4.76,91.0,1.0,0.8726039093592445
mini-truck,1,5000.0,2274.9032733357326,560.944042951398,7.16,18.21,77.6,1.0,0.6789526859710376
delivery-van,3,800.0,494.84089549178304,115.14212681797574,10.75,1.35,48.8,1.0,0.8887790751505774
tempo,2,1200.0,190.8686727490241,558.8671812913449,12.03,4.98,81.8,1.0,0.8599419106393491
tempo,2,1200.0,474.3381164585547,307.02703778714795,13.25,5.04,69.0,0.0,0.7492979780738107
delivery-van,3,800.0,413.6811366710327,661.857877765975,11.86,2.16,49.9,0.0,0.7258379807557837
tempo,2,1200.0,891.5403314689573,650.7152670721797,14.36,4.2,68.1,1.0,0.8640897532687943
tempo,2,1200.0,292.32191369343855,325.388684537685,15.93,4.6,84.2,1.0,0.9244760433141005
heavy-truck,0,10000.0,3234.781027899981,105.89926251980792,5.15,18.24,84.2,0.0,0.5408897974402627
tempo,2,1200.0,1213.1843177514713,436.89850298837234,15.84,4.29,91.4,1.0,0.8251800338758705
mini-truck,1,5000.0,4169.225021960541,567.9068565322734,7.85,16.24,84.6,1.0,0.8423049524846548
delivery-van,3,800.0,368.3153732532045,635.2996847883777,11.82,2.33,58.0,1.0,0.8110671685684019
mini-truck,1,5000.0,4506.294458480842,210.89641401907238,6.7,16.34,84.2,1.0,0.7083403081851822
heavy-truck,0,10000.0,9105.095111441462,76.21387783179024,4.72,43.21,63.8,1.0,0.5239138026572884
tempo,2,1200.0,210.78289765955134,130.29731740213185,13.35,4.55,63.2,1.0,0.9236879164874241
tempo,2,1200.0,848.1861480638062,441.7543537777331,13.57,4.53,67.1,1.0,0.8836611990162807
mini-truck,1,5000.0,2241.3490556130046,461.70182576357445,6.99,13.84,91.6,1.0,0.7156671973764601
heavy-truck,0,10000.0,5790.4317840860485,330.87974704285114,4.47,21.66,86.5,0.0,0.5725686292574651
heavy-truck,0,10000.0,6904.6473236722995,567.8491310106839,5.45,42.25,66.9,1.0,0.49642272224166833
delivery-van,3,800.0,725.4163150864061,214.7042522698589,12.1,2.39,83.5,1.0,0.9591149452353689
delivery-van,3,800.0,751.3704820552008,609.5654139435318,12.32,3.25,78.2,0.0,0.7624710195286385
tempo,2,1200.0,1010.6725542653179,457.9909903019267,12.22,4.05,62.2,1.0,0.8446240715888667
delivery-van,3,800.0,751.1816029487048,437.3624965859349,11.17,1.87,92.4,1.0,0.8757053459658736
tempo,2,1200.0,750.1324315154546,230.34654293250122,14.42,4.4,60.7,1.0,0.9120297891328651
heavy-truck,0,10000.0,9290.908732509113,553.509893332008,5.7,18.24,48.5,1.0,0.5850523745693725
mini-truck,1,5000.0,985.1046375629735,94.81721120614637,7.35,10.33,55.6,1.0,0.6799322728053872
mini-truck,1,5000.0,4839.653501850721,563.2963876442619,7.33,13.81,78.4,1.0,0.7741636628099856
tempo,2,1200.0,950.9394984139625,650.214707534956,13.05,2.36,59.9,1.0,0.8171966805222439
heavy-truck,0,10000.0,8722.47122535748,554.3258172498096,5.13,16.6,58.0,1.0,0.6312944284050852
tempo,2,1200.0,427.41279589633007,347.47357851449,12.18,4.53,76.7,1.0,0.9056196099885355
tempo,2,1200.0,855.9699054212489,276.83219821950934,12.71,4.32,93.0,1.0,0.8764049582616499
mini-truck,1,5000.0,2210.9618385713043,394.95238938870284,8.5,13.56,60.7,1.0,0.763845967878077
delivery-van,3,800.0,785.7095921971533,255.61653220731102,13.64,1.87,81.8,1.0,0.9709075796197736
heavy-truck,0,10000.0,6607.093257297921,522.2695628585244,5.18,36.58,82.9,1.0,0.5450706817992289
mini-truck,1,5000.0,4702.069875175854,442.77094141584973,7.85,20.46,64.5,1.0,0.6743775010711991
tempo,2,1200.0,708.2090618605199,72.92563197583824,15.7,4.91,93.3,1.0,0.9624617895250291
delivery-van,3,800.0,448.37930443510174,339.1680475911212,12.16,3.47,61.0,1.0,0.8517090100403744
delivery-van,3,800.0,737.6823868608362,529.6211683734393,10.72,3.25,91.1,1.0,0.9299788166674671
tempo,2,1200.0,374.73860291872734,82.76299009488099,11.97,4.34,52.7,1.0,0.9050663337303605
delivery-van,3,800.0,733.5534118515752,350.5519350478851,10.51,1.39,92.9,0.0,0.7703929095002954
mini-truck,1,5000.0,2515.096048043465,536.1368003156679,7.13,13.3,63.3,1.0,0.8304259633603274
mini-truck,1,5000.0,900.3857268136093,62.24650734320235,7.23,15.67,65.3,1.0,0.7158784025703246
mini-truck,1,5000.0,5115.984512205666,147.19956984375307,8.12,19.89,66.4,0.0,0.47831931336899086
tempo,2,1200.0,719.1145739328381,81.72735366482648,15.33,2.6,48.9,0.0,0.7068538046766147
mini-truck,1,5000.0,2484.267876866941,240.2414165464882,7.69,13.43,60.6,1.0,0.6707934007558166
mini-truck,1,5000.0,2130.1026363991264,131.84384051996483,6.42,15.11,75.8,1.0,0.7262732519959807
tempo,2,1200.0,503.80185144640575,494.25585042205347,13.41,4.27,54.3,1.0,0.8212539335318396
heavy-truck,0,10000.0,7060.854093642106,237.45163097544525,4.55,35.54,65.7,1.0,0.5513806774768236
delivery-van,3,800.0,702.1984491803036,522.5684427668282,12.07,2.5,49.5,1.0,0.9034336734250805
delivery-van,3,800.0,574.4995291181435,472.83473804833704,12.87,2.72,78.3,1.0,0.9659834706671783
delivery-van,3,800.0,229.60626118806502,697.5773051972458,12.37,3.48,54.9,1.0,0.8563794501563468
mini-truck,1,5000.0,3900.192369631349,274.0274850000104,6.82,8.69,71.6,0.0,0.6021283548566915
mini-truck,1,5000.0,4945.353692301601,493.188631067962,7.54,15.92,53.4,0.0,0.5735165083011418
tempo,2,1200.0,267.4314968638249,618.3323610677243,14.55,3.36,93.4,0.0,0.7958188235945377
tempo,2,1200.0,370.331634030142,65.50961743388193,13.72,4.71,86.6,0.0,0.7839984252284892
tempo,2,1200.0,198.6365583190773,95.86131304852721,13.57,4.0,73.8,1.0,0.9644750463484824
heavy-truck,0,10000.0,9167.361848421277,411.4174245560889,5.33,20.04,71.4,1.0,0.6334112698511222
tempo,2,1200.0,402.2277027345781,79.30140806124172,13.4,3.45,57.7,0.0,0.808401154448269
delivery-van,3,800.0,186.9615454862232,636.1241896970405,11.42,2.06,55.9,1.0,0.8886277316992999
delivery-van,3,800.0,468.0581900040312,121.37615386827406,12.52,1.68,98.0,1.0,0.959500088345426
tempo,2,1200.0,801.3438405648226,129.70265030844365,14.73,2.03,73.2,0.0,0.7968412354943117
mini-truck,1,5000.0,3798.883023820216,498.84213772939665,7.82,11.37,99.2,1.0,0.7586502421228688
heavy-truck,0,10000.0,3517.116474724897,390.7386711654079,5.59,41.0,48.9,1.0,0.40970306948878166
delivery-van,3,800.0,723.6976433706639,601.3124360781047,12.67,2.65,55.1,1.0,0.8835813680018587
mini-truck,1,5000.0,2032.6148507205876,65.36101849739389,6.38,19.27,54.8,1.0,0.625811538131197
tempo,2,1200.0,458.90184659343606,186.86630762812678,12.77,4.96,50.3,0.0,0.7381620382570679
mini-truck,1,5000.0,4795.9837312011105,379.3817236983639,7.49,12.18,72.0,1.0,0.7488293036647722
tempo,2,1200.0,1254.4472462029294,183.44099012857185,13.67,2.75,72.8,1.0,0.8594349550944156
heavy-truck,0,10000.0,6684.145219570065,240.49296119956225,5.74,22.59,49.0,1.0,0.6506446862382085
heavy-truck,0,10000.0,7928.688302483067,266.4654863593123,5.17,31.66,75.2,1.0,0.6686500272929445
heavy-truck,0,10000.0,6261.420595915037,697.4315052144656,4.29,22.38,93.4,1.0,0.7159696256937214
heavy-truck,0,10000.0,10027.717164493095,182.68274556583543,5.31,30.96,86.7,1.0,0.49531761101737026
heavy-truck,0,10000.0,10227.098097225471,134.91086362822023,5.45,23.17,54.1,1.0,0.5264008198742169
tempo,2,1200.0,675.8290650602617,317.3747376324332,13.19,2.33,96.8,1.0,0.9494220399199093
delivery-van,3,800.0,537.7873885131015,627.5077990261977,13.11,2.53,53.5,1.0,0.9346126518840514
mini-truck,1,5000.0,871.6954489709658,139.27154613728305,7.72,8.18,96.4,1.0,0.8674631630668763
mini-truck,1,5000.0,3897.9858136445005,328.54877342971093,8.45,14.23,75.6,1.0,0.7632480959828104
delivery-van,3,800.0,481.8305122496104,380.2141757195279,10.26,2.91,61.8,1.0,0.8739088132824249
tempo,2,1200.0,635.1922175418833,460.79264872831374,13.07,4.68,50.0,1.0,0.8517157746754919
delivery-van,3,800.0,665.5914987641004,476.4993512865988,13.52,2.96,74.0,1.0,0.9840944818741043
delivery-van,3,800.0,762.4203800354215,187.3874957137391,12.14,2.5,95.2,1.0,0.9899938302782675
tempo,2,1200.0,1233.1867995104753,442.14355540649035,14.37,3.22,50.4,1.0,0.7649817095487086
mini-truck,1,5000.0,2569.773256000159,479.72142006769604,6.39,14.84,58.5,0.0,0.6294669288248179
mini-truck,1,5000.0,1626.2906155730793,609.8342289316439,8.36,16.82,88.7,0.0,0.6292696218014221
heavy-truck,0,10000.0,1743.2601726218797,568.4778010012271,5.16,39.67,82.2,0.0,0.36719705190705304
tempo,2,1200.0,905.4742525049039,493.77068570914383,12.32,5.2,87.3,1.0,0.9172160990439462
delivery-van,3,800.0,385.5037045602065,148.47595124183806,13.36,1.6,99.2,1.0,0.8847602991843222
mini-truck,1,5000.0,3488.661633975822,305.5065802028789,6.84,10.79,79.6,1.0,0.8173008502391289
delivery-van,3,800.0,364.49798365806333,251.5428103734106,12.76,3.44,83.5,1.0,0.8615619483870047
tempo,2,1200.0,843.7854490143225,475.79038521692655,15.2,2.08,60.3,1.0,0.9742894807397322
tempo,2,1200.0,1068.7291271744516,464.3293090990089,13.21,5.23,72.4,1.0,0.790620764832592
tempo,2,1200.0,606.8351886152321,678.3441239743025,15.27,2.63,61.4,1.0,0.9508340052063945
delivery-van,3,800.0,379.1016559065126,454.5830271311339,10.43,2.12,72.9,1.0,0.8548980487495139
delivery-van,3,800.0,676.7506465864127,494.0430241144463,12.68,1.94,50.8,1.0,0.8402692789925994
mini-truck,1,5000.0,1125.830450121076,644.4590330513213,8.54,9.01,63.8,1.0,0.7591013402451036
tempo,2,1200.0,255.3235320754316,359.960082168093,12.61,3.89,97.8,1.0,0.9748216138760651
tempo,2,1200.0,565.5968568359955,361.82049550257494,15.43,2.01,62.9,1.0,0.9202072197637126
delivery-van,3,800.0,468.0573983277455,98.25103418033926,12.56,1.42,81.5,1.0,0.9916193675004575
heavy-truck,0,10000.0,5040.0727970174075,112.00097138638455,5.73,21.44,64.4,1.0,0.5747591180581972
mini-truck,1,5000.0,3456.061309538652,485.3628914957878,7.22,20.12,86.2,0.0,0.47840871650703837
tempo,2,1200.0,893.1401813614503,515.9888633634537,13.53,3.74,70.1,0.0,0.7486197617769192
mini-truck,1,5000.0,2638.676517724401,539.2535967010358,8.37,8.44,83.1,0.0,0.6315316688505247
delivery-van,3,800.0,488.46669034337947,352.4753567105588,10.77,3.27,90.6,1.0,0.9713460653363456
tempo,2,1200.0,1112.1798716213252,458.2055948919417,13.41,2.41,67.4,0.0,0.845960456406023
delivery-van,3,800.0,175.17925173803067,554.6363357868397,12.55,1.76,47.2,1.0,0.8448229894440578
mini-truck,1,5000.0,2725.8960598384924,516.8750471000001,8.1,13.43,65.9,1.0,0.7268242067228075
delivery-van,3,800.0,301.9403965812768,301.5829762707839,11.81,1.43,55.7,1.0,0.9344507954052342
heavy-truck,0,10000.0,9427.51849356769,331.072151409187,5.6,39.06,79.9,1.0,0.5690827438523711
heavy-truck,0,10000.0,8560.218580106444,638.8270448287745,4.71,30.09,88.1,0.0,0.46620368539436713
delivery-van,3,800.0,431.15771744930987,192.79585242551704,12.43,2.91,66.7,1.0,0.7996181217246355
delivery-van,3,800.0,216.1048607868989,168.32381905700606,10.52,3.48,99.1,1.0,0.964219824963163
tempo,2,1200.0,339.3277254967722,112.86221266323437,12.02,4.08,70.6,0.0,0.7501140053350653
delivery-van,3,800.0,758.3720824595567,563.0775272773247,11.83,1.55,88.9,1.0,1.0
delivery-van,3,800.0,800.2836639977271,129.44256647493376,11.01,2.74,76.5,1.0,0.780168908888091
mini-truck,1,5000.0,2544.454921047852,468.9189967344631,6.64,10.36,65.0,0.0,0.5388677037724643
delivery-van,3,800.0,160.66478380884666,624.1589027167465,13.76,3.15,62.9,1.0,0.9566639088126694
tempo,2,1200.0,1218.4376317752603,554.2620646339388,12.71,5.0,52.1,1.0,0.8063330391578567
mini-truck,1,5000.0,2004.6270018916446,569.4973821856626,6.46,8.86,56.4,1.0,0.8301674743330371
mini-truck,1,5000.0,4081.05643765142,681.8994607032919,8.6,17.39,71.8,0.0,0.5340179196655179
delivery-van,3,800.0,792.491515414546,148.5526402591052,13.73,1.65,74.7,0.0,0.7526708836540081
heavy-truck,0,10000.0,5977.062290042905,153.60326103593985,4.42,37.1,55.0,1.0,0.5303865638939959
mini-truck,1,5000.0,1573.8086550496253,304.5954077587819,7.57,9.73,54.7,0.0,0.6402883713330998
mini-truck,1,5000.0,3067.9387332887063,483.87061566721684,7.14,12.94,70.0,0.0,0.6008501868252296
delivery-van,3,800.0,786.9401523617043,228.9510871332289,10.47,2.38,88.5,1.0,0.9467230485733727
heavy-truck,0,10000.0,2473.7809971581255,368.5189225297637,5.63,19.38,67.1,0.0,0.4883620042302527
mini-truck,1,5000.0,5213.157290720723,555.1320217280626,8.13,11.54,75.5,1.0,0.6365617058279212
heavy-truck,0,10000.0,5964.2134177973,605.7796048184581,5.3,29.96,45.4,1.0,0.5004433265854861
heavy-truck,0,10000.0,3084.8071602950454,458.9346372488035,5.15,36.15,96.4,1.0,0.6508776060710842
mini-truck,1,5000.0,4945.041994611992,444.23213960977466,7.98,8.87,53.4,1.0,0.7622093782788386
heavy-truck,0,10000.0,3657.313547864729,350.0756301606412,5.59,28.88,59.9,1.0,0.6320859528360506
delivery-van,3,800.0,740.283860742348,228.66268498820546,12.52,1.41,68.4,1.0,0.8688063563094792
mini-truck,1,5000.0,4693.890680869632,119.9695458497959,7.2,8.54,83.0,0.0,0.7603101422479666
heavy-truck,0,10000.0,3715.5445758077576,387.05005092975824,5.32,34.13,94.4,0.0,0.4766693945382638
delivery-van,3,800.0,155.4503377479721,492.24357938201933,10.21,3.04,67.0,1.0,0.9029573561969272
heavy-truck,0,10000.0,5626.593959823026,604.4412241040565,5.1,41.79,54.4,1.0,0.4891390658966047
mini-truck,1,5000.0,1264.7592791908078,516.7100171634399,7.03,20.55,69.9,1.0,0.7587552117283597
delivery-van,3,800.0,152.5089593243885,663.3560990627852,12.34,1.65,94.1,1.0,1.0
delivery-van,3,800.0,495.9055913993298,437.7981212664889,12.81,2.78,59.9,1.0,0.8484857788740997
heavy-truck,0,10000.0,2999.0929410848394,564.7856859679127,4.76,26.59,53.6,1.0,0.5677252107501837
delivery-van,3,800.0,444.0040510746273,188.12206432691042,12.89,3.11,86.1,0.0,0.8042631279717927
mini-truck,1,5000.0,2342.02213027782,215.15236591486044,7.29,9.0,71.7,1.0,0.7596484656282239
delivery-van,3,800.0,424.7681634918578,124.37928543890258,10.82,2.14,49.1,1.0,0.8527538233297974
mini-truck,1,5000.0,1209.4062687761107,89.84116072286255,6.64,13.23,82.8,1.0,0.8504776854136978
heavy-truck,0,10000.0,2004.932258231563,624.438444284299,4.49,29.6,71.1,1.0,0.6881865601732535
heavy-truck,0,10000.0,8030.089422738738,357.8391807698756,5.05,43.04,91.1,1.0,0.5368019027023446
tempo,2,1200.0,876.0478143976426,160.5459303271386,13.08,2.15,87.6,1.0,0.9724685558104397
heavy-truck,0,10000.0,6267.802779794828,601.152148092242,5.55,24.66,68.3,1.0,0.7008579992687091
delivery-van,3,800.0,505.81326001047336,74.68292102255539,10.88,1.91,56.6,0.0,0.7637410177478601
heavy-truck,0,10000.0,1624.5940448912718,376.1915192163302,4.82,43.7,86.8,0.0,0.31391565960730394
tempo,2,1200.0,275.21002553239526,442.50035672277414,13.86,5.04,57.5,1.0,0.8870727010770308
delivery-van,3,800.0,437.9741252088728,526.2245651056537,13.08,1.97,55.3,1.0,0.9444695694046353
delivery-van,3,800.0,555.1092342376822,91.95083505738232,11.13,3.12,48.0,1.0,0.8944353495655794
delivery-van,3,800.0,557.2147419831829,444.74912810053775,12.55,2.39,56.8,1.0,0.9309877989051942
delivery-van,3,800.0,510.6323986571054,123.81107544292675,10.55,2.5,70.7,1.0,0.9832606077206488
delivery-van,3,800.0,673.7386910333494,163.31256046638714,12.96,2.31,71.0,0.0,0.7385279994581774
delivery-van,3,800.0,416.75213891022327,657.1308058287029,10.61,1.94,92.9,1.0,0.8821306880772543
tempo,2,1200.0,1241.2723350811102,222.86116312159464,16.03,3.74,71.8,1.0,0.7915240435582072
delivery-van,3,800.0,477.0142181727992,165.93045860829974,10.37,2.68,81.5,0.0,0.7557163160594432
tempo,2,1200.0,646.0044037130272,585.2087550976714,12.33,4.83,86.5,1.0,0.9287197608605579
heavy-truck,0,10000.0,9155.5784759388,688.620985064636,5.18,17.93,87.2,1.0,0.6832340051765294
tempo,2,1200.0,967.260768774337,587.3336114576758,13.0,3.0,51.1,0.0,0.7636360244605689
heavy-truck,0,10000.0,6297.45695169039,458.951473986615,5.19,16.23,63.1,1.0,0.7767263146340755
heavy-truck,0,10000.0,2286.4121440853964,476.1346786730982,4.73,33.69,63.3,0.0,0.4100585376339475
heavy-truck,0,10000.0,2682.7424536777735,219.10559351757405,5.46,24.53,97.8,0.0,0.5692857503661221
tempo,2,1200.0,365.8078227839528,266.3983477278598,14.27,3.41,49.6,1.0,0.8736069063688112
mini-truck,1,5000.0,2602.415752149067,645.3647267792792,7.44,19.7,61.1,0.0,0.5416250788614031
mini-truck,1,5000.0,3746.973484006883,420.6684981713554,8.01,10.76,97.0,1.0,0.7390451727398198
delivery-van,3,800.0,607.7700349247825,285.7144364690341,13.63,1.51,54.5,1.0,1.0
heavy-truck,0,10000.0,5703.551482037601,274.7741829037278,4.65,40.62,64.3,1.0,0.501400629998096
mini-truck,1,5000.0,2473.972757401983,296.63069465731417,6.94,15.79,61.6,1.0,0.7462298820436113
mini-truck,1,5000.0,2114.9368195144903,241.57710868917775,8.26,16.74,55.0,1.0,0.7652751633739925
heavy-truck,0,10000.0,2663.505223994698,452.45050008375637,5.05,27.32,73.4,1.0,0.5709963660314398
heavy-truck,0,10000.0,2353.4413920894344,670.5745985181422,5.65,26.37,50.5,0.0,0.5642494085304024
mini-truck,1,5000.0,2028.1180854588172,681.420566879413,8.62,8.97,84.7,1.0,0.8001090172049509
mini-truck,1,5000.0,1187.660007349485,417.809637400037,7.42,15.85,72.7,1.0,0.7159402985057763
heavy-truck,0,10000.0,9594.890599415494,137.57357073308427,5.04,19.04,66.1,1.0,0.6766245154859646
mini-truck,1,5000.0,4995.779958332385,680.5288429160759,7.26,9.79,54.0,1.0,0.7361740104969652
heavy-truck,0,10000.0,3080.3664764018845,477.0358348878714,5.02,38.76,50.8,1.0,0.49940237576506563
tempo,2,1200.0,247.65290554445255,410.9184696076401,12.93,2.77,54.3,0.0,0.6803638636529559
delivery-van,3,800.0,142.67531955982543,510.8648702135536,11.39,1.42,51.4,0.0,0.7056929301062574
mini-truck,1,5000.0,2313.0581173721066,655.5552323053365,8.45,16.42,89.6,1.0,0.782176223504736
heavy-truck,0,10000.0,2496.6818458830494,493.7301959710055,4.4,25.72,90.9,1.0,0.6283411157542929
tempo,2,1200.0,294.9753200617684,546.707388341352,12.78,5.15,81.2,1.0,0.8610445708910968
delivery-van,3,800.0,653.2238421507992,253.48460935926752,13.68,1.77,48.3,1.0,0.8825732066685518
tempo,2,1200.0,525.9309714660113,251.32983206501484,13.27,4.18,53.0,1.0,0.8618709416232131
heavy-truck,0,10000.0,7634.369232542689,145.96312130097368,4.26,20.25,94.7,0.0,0.604054530195745
delivery-van,3,800.0,795.0902883127793,200.7094115805657,12.08,2.85,99.1,1.0,0.9611612412976039
mini-truck,1,5000.0,814.5668231591134,611.110517122601,8.19,19.76,71.7,1.0,0.7568050878386122
mini-truck,1,5000.0,3248.097636655146,365.3096396096757,6.79,8.67,79.0,1.0,0.7923502014213467
mini-truck,1,5000.0,1336.560981801777,145.2080440969263,8.29,10.48,59.6,1.0,0.7424137170320775
tempo,2,1200.0,853.4231365678618,596.8643487685183,15.6,4.05,57.2,1.0,0.8482897271119331
heavy-truck,0,10000.0,7427.89137824726,409.8242552234819,4.29,18.98,48.3,1.0,0.6270938982834509
delivery-van,3,800.0,603.115920346197,577.7181641538007,13.04,1.68,67.1,1.0,0.9721166293554723
heavy-truck,0,10000.0,2720.8735801915286,498.3674777520576,4.46,22.26,95.2,0.0,0.5138935738358318
tempo,2,1200.0,836.9348594750062,187.77913925351362,15.43,2.08,50.8,1.0,0.8505700371752549
tempo,2,1200.0,299.2335117104809,279.26243610813714,15.12,4.91,68.2,1.0,0.9047903691911395
tempo,2,1200.0,1007.4559202549199,229.9381315361741,12.87,2.47,77.8,1.0,0.8237837502794502
heavy-truck,0,10000.0,8443.670507125154,592.8394933706281,5.1,43.6,61.0,0.0,0.3115694348617299
heavy-truck,0,10000.0,9697.485649922508,254.74427158751524,5.1,39.6,52.5,1.0,0.45028496516567323
tempo,2,1200.0,627.9066783609554,403.3414012078057,14.39,4.02,59.8,0.0,0.8025514971805779
tempo,2,1200.0,343.08431233039005,187.6344558753255,14.72,2.69,57.8,0.0,0.8078336526184356
heavy-truck,0,10000.0,9489.44191584682,636.2429219981706,5.47,30.06,81.3,0.0,0.4339393878131746
tempo,2,1200.0,194.198720608491,402.57422849441156,14.63,4.59,71.7,1.0,0.8820586984721158
delivery-van,3,800.0,662.7464204401191,344.36215231633776,12.94,1.72,97.1,1.0,0.9832966082132459
heavy-truck,0,10000.0,6815.2706228901725,520.6203470242534,5.24,30.87,77.3,1.0,0.5780312924440376
tempo,2,1200.0,1134.6999253668666,256.31027667071413,13.12,2.28,83.0,1.0,0.8827561527527881
delivery-van,3,800.0,424.8793456273182,489.1787573523586,11.06,2.81,65.2,1.0,0.8714109830351959
mini-truck,1,5000.0,3935.9272749109646,327.684159713694,7.7,18.93,77.3,1.0,0.6909789140727196
tempo,2,1200.0,920.6183208592994,207.56137721039138,13.25,3.38,86.1,1.0,1.0
heavy-truck,0,10000.0,3522.5734425355363,83.20572290421737,5.45,43.67,78.4,1.0,0.5354801295179883
mini-truck,1,5000.0,1057.2031855771568,370.9820659701669,8.24,20.43,60.9,1.0,0.676589786437958
tempo,2,1200.0,721.6398257488602,510.5498866186514,12.73,2.79,77.3,0.0,0.7931341515098563
mini-truck,1,5000.0,1457.5879152650468,578.1904953305547,6.53,10.33,91.4,1.0,0.7121104855172049
delivery-van,3,800.0,587.9980815869717,256.8612600931533,10.84,3.29,79.0,1.0,0.8284356859708509
mini-truck,1,5000.0,959.6619804716548,677.6441440405335,8.29,15.21,59.9,1.0,0.7468461490527954
delivery-van,3,800.0,621.9821827512213,200.27552353298844,10.86,1.95,72.6,0.0,0.7824985677907323
mini-truck,1,5000.0,3600.0499390673667,539.6728622338843,7.53,13.15,47.4,1.0,0.6071325804333322
tempo,2,1200.0,713.35901876267,314.8054874187898,15.1,3.41,48.8,1.0,0.8917242950894998
heavy-truck,0,10000.0,5601.6134443368655,686.4277288531573,4.72,26.81,54.3,0.0,0.4858608764886804
delivery-van,3,800.0,835.2516868664054,295.99458084328893,11.46,2.63,51.7,0.0,0.6547429824697676
tempo,2,1200.0,196.45763618575373,135.75254065053613,13.76,2.96,86.8,1.0,0.9760284614820057
mini-truck,1,5000.0,799.666295176033,628.4593640513768,6.9,10.61,88.9,1.0,0.822088009894368
heavy-truck,0,10000.0,9930.502459011292,669.3524251050509,4.52,32.36,49.9,1.0,0.5057318022028277
delivery-van,3,800.0,823.2326041385875,149.70477179365972,13.03,2.35,74.6,1.0,0.8565933021453856
delivery-van,3,800.0,325.8366005780763,486.0305146431114,11.78,3.47,47.5,1.0,0.8961151992935521
heavy-truck,0,10000.0,3061.714000975149,667.1024202073678,4.56,35.08,87.2,1.0,0.5406595929301051
heavy-truck,0,10000.0,9082.44283183364,407.32063861533965,4.96,32.47,73.6,1.0,0.4917138355088126
tempo,2,1200.0,548.8327799706918,271.1886703388402,12.9,2.94,49.2,0.0,0.7275359275121952
mini-truck,1,5000.0,842.9575115977601,510.1225303229186,6.82,21.29,79.0,1.0,0.7072847656885146
tempo,2,1200.0,669.8306541186769,432.94877229305905,13.96,3.74,50.6,1.0,0.9302868879278152
mini-truck,1,5000.0,1181.8264845380477,655.1774468238027,7.61,20.09,48.8,1.0,0.6868243808052628
mini-truck,1,5000.0,5030.780225315709,520.6493598252142,6.91,9.75,77.6,1.0,0.6269042656517688
delivery-van,3,800.0,144.3224389146182,566.8882513045827,10.37,3.39,82.4,1.0,0.9260321099949854
delivery-van,3,800.0,155.30897411550424,409.9617634578888,13.16,2.23,97.0,1.0,0.8789733002142492
tempo,2,1200.0,292.8855864635237,164.66039593941383,15.84,4.72,90.3,1.0,1.0
delivery-van,3,800.0,699.4136772950494,136.1188079972004,13.39,2.7,65.8,1.0,0.9326520453923901
tempo,2,1200.0,894.0162317309785,168.13101674470738,15.34,5.05,81.7,1.0,0.8947446503545757
delivery-van,3,800.0,618.8647252158739,621.0248366559755,13.14,1.77,79.5,1.0,0.8749661901467881
delivery-van,3,800.0,672.391712093632,649.6299649255159,13.65,2.37,54.9,1.0,0.9237991608807505
tempo,2,1200.0,1208.4359135226791,663.7548447069081,14.52,4.71,98.5,1.0,0.9519301217315482
mini-truck,1,5000.0,4869.023707206145,75.44135408908403,8.44,19.37,97.9,1.0,0.7712989200920116
mini-truck,1,5000.0,836.1364356261787,413.37459919648603,8.24,14.82,78.3,1.0,0.7569830396825531
heavy-truck,0,10000.0,3982.985982212253,68.4373408831955,4.35,25.09,54.5,0.0,0.46508131363061417
heavy-truck,0,10000.0,9231.187716834993,240.0163831478465,4.94,41.44,83.7,1.0,0.5040189363778409
heavy-truck,0,10000.0,10209.040820799664,428.9865906709218,4.46,37.67,96.9,0.0,0.3920953681823951
heavy-truck,0,10000.0,2055.0191546304395,145.00144587032196,5.21,39.59,79.9,1.0,0.48552209753681624
tempo,2,1200.0,939.5589857045885,369.55229364817853,13.13,2.79,51.7,1.0,0.8475137837629798
delivery-van,3,800.0,447.81439329482896,177.3137245399458,11.72,3.09,65.4,1.0,0.8885760041283743
tempo,2,1200.0,415.37311418899014,642.1076732519716,12.57,4.08,98.9,1.0,0.9736141457250567
delivery-van,3,800.0,159.4559053380306,384.7164716800353,11.52,1.47,56.2,1.0,0.8685316088678366
tempo,2,1200.0,885.810133970612,567.3470002191873,12.44,4.97,54.1,1.0,0.8774391406245663
tempo,2,1200.0,1247.5811147119869,689.5914157145196,15.06,2.44,63.0,1.0,0.7614558274885433
delivery-van,3,800.0,321.6773421947123,136.79669306681532,12.62,3.42,57.8,1.0,0.8762321866577971
delivery-van,3,800.0,506.67871746819094,655.4359613037415,11.58,3.26,96.3,1.0,0.9438631039361942
delivery-van,3,800.0,124.38673621561259,590.1482476228729,12.89,1.44,71.5,1.0,0.8474092161460851
tempo,2,1200.0,1211.0131570369826,678.0797159856793,14.8,2.69,82.4,0.0,0.667718225317217
mini-truck,1,5000.0,1624.7598418907032,386.51040444863315,6.87,13.67,77.7,1.0,0.8016471737829064
mini-truck,1,5000.0,1248.5831758029956,680.9691214788528,6.47,10.57,58.9,1.0,0.7283215724536963
tempo,2,1200.0,1071.652524336049,540.2610306361985,15.51,1.97,95.0,0.0,0.8439274874100972
tempo,2,1200.0,367.17594199790744,396.74650010827185,15.51,4.96,94.0,1.0,1.0
delivery-van,3,800.0,678.2137260633634,467.66466678242267,11.1,1.29,87.9,1.0,0.9552153857953702
delivery-van,3,800.0,504.3732379351869,417.60049089635913,13.44,2.06,65.0,1.0,0.8691830826472648
tempo,2,1200.0,683.3747950554118,697.1680112278036,15.82,3.34,47.5,0.0,0.7454933898958637
tempo,2,1200.0,1148.582729879968,632.7724528742237,15.06,2.69,74.9,0.0,0.8025299294281834
tempo,2,1200.0,514.0559942342846,605.6639972575566,16.04,3.15,98.5,1.0,0.9932876392136125
mini-truck,1,5000.0,5132.806161484884,228.94519806168347,8.31,13.52,88.3,0.0,0.6187831832383491
mini-truck,1,5000.0,1370.8474170355107,260.66909949811804,7.97,18.62,45.3,1.0,0.811880348175817
mini-truck,1,5000.0,3832.752561607901,359.07241326015276,8.07,15.45,71.2,1.0,0.816672651736229
delivery-van,3,800.0,483.34635615757406,107.45755268761897,10.43,2.01,78.9,0.0,0.7881510224148873
delivery-van,3,800.0,228.54077397737095,511.39179413755664,12.27,2.66,89.4,0.0,0.7816523477911977
tempo,2,1200.0,484.1502860136453,377.7371590862038,12.51,4.06,61.5,1.0,0.8810988320171447
delivery-van,3,800.0,529.0116093286167,504.2879872127923,11.93,1.85,77.3,1.0,0.8513793722058566
delivery-van,3,800.0,738.2564462845953,456.80900870517996,10.39,2.9,75.6,1.0,0.7695477030198039
delivery-van,3,800.0,210.06062644838477,581.0628715391094,10.32,1.7,68.9,0.0,0.7269300812169556
tempo,2,1200.0,565.9645019714684,133.70691523113308,13.45,4.77,83.9,1.0,0.9190411326226909
mini-truck,1,5000.0,2981.78044620808,361.6458587783347,7.83,8.46,71.1,1.0,0.8857587844351187
delivery-van,3,800.0,206.8428271474144,519.6645415643178,12.85,2.5,95.2,1.0,0.930621498713048
tempo,2,1200.0,846.9632808882176,61.022147020704125,13.78,3.11,50.6,1.0,0.8708134972022525
tempo,2,1200.0,1136.0949318301573,377.3955455336491,12.65,4.49,86.0,1.0,0.911731134668847
tempo,2,1200.0,1124.6784216544481,156.35622882939174,13.84,2.98,53.7,1.0,0.9046419118094795
delivery-van,3,800.0,342.20959333125415,530.3308562978424,12.4,2.48,59.2,1.0,0.8908267734388918
delivery-van,3,800.0,242.43114155729293,274.8154017886824,11.89,2.96,59.6,1.0,0.8844203884206104
delivery-van,3,800.0,801.2884608788573,484.94796423541595,12.49,2.02,68.1,1.0,0.830808031014311
delivery-van,3,800.0,219.5690587105458,643.4964950460254,13.46,1.3,61.2,1.0,0.8347094213910815
mini-truck,1,5000.0,3293.0766759295648,108.70457664327596,7.17,12.43,47.6,1.0,0.7732308740633984
delivery-van,3,800.0,751.28753386702,232.76446396684207,12.04,3.13,54.9,1.0,0.805434913296931
delivery-van,3,800.0,293.5014551107126,435.60597739756827,13.72,3.37,74.3,0.0,0.7371428190458531
heavy-truck,0,10000.0,9786.92261277823,277.9503815330227,5.44,29.46,97.8,1.0,0.6754963195219658
delivery-van,3,800.0,459.4003933403011,196.57005297532044,12.68,1.68,52.3,1.0,0.8944055158268117
tempo,2,1200.0,180.21350831030662,104.83666988426961,12.66,3.22,91.7,1.0,0.9584429042154712
delivery-van,3,800.0,231.49061941310524,691.9327699616083,10.42,1.71,83.4,0.0,0.7763822606909229
mini-truck,1,5000.0,1761.2531870968426,228.4560776822911,7.97,11.91,76.6,1.0,0.8078004932246419
heavy-truck,0,10000.0,1922.3934017845672,675.3496224255553,5.13,32.14,86.4,1.0,0.592307467626398
mini-truck,1,5000.0,3382.359453710122,115.06584564487007,7.73,11.96,99.8,1.0,0.8817632563197898
delivery-van,3,800.0,310.5231257301449,428.4691832358759,11.03,2.41,67.1,1.0,0.8354169047821596
mini-truck,1,5000.0,5024.707681892121,203.90467022046374,7.52,14.15,79.2,1.0,0.65387125195258
heavy-truck,0,10000.0,2555.6691007006116,458.17901328609014,4.26,20.64,67.7,0.0,0.535938087341962
delivery-van,3,800.0,756.0917706195753,494.88490767088183,12.86,2.87,69.2,0.0,0.7944876059171855
mini-truck,1,5000.0,2097.1108796025833,571.4671587915675,8.6,12.33,74.2,0.0,0.5695007101056976
delivery-van,3,800.0,571.959111529505,383.3711633464003,13.36,2.8,59.2,1.0,0.8253804953910945
delivery-van,3,800.0,677.9140319729731,556.4613043140134,11.46,1.57,62.8,1.0,0.8286114398774069
delivery-van,3,800.0,265.004735664777,481.9450866946993,10.42,1.91,45.8,1.0,0.8340169309699722
tempo,2,1200.0,495.7047607532863,322.4727132411276,13.33,4.46,67.3,1.0,1.0
heavy-truck,0,10000.0,5681.46329235225,513.0910575520805,5.61,33.99,89.1,1.0,0.5394480895714558
mini-truck,1,5000.0,4769.1224673234165,383.71653805581224,8.27,9.28,76.5,1.0,0.8005431820430602
tempo,2,1200.0,736.6516220105945,479.9961390521478,13.43,2.73,54.1,1.0,1.0
tempo,2,1200.0,269.3122633343719,593.2591064295854,12.74,1.97,97.2,1.0,1.0
delivery-van,3,800.0,310.67148433666995,220.85401108264946,10.51,2.51,78.4,1.0,0.9749435084090927
delivery-van,3,800.0,594.4160117806776,483.91370685710064,12.82,2.08,54.6,1.0,0.932338102066305
delivery-van,3,800.0,601.8593940587064,236.3726569822834,11.2,1.65,46.3,1.0,0.8423380181776978
delivery-van,3,800.0,511.1602220358921,60.4915901994606,10.5,1.88,83.5,1.0,0.8855425521831094
delivery-van,3,800.0,710.5811978869523,285.6306985415984,10.74,2.66,67.7,0.0,0.7281376815002922
heavy-truck,0,10000.0,3695.1984043188686,583.9462617806576,4.94,26.02,84.7,1.0,0.5896349882893253
tempo,2,1200.0,402.5453837114003,542.9886545374532,14.45,2.86,60.9,1.0,0.9450869521768175
delivery-van,3,800.0,482.56720967514906,581.3929416479523,10.44,1.49,75.9,0.0,0.7584739111833522
delivery-van,3,800.0,698.9684753957403,331.7185876347841,12.78,2.85,66.0,1.0,0.9466951025434707
mini-truck,1,5000.0,3566.3706233325483,245.01231546426476,6.88,20.58,48.6,0.0,0.6453474826404454
mini-truck,1,5000.0,4966.021118863673,203.6645354232911,8.11,8.71,48.5,1.0,0.740145009568802
mini-truck,1,5000.0,2273.9756739257286,126.8438792809804,8.28,20.74,91.9,1.0,0.729594780018948
mini-truck,1,5000.0,912.1069540723747,562.105358160005,8.42,18.03,75.5,1.0,0.6457472672065334
delivery-van,3,800.0,761.6673155122602,81.55629688733832,13.41,2.18,74.6,0.0,0.775975939450056
mini-truck,1,5000.0,2565.911233450503,491.0218706519203,8.47,20.95,45.2,1.0,0.650819417575847
tempo,2,1200.0,809.3567798299295,291.7572037994125,15.74,2.3,89.6,1.0,0.9161618475089744
heavy-truck,0,10000.0,9726.277552378171,195.17821806729563,4.57,21.38,87.1,1.0,0.7983883499695164
delivery-van,3,800.0,232.7003228108803,601.4953792129028,12.33,2.64,74.0,1.0,1.0
heavy-truck,0,10000.0,10195.41493402241,278.7489477578958,5.1,25.04,55.0,1.0,0.49488208405439366
tempo,2,1200.0,247.06817639429858,86.33840902090363,13.89,4.67,99.4,0.0,0.8404905119732737
heavy-truck,0,10000.0,4035.1931285970686,652.8919220424241,4.39,37.71,50.3,0.0,0.34153344864668983
delivery-van,3,800.0,701.6270318596535,161.4312778887131,11.5,1.76,60.4,1.0,0.8367981491843801
heavy-truck,0,10000.0,3336.532590146044,63.62402534097875,4.79,17.54,58.3,1.0,0.6532574768528071
heavy-truck,0,10000.0,4820.246310269404,246.9096855732866,4.9,22.67,96.9,1.0,0.6649361400624305
tempo,2,1200.0,536.4237839560095,697.2431166953324,14.2,3.24,61.4,1.0,0.9317111567854732
delivery-van,3,800.0,205.28430584193848,149.3913263281667,12.89,2.06,99.9,0.0,0.6963946888944552
tempo,2,1200.0,949.48315581874,135.35890357520663,14.24,3.81,88.1,1.0,0.9239716687651611
heavy-truck,0,10000.0,9010.070812874037,204.88996967306022,4.89,24.99,78.0,1.0,0.6359857481081144
delivery-van,3,800.0,319.1755552093579,693.2275594385757,11.24,2.68,95.0,1.0,0.9108853194877699
mini-truck,1,5000.0,3660.902529915098,443.23310110052324,7.52,10.71,80.2,1.0,0.9253146660506989
heavy-truck,0,10000.0,4928.75177132457,267.99976173641204,4.34,37.71,52.6,1.0,0.4129033465822333
mini-truck,1,5000.0,3973.8644382246302,583.3873685222015,6.63,16.89,64.3,1.0,0.7394656887719194
tempo,2,1200.0,465.2956014546116,694.1034607913507,15.86,2.36,68.5,1.0,0.9703585060886566
delivery-van,3,800.0,232.93402646852277,672.489298110396,13.35,2.9,66.1,1.0,0.9509765386922172
heavy-truck,0,10000.0,10470.385991786427,200.63128286569656,5.21,17.63,63.6,1.0,0.639923994065083
mini-truck,1,5000.0,4171.930458868518,103.0581367390343,7.35,15.19,85.4,1.0,0.8639494272562842
mini-truck,1,5000.0,1161.8631248303757,589.4824369847395,7.79,9.03,79.2,1.0,0.8406707675679783
heavy-truck,0,10000.0,8496.621771448754,387.4424656365662,4.85,16.69,97.6,1.0,0.6908241697373707
mini-truck,1,5000.0,1055.1556617575775,421.1766126046302,7.71,15.2,92.5,0.0,0.5909805457933502
tempo,2,1200.0,912.5835417177199,589.9965765688769,12.23,2.95,78.6,1.0,0.96778314745067
heavy-truck,0,10000.0,1991.6681148414452,244.99012585301884,4.28,35.57,68.1,1.0,0.6231861513513093
mini-truck,1,5000.0,4507.3603109138785,206.3608868811284,6.48,11.43,79.3,1.0,0.7994185563811274
mini-truck,1,5000.0,1025.4035143904218,636.9079457308774,7.15,21.53,46.9,1.0,0.6177093930785428
tempo,2,1200.0,212.35105133816714,472.2192807693316,12.04,4.02,51.6,0.0,0.8270023121118286
tempo,2,1200.0,1170.4729659930829,492.70734006413375,14.77,2.75,45.9,0.0,0.7594826798406699
mini-truck,1,5000.0,3533.4240864678186,424.8883037307337,8.58,9.07,85.0,0.0,0.7274777778808929
heavy-truck,0,10000.0,8405.55748393419,387.0440365758168,4.9,34.03,64.7,1.0,0.5119035719771032
mini-truck,1,5000.0,1961.447595888436,323.67423367816707,7.98,8.94,99.3,1.0,0.792114757501528
tempo,2,1200.0,326.8245662264706,104.74381079649326,13.56,4.62,47.1,0.0,0.663328304491182
delivery-van,3,800.0,488.2161307419202,557.8264900465899,12.94,2.93,94.4,1.0,0.9788188321058634
heavy-truck,0,10000.0,3666.2778662824862,305.76938786957237,4.44,38.22,96.1,1.0,0.5791789020441909
mini-truck,1,5000.0,1802.7890439415662,463.6909115975368,7.41,10.79,60.1,1.0,0.747689342833586
mini-truck,1,5000.0,3819.8403621560506,588.3144488457789,6.96,17.84,83.4,1.0,0.8312244967754103
mini-truck,1,5000.0,3651.6438537605995,89.62689897635123,7.39,19.01,55.2,1.0,0.7036035358749488
delivery-van,3,800.0,735.4652149467722,334.55600271351676,12.06,2.2,50.4,0.0,0.7544166094131247
heavy-truck,0,10000.0,6737.714414538963,349.5606706043868,4.44,30.74,66.9,0.0,0.38713589035726736
mini-truck,1,5000.0,4650.290325017911,60.81053361701592,6.88,18.46,62.7,1.0,0.713144440036182
mini-truck,1,5000.0,1702.3742741504766,475.8422732601347,7.54,20.82,69.7,1.0,0.7322488587026669
mini-truck,1,5000.0,1093.46503770126,228.2110192773556,6.81,13.73,48.9,1.0,0.6459433669806252
mini-truck,1,5000.0,4572.253115715627,322.2361863685593,8.34,13.37,67.8,1.0,0.7563546918939392
delivery-van,3,800.0,730.7442812141902,369.57841926057597,12.75,1.65,93.0,0.0,0.8356772156306078
delivery-van,3,800.0,342.88178238066945,589.5176313241172,12.99,3.28,67.3,1.0,0.8700447248156871
heavy-truck,0,10000.0,2731.754212235107,316.9142369593603,4.99,28.73,80.9,1.0,0.5777286451916265
mini-truck,1,5000.0,1701.7900641616448,681.9076574630084,6.45,8.69,52.3,1.0,0.7886452348971845
delivery-van,3,800.0,529.0966802822851,249.41412032345505,12.21,2.72,82.4,1.0,0.9934078070652095
delivery-van,3,800.0,501.16421761554335,297.262905179254,12.18,2.4,52.0,1.0,0.8073166123990853
delivery-van,3,800.0,570.2704686297949,343.5133181016379,12.86,1.59,85.5,1.0,0.9725307875727646
heavy-truck,0,10000.0,3701.255999947869,523.4989616283706,5.06,39.57,93.9,1.0,0.5320192736490997
mini-truck,1,5000.0,2637.3098282723554,437.11201857926267,7.97,18.68,52.7,1.0,0.5891313862790798
heavy-truck,0,10000.0,4956.189716463725,690.2975132192983,4.67,30.27,73.2,1.0,0.5676835674466788
tempo,2,1200.0,255.95412624745228,531.3726920783156,15.92,2.98,87.8,0.0,0.7376628380758222
tempo,2,1200.0,855.9378552248357,199.5475169008398,13.61,2.54,49.5,1.0,0.8476950968524575
delivery-van,3,800.0,653.344985854884,564.5796597071327,13.51,3.12,93.2,1.0,1.0
mini-truck,1,5000.0,5234.279095488875,90.72044866883836,8.15,20.1,47.1,1.0,0.5263518689480537
delivery-van,3,800.0,728.3440945942359,608.957790537832,11.39,1.83,51.7,1.0,0.7759433841300002
heavy-truck,0,10000.0,4329.02410061681,501.3260586643768,4.48,40.45,70.2,1.0,0.4758905595598749
tempo,2,1200.0,637.18466343292,452.24893395281595,14.06,2.85,59.5,1.0,0.9597389702403256
tempo,2,1200.0,489.1199686470108,622.9511899474334,15.57,3.18,50.5,1.0,0.807955360690397
heavy-truck,0,10000.0,1521.1088763934765,138.75553955816537,4.46,36.7,63.9,1.0,0.5431321310769203
tempo,2,1200.0,851.671506172376,601.9415290281418,13.9,3.59,55.0,1.0,1.0
heavy-truck,0,10000.0,4081.46911333519,673.3387232602937,5.12,28.09,46.3,1.0,0.5491965593171413
delivery-van,3,800.0,595.824882046473,214.66765641640293,11.47,3.29,62.5,1.0,0.872074325997615
tempo,2,1200.0,870.0805903947876,466.4236695959568,14.29,2.72,47.2,1.0,0.872016498738847
heavy-truck,0,10000.0,8523.652207946943,688.2288246738169,4.41,25.55,86.9,0.0,0.5702483914520625
heavy-truck,0,10000.0,3963.895245555969,107.06372440488224,5.38,19.06,68.0,1.0,0.6957413160940165
heavy-truck,0,10000.0,2045.862246819659,93.96676503721707,4.78,27.03,58.8,1.0,0.5322847543914705
delivery-van,3,800.0,609.3746244401699,207.7630410155406,13.04,1.57,78.9,1.0,0.990814830860823
tempo,2,1200.0,1253.0285909253573,558.3667332811397,12.71,1.99,94.9,1.0,0.9124291015653132
heavy-truck,0,10000.0,10168.590595100623,67.59807664044473,5.2,38.59,47.4,1.0,0.4064533843761068
tempo,2,1200.0,285.2970673511714,477.4640051580713,13.72,2.49,58.4,0.0,0.6977130825951485
delivery-van,3,800.0,574.5204088058002,380.38359838677627,12.11,1.82,91.1,1.0,0.9495098366146391
tempo,2,1200.0,1165.0960160822324,567.0112108006992,12.6,4.64,71.6,1.0,0.8790438168699547
mini-truck,1,5000.0,2539.5284314969763,271.2085310720265,8.43,8.35,91.6,1.0,0.7861546381373724
mini-truck,1,5000.0,1393.1463926123733,192.77081128749657,7.65,21.73,91.9,1.0,0.6942420948426579
heavy-truck,0,10000.0,10257.416131973165,351.82753093650797,4.86,26.21,60.9,0.0,0.39652789607627803
heavy-truck,0,10000.0,3482.983344816842,156.65500175123776,4.91,29.7,47.4,1.0,0.5747490386756859
tempo,2,1200.0,540.0894485608775,217.6834415272092,12.91,4.63,69.3,0.0,0.7299854758511884
heavy-truck,0,10000.0,7961.735383332049,511.7906978837124,5.15,24.95,95.7,1.0,0.6690995362012294
tempo,2,1200.0,1009.2478202218273,421.4736563956983,13.18,2.96,75.6,0.0,0.7071309333013902
heavy-truck,0,10000.0,4568.956651611133,637.1194409750769,5.29,42.37,61.8,0.0,0.39238934852797924
delivery-van,3,800.0,775.1527955486126,370.13089460301836,10.62,3.07,76.7,1.0,0.8798805247648175
mini-truck,1,5000.0,3663.5146804156143,279.7933649439959,7.82,9.43,84.9,0.0,0.6309051801559558
delivery-van,3,800.0,368.7718889261209,216.99111523337152,13.28,1.3,46.1,1.0,0.9246271821361044
tempo,2,1200.0,407.1819237652091,676.1742591353958,14.25,3.81,77.7,1.0,0.8869219779486155
heavy-truck,0,10000.0,4118.1983571154615,293.9585010014934,5.14,34.28,58.7,1.0,0.5685032575587562
tempo,2,1200.0,972.3878465696097,363.1201482563079,12.54,2.45,98.0,0.0,0.8853433643548019
heavy-truck,0,10000.0,6995.215516748112,610.855193315929,4.45,39.18,83.2,1.0,0.5411288790427609
mini-truck,1,5000.0,2082.1551156030173,178.56322526558165,6.38,8.99,69.5,1.0,0.745769864768171
delivery-van,3,800.0,235.5314570500221,244.06793294028284,10.74,2.71,65.3,1.0,0.9444813065662678
mini-truck,1,5000.0,4990.373787890027,344.7227094206024,7.52,11.3,52.5,1.0,0.6949497724067867
mini-truck,1,5000.0,3757.5502140241624,558.5485460325402,8.29,11.99,98.3,0.0,0.590442383312176
heavy-truck,0,10000.0,7200.782147700254,73.912173824029,4.33,41.67,50.9,1.0,0.37263133476037175
delivery-van,3,800.0,434.8092354563666,278.21925965078026,13.24,1.8,98.7,0.0,0.7598708903317951
mini-truck,1,5000.0,4614.112970248028,190.52696798901616,6.61,9.38,74.7,0.0,0.6667720643189243
heavy-truck,0,10000.0,8752.170805558144,551.6213874232845,4.47,36.23,94.1,1.0,0.5680878884019926
tempo,2,1200.0,938.2884099249198,60.339752281847225,12.89,3.29,89.4,1.0,0.9167577925498338
tempo,2,1200.0,502.6407224774181,580.2980907196867,12.85,2.76,70.6,1.0,0.986319047008612
heavy-truck,0,10000.0,9236.722983888512,597.715966834171,4.66,19.54,55.3,0.0,0.4788040764683563
mini-truck,1,5000.0,3758.9901659591733,217.94744870883244,7.27,17.43,92.0,1.0,0.6928064525868823
mini-truck,1,5000.0,3693.4722264986817,209.73313147367628,7.17,19.45,58.3,1.0,0.656192610608403
mini-truck,1,5000.0,1853.8935664345781,135.79102849382684,7.89,10.5,47.0,0.0,0.5668842072637891
tempo,2,1200.0,1033.6352058800132,380.17014420223035,14.16,2.77,78.8,0.0,0.7721579138276806
tempo,2,1200.0,279.3778521020362,485.6948409053705,14.09,4.78,56.8,1.0,0.9306175314971968
delivery-van,3,800.0,221.3283418712076,466.54903811148955,11.0,2.63,74.7,1.0,0.9515771693536189
heavy-truck,0,10000.0,10154.53235256091,89.63726564395536,5.19,39.66,49.4,0.0,0.2230329940707045
heavy-truck,0,10000.0,10296.628984738327,474.06397528287505,5.06,16.33,76.4,1.0,0.4921678057425682
delivery-van,3,800.0,246.49522096784455,431.3891648547004,12.37,2.3,73.5,1.0,0.9310418777866953
delivery-van,3,800.0,565.109924474795,196.5742249921032,12.54,2.24,50.6,0.0,0.6608839698182045
mini-truck,1,5000.0,4487.340404912888,490.01236742100986,8.44,18.92,76.7,0.0,0.5488641883710378
delivery-van,3,800.0,685.3288271910765,65.27960236317199,11.64,1.45,64.5,1.0,0.8278976661559219
delivery-van,3,800.0,816.3942250259577,387.3933775748057,13.47,3.07,62.0,1.0,0.8621093807274475
mini-truck,1,5000.0,2446.5254367949397,280.75071260755607,7.08,20.77,62.9,0.0,0.5178873078894404
mini-truck,1,5000.0,3332.839839757102,481.81117226370844,7.74,8.96,84.5,1.0,0.8351371226133607
mini-truck,1,5000.0,1857.0811424897818,187.66349879874446,7.28,14.64,55.9,1.0,0.7615978821769869
delivery-van,3,800.0,464.96043414745867,174.00762354338028,10.65,1.81,91.1,1.0,0.9300941573719125
mini-truck,1,5000.0,3698.776243808551,578.9929443478698,7.85,18.14,87.2,0.0,0.5560221698940988
delivery-van,3,800.0,645.4495746378872,486.07171242298966,11.51,1.37,80.1,1.0,0.9461382517539434
tempo,2,1200.0,819.8710908734786,338.8713023632306,14.3,3.26,82.4,0.0,0.8101440508041047
tempo,2,1200.0,1176.6846206858522,607.9090151832181,12.85,4.79,77.9,1.0,0.8716834725896211
tempo,2,1200.0,993.1554637261095,243.04897361117378,14.72,3.51,71.0,0.0,0.6980229061011185
tempo,2,1200.0,702.1349543378129,93.36352289042395,13.99,4.6,85.3,1.0,0.9057828019244375
delivery-van,3,800.0,471.1636553861903,644.7683980906252,13.13,3.4,62.0,1.0,0.9130340757554561
heavy-truck,0,10000.0,3082.372753912001,90.96692595937249,5.64,26.28,73.0,1.0,0.7046878175838508
tempo,2,1200.0,892.145931950619,393.2185505606984,12.29,4.35,68.8,1.0,0.8362210800093479
heavy-truck,0,10000.0,7719.224846182071,611.3959381583435,4.35,41.16,81.1,1.0,0.47361805277004865
mini-truck,1,5000.0,1932.3434453858863,281.6270609943587,8.36,14.8,87.6,1.0,0.8445520065656874
mini-truck,1,5000.0,3517.782123965968,282.96744389337954,6.69,8.57,58.8,0.0,0.5843656416587677
heavy-truck,0,10000.0,9925.065612910492,693.4317357081028,4.36,18.9,49.8,1.0,0.6315343223656031
mini-truck,1,5000.0,2910.9802980781124,201.04629825824992,7.0,18.58,50.6,0.0,0.5144070474898893
tempo,2,1200.0,445.3563385612246,594.6243614486735,12.95,4.45,78.7,1.0,0.955379181756378
delivery-van,3,800.0,803.7294399563488,420.40434225765404,12.41,3.48,82.2,1.0,0.7653533096642118
tempo,2,1200.0,685.1389192946591,133.99997054113058,14.2,5.04,56.9,1.0,0.9385070134906992
mini-truck,1,5000.0,2032.2162371081188,210.10979855088215,6.72,16.99,48.1,1.0,0.7161454137231303
tempo,2,1200.0,802.5640746725202,130.72127773097753,12.14,5.05,52.0,1.0,0.8681551916398514
tempo,2,1200.0,1067.7647426336998,465.1614304264487,14.59,2.49,61.5,1.0,0.9191205020774075
delivery-van,3,800.0,400.78222984262516,235.22634090246356,12.35,1.63,46.6,1.0,0.9267034769805108
delivery-van,3,800.0,319.35250050280246,515.5239312953402,12.21,2.27,49.0,1.0,0.8590104441127442
mini-truck,1,5000.0,3630.5353750459376,574.2505249571803,7.01,21.77,70.8,1.0,0.7044744489703882
tempo,2,1200.0,452.4074547764575,412.9589612509849,15.24,3.29,94.9,0.0,0.8084304121178274
mini-truck,1,5000.0,4057.194558009307,117.65970033289761,8.56,15.71,78.9,0.0,0.5696711918048141
delivery-van,3,800.0,136.82925977087075,697.2098965958794,11.78,2.74,94.9,1.0,0.9417122059184404
tempo,2,1200.0,1232.0204083346862,192.35605721534648,13.95,4.61,78.6,1.0,0.8549270253197641
heavy-truck,0,10000.0,3092.0295473999986,518.8836440967084,4.57,26.12,77.2,0.0,0.48711743359883
tempo,2,1200.0,817.2706393867364,336.56316032640206,14.56,4.07,69.6,0.0,0.6860095792733732
mini-truck,1,5000.0,3567.3135935844734,172.98216009230975,8.08,14.3,63.8,1.0,0.7409620648185593
mini-truck,1,5000.0,2268.1245111270186,350.00218988413593,7.77,9.69,92.8,1.0,0.8644672176641288
heavy-truck,0,10000.0,2017.395532390343,346.37790972466206,5.72,36.23,66.5,1.0,0.5342292950248662
tempo,2,1200.0,245.43866408169023,140.43912113846721,12.79,4.3,99.6,1.0,0.9751364776461693
heavy-truck,0,10000.0,9698.43779098967,632.337165727197,5.67,19.73,92.3,0.0,0.5103941459886924
delivery-van,3,800.0,673.9516723813307,578.1030795348646,11.54,2.16,69.8,1.0,0.9148634503235196
mini-truck,1,5000.0,4796.081541985119,343.2066400490585,7.37,8.46,99.1,0.0,0.6612373009395772
delivery-van,3,800.0,435.3298739551855,385.84056767490904,12.79,2.45,81.6,1.0,0.8707446607075441
mini-truck,1,5000.0,2752.6846362879446,494.40007745312613,8.03,15.1,80.0,1.0,0.8154142234070986
tempo,2,1200.0,296.1037995139155,209.77022464111462,15.16,5.04,76.0,1.0,0.9198930880651682
tempo,2,1200.0,372.0609158679887,114.39236843736417,12.94,4.48,79.2,1.0,0.9166228229750405
heavy-truck,0,10000.0,3680.9941105914627,687.2859654971837,5.15,20.33,68.5,0.0,0.4518002833884346
tempo,2,1200.0,389.77526877461224,308.0427423230235,14.27,2.66,68.5,1.0,0.9217353479805926
delivery-van,3,800.0,789.481273242759,384.80559394666636,10.29,2.82,80.6,0.0,0.7831944127647775
mini-truck,1,5000.0,2163.3196830744873,639.2954527354424,7.8,17.1,68.3,0.0,0.6425202653745428
delivery-van,3,800.0,414.8480599917573,462.0721497171753,13.51,2.51,84.0,1.0,1.0
heavy-truck,0,10000.0,2737.6284523047425,185.68880222644694,4.38,32.5,59.8,1.0,0.5329661389769025
heavy-truck,0,10000.0,1657.4931594094026,429.81091857955664,5.08,35.76,53.4,1.0,0.425105532877669
tempo,2,1200.0,643.0657279236193,273.32411404240304,15.83,3.68,85.9,1.0,0.9078264110565375
tempo,2,1200.0,533.9792924474509,78.11455907429192,12.98,3.66,67.6,1.0,0.85844739770818
delivery-van,3,800.0,838.9266594203187,170.02375453769886,11.6,2.4,88.5,1.0,0.8746815310081996
heavy-truck,0,10000.0,8470.609298096762,661.2836957391905,5.7,24.68,87.6,1.0,0.7077832468992664
mini-truck,1,5000.0,2511.14127399581,644.528057149739,6.65,17.91,72.0,1.0,0.7711168840879078
heavy-truck,0,10000.0,4241.428362884259,150.4823956680662,5.67,18.87,48.7,1.0,0.6948863795767167
heavy-truck,0,10000.0,6297.1026728237675,685.9221572835424,5.34,32.45,78.5,1.0,0.5898324919350956
heavy-truck,0,10000.0,2050.4531806674295,173.24663828336753,5.54,36.56,78.4,1.0,0.49406543225826094
heavy-truck,0,10000.0,4486.439798117643,187.85642238707914,5.05,33.99,52.6,1.0,0.5543463118594166
mini-truck,1,5000.0,1343.8462972578002,670.7944565409575,8.3,9.86,57.9,1.0,0.7515586204948643
mini-truck,1,5000.0,1079.2326945471164,88.95924938415803,6.52,21.93,67.5,1.0,0.6995465539730832
mini-truck,1,5000.0,1304.7981212933987,548.1507004306346,7.55,17.79,77.3,1.0,0.8032029515832919
tempo,2,1200.0,1046.3968035716528,606.3060993403581,15.45,4.06,56.8,1.0,0.8596197930840609
heavy-truck,0,10000.0,9547.551267280052,109.17854087747145,5.46,42.69,82.6,1.0,0.5075693083975698
heavy-truck,0,10000.0,7028.956747739985,140.13875439259635,5.74,29.52,89.3,0.0,0.4389001549421666
mini-truck,1,5000.0,4502.589382137184,610.2002820338156,7.21,9.79,46.2,1.0,0.7797520831277103
delivery-van,3,800.0,506.5145539545949,158.55915242001814,13.18,1.49,57.1,1.0,0.8640171657873081
tempo,2,1200.0,959.2090970480243,644.3345089068268,14.0,4.42,46.6,1.0,0.8954230586314104
tempo,2,1200.0,428.70624124425024,459.0019178344123,15.47,4.53,52.3,1.0,0.82148839289669
heavy-truck,0,10000.0,9485.404032133392,496.6145352865867,4.66,35.91,56.9,1.0,0.5261536019740508
tempo,2,1200.0,627.0346837676756,641.2069035801524,15.02,4.95,59.1,1.0,0.9146208306231388
delivery-van,3,800.0,632.3957736211081,360.86197748572226,11.67,1.79,57.2,1.0,0.9296009960052456
tempo,2,1200.0,788.826005836179,633.2650395967115,15.35,4.6,74.2,1.0,0.9623057597250002
heavy-truck,0,10000.0,7489.962391859908,519.5910814406784,4.61,33.48,94.3,1.0,0.4917800613628631
mini-truck,1,5000.0,3819.3271333540674,466.4521172464694,8.2,10.44,83.1,1.0,0.8010267596456935
heavy-truck,0,10000.0,2013.3619717484344,204.19262818636994,4.71,16.31,79.9,1.0,0.702947722099953
mini-truck,1,5000.0,3503.8418917653858,684.6541234026928,6.96,17.73,83.9,1.0,0.6964795023606942
delivery-van,3,800.0,445.0429417429092,453.0697369112171,12.81,2.69,94.1,1.0,0.9187154843948429
delivery-van,3,800.0,595.0941689874392,134.6273350723464,11.98,3.06,82.4,1.0,0.8808003287681812
tempo,2,1200.0,689.0619505678591,247.8477238394477,13.33,3.35,65.6,1.0,0.9677460632271243
heavy-truck,0,10000.0,2221.3759532251993,174.18337269322862,4.31,38.03,97.6,0.0,0.36288652502559565
mini-truck,1,5000.0,4427.524397137613,256.29753835907485,6.76,9.19,82.8,1.0,0.7717201425941485
mini-truck,1,5000.0,2835.811339353741,686.6051329674463,6.86,21.63,76.3,1.0,0.8261313729599363
delivery-van,3,800.0,707.5738959052584,528.090049814962,11.96,1.51,85.2,1.0,0.8828493337405833
delivery-van,3,800.0,523.9854586701188,511.615103988162,11.55,1.55,51.8,0.0,0.8129180204746054
delivery-van,3,800.0,516.7901210570386,560.8556701853972,10.31,1.74,76.2,1.0,0.864467949006037
heavy-truck,0,10000.0,8481.121800333507,424.4075859905211,4.66,22.05,74.1,1.0,0.6754293334125756
tempo,2,1200.0,460.2302940949207,636.926744205547,14.29,2.1,72.3,1.0,0.9939205323937085
heavy-truck,0,10000.0,2045.2405405431482,134.03086946931964,5.0,40.95,93.8,1.0,0.5322923095024341
heavy-truck,0,10000.0,8273.735387249833,180.3675229886253,5.51,36.55,77.6,1.0,0.5548285406130548
tempo,2,1200.0,1010.2156044966515,154.25660868609555,14.64,2.6,47.4,1.0,0.7962855959065793
mini-truck,1,5000.0,3491.224846391126,637.3209956781888,8.18,10.7,65.9,1.0,0.8258896475240244
heavy-truck,0,10000.0,2598.912791470446,81.2338246687738,4.39,42.95,73.6,0.0,0.3390800414418737
delivery-van,3,800.0,826.0052142907003,196.3115093602221,11.28,1.62,82.1,1.0,0.8249603824988795
delivery-van,3,800.0,803.1219132859787,616.3414919812852,13.74,2.79,93.4,1.0,0.9310070689923867
tempo,2,1200.0,647.5553437976639,365.9894916410835,15.46,3.16,86.7,1.0,0.9592904248560317
heavy-truck,0,10000.0,9750.287198362616,608.4937614039234,4.94,40.46,51.9,1.0,0.4642819685859404
delivery-van,3,800.0,528.0137502497141,513.8623214740624,11.31,2.41,66.0,1.0,0.8933232510225888
tempo,2,1200.0,187.78908848414443,586.706850165813,13.07,5.2,60.0,1.0,0.8820489268306693
delivery-van,3,800.0,381.4638453876231,670.3795314903385,11.17,1.54,62.6,1.0,0.9469117089986285
delivery-van,3,800.0,640.2953805453529,582.1805231887184,10.92,1.44,57.8,1.0,0.8772322653241552
delivery-van,3,800.0,802.9376587619096,422.62600916516044,11.9,1.96,90.4,1.0,0.7862837005357176
mini-truck,1,5000.0,4079.028227369174,527.2214950708427,8.08,14.4,76.3,0.0,0.6162580066166553
tempo,2,1200.0,257.4637783371589,621.7488065957812,13.55,2.23,91.7,1.0,0.9647579954525155
tempo,2,1200.0,698.7763505906354,297.0887017285502,15.1,3.01,98.8,1.0,1.0
tempo,2,1200.0,324.7034838100251,592.9426548389425,15.15,5.08,92.5,1.0,0.9205158241854616
tempo,2,1200.0,180.84737518322723,479.0418597414123,12.52,2.89,97.9,0.0,0.7317625417124165
mini-truck,1,5000.0,4455.452681368636,252.5441783092527,6.9,20.08,86.9,1.0,0.7150673656917758
mini-truck,1,5000.0,2347.425325552052,422.57718589857626,7.73,15.99,52.7,1.0,0.7619696211138467
heavy-truck,0,10000.0,9128.09291451101,345.0082708209078,5.3,38.92,50.2,1.0,0.6047979492282103
tempo,2,1200.0,274.1439115626159,652.5041454755197,13.9,4.25,78.8,1.0,0.9751663340654657
tempo,2,1200.0,1202.0925204656185,670.5492461068912,12.35,2.1,85.6,1.0,0.8173965583382284
mini-truck,1,5000.0,2992.905962214146,358.84084276049293,8.55,11.88,88.6,1.0,0.8099070853551882
mini-truck,1,5000.0,2605.0769666686874,575.8474732641811,7.16,11.59,93.0,1.0,0.7819488571234591
tempo,2,1200.0,673.8800946790222,520.4774153130306,15.46,4.93,95.2,1.0,0.9392350820821188
tempo,2,1200.0,931.1520394900848,122.47294673344093,12.08,2.49,50.3,1.0,0.9400439734994006
mini-truck,1,5000.0,1745.8415844977258,264.55537671701643,7.7,15.94,63.6,1.0,0.7486134494168171
mini-truck,1,5000.0,3728.059182185117,157.7029961112929,7.46,12.54,92.1,1.0,0.7924682428825364
delivery-van,3,800.0,592.344741878677,674.6439643115392,12.41,2.01,58.6,1.0,0.854038467686645
delivery-van,3,800.0,309.79624922164226,696.8895471644055,11.49,2.06,66.2,1.0,0.9324410281046124
heavy-truck,0,10000.0,6415.464710709514,631.7268809451593,4.27,38.83,51.7,0.0,0.297633447232078
delivery-van,3,800.0,688.9618918606726,324.7873681611485,11.28,1.57,82.3,1.0,0.9384671097508241
mini-truck,1,5000.0,4311.553932992628,353.1454790049349,6.77,20.95,54.3,1.0,0.6941898130625728
delivery-van,3,800.0,528.0999122673991,282.31084972337334,11.48,2.11,68.9,1.0,0.9269464248908557
mini-truck,1,5000.0,3849.1164718540517,587.7572220337751,7.78,10.44,97.1,0.0,0.6635130044961554
mini-truck,1,5000.0,1919.0863771215259,199.56149685941733,7.8,16.44,92.1,1.0,0.735092882824666
delivery-van,3,800.0,283.80260698661334,458.03891718072174,13.15,2.62,72.9,0.0,0.7082689224974528
heavy-truck,0,10000.0,5742.169030367929,152.87938667230378,5.72,23.61,87.0,1.0,0.5995382228870041
tempo,2,1200.0,381.463661984977,232.1654634543401,12.64,3.93,54.2,1.0,0.9317064151009231
heavy-truck,0,10000.0,9734.973523161852,685.321195716116,4.98,20.14,72.4,1.0,0.7103866658805319
tempo,2,1200.0,581.6615370936606,650.43510299855,14.22,4.04,67.8,1.0,0.9235871058662113
mini-truck,1,5000.0,2410.593609141361,198.50545637187778,8.26,21.92,62.8,1.0,0.6817969910310643
heavy-truck,0,10000.0,9571.973440627824,248.0221878464821,4.99,17.04,71.8,1.0,0.7297740215673039
delivery-van,3,800.0,794.8463674683383,176.39696630150786,12.91,2.52,52.4,1.0,0.8732227574122737
delivery-van,3,800.0,451.7120456697626,565.6896330735083,13.4,2.19,69.4,1.0,0.8893577739629133
delivery-van,3,800.0,292.3998109051423,534.4340373553612,10.45,3.46,57.7,1.0,0.8030641105952795
delivery-van,3,800.0,724.1518606928107,370.8332579008787,13.59,2.24,77.6,1.0,0.9911408808054689
heavy-truck,0,10000.0,5380.8372635822225,117.84735361425959,4.32,42.83,95.1,1.0,0.47385875602119626
mini-truck,1,5000.0,2258.250138925615,306.738323293275,7.3,10.32,69.9,1.0,0.8429835663641678
heavy-truck,0,10000.0,7466.419969217173,127.61704904759938,4.58,36.73,56.0,1.0,0.45634837002830897
tempo,2,1200.0,932.1381628795484,195.57710409960725,12.58,5.02,86.5,0.0,0.7611296876652174
mini-truck,1,5000.0,4249.536448351681,146.7471878451871,7.43,12.55,82.5,0.0,0.6068440204237505
tempo,2,1200.0,734.3533143478195,693.285793985157,12.39,4.33,96.1,1.0,0.9094102138654997
heavy-truck,0,10000.0,7587.12600464951,469.98705285822524,4.45,28.21,90.5,1.0,0.5231677579587724
tempo,2,1200.0,1219.5697569120655,342.03248000215,13.72,2.11,47.7,0.0,0.6052347352290108
tempo,2,1200.0,772.4046570035722,398.9341631011523,15.45,2.38,64.5,1.0,0.9498483989110503
delivery-van,3,800.0,482.2204228421016,67.32095850001002,13.76,3.32,94.2,0.0,0.8251706753614206
mini-truck,1,5000.0,1478.91465325309,458.82445004075635,6.7,21.04,72.7,1.0,0.6376101924873392
mini-truck,1,5000.0,2933.9567259261294,317.2771085995185,8.04,15.24,82.1,1.0,0.8210055566105845
mini-truck,1,5000.0,3900.0284710456835,205.83529855315072,6.83,13.42,77.0,1.0,0.8062411603775936
mini-truck,1,5000.0,2214.138703073428,279.5295562949799,6.46,17.39,58.1,1.0,0.6959073929470455
heavy-truck,0,10000.0,2323.431309681466,356.16737249737446,5.19,25.2,99.6,1.0,0.6391045272349725
heavy-truck,0,10000.0,6259.028151371592,261.364122363916,4.78,25.25,91.8,1.0,0.6717223029854145
delivery-van,3,800.0,194.34185458272296,684.8209455385246,11.0,2.97,82.1,1.0,0.8859079218312921
tempo,2,1200.0,797.9311888962036,108.68647030693431,14.62,4.02,85.7,0.0,0.8409044379543853
tempo,2,1200.0,1034.900640643822,459.37249872167126,13.72,5.03,79.8,1.0,0.9492341156491468
delivery-van,3,800.0,193.74185967591438,524.126598787955,11.53,2.31,96.6,0.0,0.7547653951693859
mini-truck,1,5000.0,3341.8665056425534,107.85199468647619,7.19,19.39,78.8,1.0,0.6109772541446566
mini-truck,1,5000.0,4181.474018625357,174.77287502155497,6.89,18.5,90.9,1.0,0.7025075925738817
tempo,2,1200.0,841.3451251350556,555.9407473754072,15.26,2.51,80.2,1.0,0.9943316123038639
tempo,2,1200.0,345.0815369498454,474.9104066843588,12.88,2.26,89.1,1.0,0.8697269146689638
delivery-van,3,800.0,199.67367808439812,168.12332870488632,12.78,1.9,56.1,0.0,0.7962996499778352
mini-truck,1,5000.0,1976.335273374749,352.63761469838386,7.32,20.19,75.2,1.0,0.7940533253241316
tempo,2,1200.0,1020.7682470941447,66.74145211468456,12.15,4.06,76.0,1.0,0.8923825201876886
delivery-van,3,800.0,187.80830155479987,140.99356093245945,13.09,1.78,97.5,1.0,0.8975321570680801
delivery-van,3,800.0,604.2479578113877,156.97063919856225,12.49,3.2,46.1,1.0,0.8646448870089735
delivery-van,3,800.0,567.9737528894451,161.11873624697404,11.8,1.29,91.7,1.0,0.9645723613624455
heavy-truck,0,10000.0,6434.365061959308,82.719900204251,5.42,29.15,92.2,1.0,0.605794384165238
delivery-van,3,800.0,796.8531514852684,70.02712942380263,11.81,3.14,58.5,0.0,0.6632724981239433
heavy-truck,0,10000.0,9669.20650894034,411.1663180758691,5.44,43.33,54.8,1.0,0.46659049335409
tempo,2,1200.0,721.957978955507,530.2421212219388,13.24,4.22,46.7,1.0,0.8730073157699934
mini-truck,1,5000.0,3124.607157849783,162.09754072343216,7.62,8.09,50.4,1.0,0.7980028609896939
delivery-van,3,800.0,697.7876319019124,119.77276907549779,10.37,2.78,94.8,1.0,1.0
tempo,2,1200.0,334.9551265763084,132.36358300874343,15.53,2.04,91.3,1.0,1.0
delivery-van,3,800.0,263.35404900969877,508.35108362666574,12.74,1.44,93.7,1.0,0.937300347604297
heavy-truck,0,10000.0,7446.244192993187,307.2790106646646,4.79,20.03,74.3,0.0,0.5045970851237465
tempo,2,1200.0,1079.3479773374972,178.20473747465257,15.8,4.12,63.9,1.0,0.9283049974337713
heavy-truck,0,10000.0,6180.871856314242,372.5807205210287,4.27,21.94,83.5,1.0,0.6209343880902304
heavy-truck,0,10000.0,4912.62211138452,432.77844740216983,5.4,21.49,50.1,1.0,0.6494849209422966
heavy-truck,0,10000.0,7223.277551198504,517.0134394199022,4.26,38.09,78.3,1.0,0.43375154945313715
heavy-truck,0,10000.0,3498.384572723199,321.86394325847976,5.31,34.42,63.9,0.0,0.3617171060602323
delivery-van,3,800.0,824.511372129915,265.99215019940175,11.37,2.76,91.1,1.0,0.8192699708684369
mini-truck,1,5000.0,1467.9256732586987,407.19247879292794,7.39,19.15,76.3,0.0,0.5065081560748663
delivery-van,3,800.0,223.8421958764012,73.13533158850845,13.6,1.98,74.7,1.0,0.9581914081976586
delivery-van,3,800.0,452.119664027329,698.7315735058645,10.6,2.17,52.5,0.0,0.7478043296213774
tempo,2,1200.0,300.11906037913485,253.6899061894968,14.24,2.69,81.8,0.0,0.8260577238449668
delivery-van,3,800.0,422.6554986211771,82.0889433606689,11.88,2.55,57.5,1.0,0.9456913912091198
tempo,2,1200.0,360.9455423226444,368.9531840834543,12.88,2.44,99.6,1.0,1.0
heavy-truck,0,10000.0,3748.0907565199172,677.8254429279418,5.08,27.34,46.8,1.0,0.5860158135321699
tempo,2,1200.0,750.8659428452678,233.93279039679237,14.79,2.73,93.6,1.0,0.962219121717886
mini-truck,1,5000.0,2600.73577776079,432.5102967185869,6.6,12.52,96.7,1.0,0.8501281856782482
heavy-truck,0,10000.0,5934.674098120785,451.9322102944976,5.22,31.93,96.4,1.0,0.6200557332619043
heavy-truck,0,10000.0,2099.2039033943793,546.2406427563001,4.56,28.27,46.5,1.0,0.5368361847411389
tempo,2,1200.0,1048.7324083479573,394.18620356292513,12.03,5.15,52.7,1.0,0.8461557747038355
delivery-van,3,800.0,477.18145862386416,547.2361360315223,12.09,3.11,46.3,1.0,0.9181275272515645
tempo,2,1200.0,1141.7615245329152,637.361353938989,12.99,5.19,72.0,1.0,0.9263372323758507
delivery-van,3,800.0,454.3368740761314,620.6459782311562,12.01,1.77,70.5,1.0,0.9530542681880737
tempo,2,1200.0,844.9809314547056,61.846700027555315,14.91,4.27,79.9,1.0,0.9347280212998211
delivery-van,3,800.0,239.91477242301772,385.5967808454383,13.6,3.35,76.0,1.0,0.9226698119603888
tempo,2,1200.0,729.7651105655577,689.5261580365842,12.07,3.73,65.2,1.0,0.8615147374751015
mini-truck,1,5000.0,1102.5190305578242,546.6211352366954,8.14,16.66,99.5,1.0,0.7716684307556124
tempo,2,1200.0,931.3107819599409,451.6892003331785,14.96,2.28,96.1,1.0,0.9144868287673453
mini-truck,1,5000.0,1500.7492309230086,581.2158813990542,6.47,11.94,94.9,0.0,0.6479243684812428
delivery-van,3,800.0,194.91476483238546,290.0279971584864,13.59,1.98,94.5,1.0,0.8756303651426101
tempo,2,1200.0,1027.5576265266136,438.7206486289423,14.45,2.36,97.3,1.0,1.0
mini-truck,1,5000.0,2453.6102470429187,261.44235230226485,7.32,12.31,80.1,1.0,0.7481099597218686
mini-truck,1,5000.0,3781.526072746052,192.3458584236804,7.01,8.74,91.2,1.0,0.7438061205399051
heavy-truck,0,10000.0,2498.9619754034943,224.5871401041992,5.21,19.8,60.9,1.0,0.6495971626771855
mini-truck,1,5000.0,2567.053349595672,327.00383090365966,8.44,9.1,92.5,0.0,0.6294019075797985
tempo,2,1200.0,1051.4690031468465,195.57240879639622,12.14,2.68,63.1,0.0,0.8013937493887036
heavy-truck,0,10000.0,1867.8472415088754,170.28596168648463,5.52,41.36,93.8,1.0,0.45596753441393184
mini-truck,1,5000.0,3186.483689200862,602.6788066515546,7.31,20.04,75.6,0.0,0.6603148805290115
tempo,2,1200.0,642.5204165718067,471.4121111873445,15.04,3.08,77.0,1.0,0.9591935792617713
tempo,2,1200.0,964.5411684015688,350.3523576071498,15.56,4.23,70.3,1.0,0.9344940385674425
tempo,2,1200.0,429.15351613937327,146.95826765163253,13.85,1.94,72.5,1.0,0.9256814627001431
delivery-van,3,800.0,550.030217813316,382.8300342300096,12.56,3.33,91.2,1.0,1.0
tempo,2,1200.0,840.2064593387737,554.3681492122835,13.41,2.0,82.1,1.0,0.9371921860028918
tempo,2,1200.0,303.4574115065752,360.7711601979434,12.13,3.84,62.1,1.0,0.8870839950414111
delivery-van,3,800.0,602.2179919153042,110.27577441645079,12.9,1.37,47.1,1.0,0.8658894671222187
heavy-truck,0,10000.0,9464.993713797612,453.3311797718734,5.03,35.71,46.8,0.0,0.2874877984009524
heavy-truck,0,10000.0,4549.741468527643,449.36419722775895,4.3,26.44,59.4,1.0,0.6126528971122248
delivery-van,3,800.0,768.0875008431949,176.05236513357306,13.32,3.36,76.3,0.0,0.745450067989382
mini-truck,1,5000.0,2629.4621589679423,265.8598297915114,7.25,17.15,95.9,1.0,0.798076439806225
mini-truck,1,5000.0,1398.5705901372169,552.5581005337214,6.6,20.15,58.3,0.0,0.515337771481419
delivery-van,3,800.0,679.3462932210298,338.10853388154067,10.56,1.49,59.5,1.0,0.9349661341001517
delivery-van,3,800.0,768.6872520894016,535.7406945768973,12.96,3.12,50.8,1.0,0.7184293937934115
heavy-truck,0,10000.0,8243.71901647008,412.1398296212891,4.8,26.59,65.4,1.0,0.6165321435374119
mini-truck,1,5000.0,1832.9516512586965,112.773810878656,6.51,21.78,57.3,1.0,0.6607008679866856
mini-truck,1,5000.0,2328.4833280355315,197.41664205313702,8.24,13.81,67.5,1.0,0.710785830577507
tempo,2,1200.0,314.8982697683546,661.4496422390189,15.78,4.96,90.3,0.0,0.8285606540025979
tempo,2,1200.0,269.04282731303476,259.7237634647461,12.36,2.71,54.6,0.0,0.7120924935975561
tempo,2,1200.0,1056.5001286133977,74.16235869002861,14.12,4.46,85.9,1.0,0.9671333233768594
heavy-truck,0,10000.0,2713.779473305459,574.9072341692419,5.01,39.0,92.1,1.0,0.5471623499920116
tempo,2,1200.0,1216.5661369306213,679.5413673274211,12.67,4.49,72.0,1.0,0.8239467023039546
tempo,2,1200.0,539.0292857548545,314.5900438836486,14.8,4.22,73.1,1.0,0.8872157885067844
delivery-van,3,800.0,371.01593679768587,545.3359399577496,11.4,2.28,53.8,0.0,0.7529547241204091
heavy-truck,0,10000.0,10289.102367668243,192.09895375753888,5.54,41.7,90.7,1.0,0.3658265967188865
delivery-van,3,800.0,684.5427462312272,273.6155964395636,11.17,2.31,49.9,1.0,0.8525635574819527
tempo,2,1200.0,1257.7201422216392,630.1141051578046,15.35,3.85,67.9,1.0,0.7448780365847032
heavy-truck,0,10000.0,10067.174928912948,698.5082412885366,4.72,16.98,53.6,1.0,0.5363834969672169
tempo,2,1200.0,1072.150518238934,143.43608103617242,13.28,3.6,91.4,0.0,0.7924035662473089
heavy-truck,0,10000.0,8030.743958989989,469.11296973737075,5.47,31.03,49.8,1.0,0.5995405180170381
heavy-truck,0,10000.0,6565.613331937923,459.18563775713517,5.64,39.32,54.3,1.0,0.6044184394710576
tempo,2,1200.0,681.8274017761115,616.417201822628,15.27,5.2,51.9,1.0,0.8261155448022051
heavy-truck,0,10000.0,6286.4180950319715,664.839827997926,5.14,41.47,68.3,0.0,0.3429601386633204
mini-truck,1,5000.0,1325.6326548291381,381.7332099294787,6.47,21.5,79.7,1.0,0.6424646594901657
heavy-truck,0,10000.0,6913.5711814211845,169.12765847300733,4.3,19.89,52.7,1.0,0.6196368018408285
heavy-truck,0,10000.0,5051.283044873984,552.5655294426481,4.43,39.24,55.1,1.0,0.5095366098698518
delivery-van,3,800.0,513.474200658418,180.16849806842316,11.4,2.05,74.2,1.0,0.9726690815120785
heavy-truck,0,10000.0,5121.283275878826,70.25192056561352,5.6,20.01,85.9,1.0,0.6556400339952376
delivery-van,3,800.0,316.14147979349474,358.61561979336284,13.76,1.92,73.7,1.0,0.9464004103608462
tempo,2,1200.0,738.8999714222678,389.05294853386465,15.58,2.02,50.1,1.0,0.8943297247789365
delivery-van,3,800.0,239.60833775565166,158.44866813237536,11.91,1.46,62.0,1.0,0.9304556905710076
mini-truck,1,5000.0,3886.397854916919,362.6164757388014,8.07,9.91,94.3,1.0,0.7393437789692167
tempo,2,1200.0,475.25890074999404,590.2997372507391,14.37,2.08,79.7,1.0,0.9483646040822553
tempo,2,1200.0,227.1194429283759,595.3413618612527,16.02,2.85,54.8,1.0,0.8738818232177253
heavy-truck,0,10000.0,3201.683118171686,649.7590710330895,4.68,16.16,63.7,1.0,0.68922685949242
delivery-van,3,800.0,351.8747580171161,83.3472988185283,12.45,2.27,85.8,0.0,0.8173549256299092
tempo,2,1200.0,901.1701388225566,456.31562710626093,13.1,3.49,59.7,1.0,0.9261727398306506
tempo,2,1200.0,466.2476314460721,247.7002118976569,12.6,5.2,82.7,1.0,0.9028516062055424
delivery-van,3,800.0,256.1302204015682,342.7590000405067,11.59,2.0,69.6,1.0,0.9258643269757997
heavy-truck,0,10000.0,2985.7641256575807,633.0873769136729,4.87,39.83,52.0,1.0,0.38785784900407655
tempo,2,1200.0,1094.1170427364736,391.0217850202534,12.75,3.68,87.3,0.0,0.7906576242689136
mini-truck,1,5000.0,2475.3572706752266,577.4794485291717,7.15,15.62,90.4,1.0,0.8006502927417386
tempo,2,1200.0,504.79962370745295,245.77362956674165,14.05,3.56,84.4,1.0,0.9310274369104239
delivery-van,3,800.0,694.1663961722862,482.9852033748978,12.71,1.36,66.4,1.0,0.8488653323267499
mini-truck,1,5000.0,3119.995142189631,219.68959154122155,8.01,14.7,86.1,1.0,0.7330370632642564
heavy-truck,0,10000.0,7009.126326222547,85.77993857808778,5.02,23.48,93.0,1.0,0.6860204616009934
heavy-truck,0,10000.0,6357.787468362969,209.20962249047938,4.31,18.94,86.5,0.0,0.5835972158614944
tempo,2,1200.0,979.5589291948796,205.31124913815881,12.38,4.16,81.1,1.0,0.9531052111683781
delivery-van,3,800.0,566.3298385374378,92.75674844595784,11.73,2.01,88.4,1.0,0.9604475261499709
tempo,2,1200.0,737.7395084993057,450.6714239328909,12.5,2.2,86.0,1.0,0.9549778442035665
tempo,2,1200.0,611.9355281155088,632.3278287115525,13.74,4.53,52.5,1.0,0.8903091269539369
heavy-truck,0,10000.0,7515.941962543819,221.72085787075707,4.87,29.53,90.3,1.0,0.5894448573916675
mini-truck,1,5000.0,3510.3889984661228,415.2456948537877,7.66,16.37,50.5,1.0,0.7152483295662131
delivery-van,3,800.0,779.1443426797435,238.71646720817233,13.22,1.4,89.3,1.0,0.9219260185622455
mini-truck,1,5000.0,4587.54183595105,414.41271734959946,7.16,13.87,48.5,1.0,0.6964459396467532
delivery-van,3,800.0,290.00757426170946,92.27207819439506,13.15,2.47,98.7,1.0,0.9517455702764646
tempo,2,1200.0,213.01639699825355,117.48397411893876,13.7,2.86,96.8,1.0,0.9550875205685128
mini-truck,1,5000.0,917.8338311803519,158.89157223467805,7.51,20.28,91.6,1.0,0.7489577356194473
tempo,2,1200.0,1075.2501285653552,156.19343141169998,15.17,2.05,75.2,1.0,1.0
heavy-truck,0,10000.0,7070.785890705987,526.4559248632077,5.46,34.15,62.5,1.0,0.6332993161189172
mini-truck,1,5000.0,1309.058779880785,66.74628480112851,7.57,10.01,63.5,1.0,0.7682597845621887
mini-truck,1,5000.0,3825.1286419572107,607.8293128836498,6.89,17.5,67.8,1.0,0.6682719456383835
delivery-van,3,800.0,326.182852708283,219.85792086240323,12.67,2.65,72.4,0.0,0.6796921754816546
delivery-van,3,800.0,771.8766041650316,216.4447181707697,10.9,2.78,63.8,1.0,0.8029031690619808
mini-truck,1,5000.0,3384.3689329721738,318.79102282488697,7.04,19.64,93.3,1.0,0.6427055493979024
tempo,2,1200.0,434.738721537426,64.92308015918617,14.86,3.0,52.5,0.0,0.7689582195436927
heavy-truck,0,10000.0,2570.1563100640656,509.98840728708154,4.93,31.76,90.5,1.0,0.6416215651128181
heavy-truck,0,10000.0,7831.915966566066,173.62797575165848,5.4,32.01,55.3,0.0,0.3876215446251126
mini-truck,1,5000.0,3580.2551117495036,211.2351910227327,6.85,18.39,95.8,1.0,0.7817356351834833
delivery-van,3,800.0,295.5362963196159,431.49983144086275,12.51,2.78,62.7,1.0,0.8555415099199317
tempo,2,1200.0,1034.7266689148876,325.54862697331043,13.64,4.38,52.0,1.0,0.9145638256140481
mini-truck,1,5000.0,2589.5081008396696,250.21717767131435,7.82,13.25,89.8,1.0,0.7557077404375887
tempo,2,1200.0,1166.9519949623952,546.6179072665213,14.17,2.12,66.7,1.0,0.9207111350450476
tempo,2,1200.0,292.3243930984999,620.038763724,12.16,3.97,64.7,1.0,0.9685912658848777
delivery-van,3,800.0,786.4644698606123,331.67282467519794,10.25,1.44,60.2,1.0,0.8648513693083124
delivery-van,3,800.0,248.92425516531614,597.832243694362,11.74,2.86,57.9,1.0,0.8202961075020546
mini-truck,1,5000.0,991.3867451923627,214.90293232676208,7.87,14.67,64.4,1.0,0.7329288932608579
delivery-van,3,800.0,572.5930103292417,212.4193489141338,10.66,2.56,92.7,1.0,0.9041376873813086
heavy-truck,0,10000.0,6190.8191427201,518.8852666537273,4.54,30.85,93.3,1.0,0.5787410180848283
delivery-van,3,800.0,732.592277123167,455.76479258607856,11.89,3.25,56.1,1.0,0.8414333682722978
heavy-truck,0,10000.0,8110.410649917858,505.8261278969357,5.58,17.39,81.3,0.0,0.5888721834538264
tempo,2,1200.0,894.4863487093633,685.7716206116338,12.51,4.55,74.2,1.0,0.9054553718021592
tempo,2,1200.0,712.2749772959513,131.52443331145724,13.48,3.3,50.7,1.0,0.9089969834033207
tempo,2,1200.0,627.7546574689671,567.6464739614012,12.74,4.32,70.4,1.0,0.9235907653414623
heavy-truck,0,10000.0,7352.907504213871,651.7031984052609,5.49,17.84,72.6,1.0,0.652436882211998
heavy-truck,0,10000.0,3905.9046753559523,399.496658225661,5.66,23.21,67.9,1.0,0.643106891541309
delivery-van,3,800.0,616.9450885797984,610.3442625561942,12.56,3.23,45.6,1.0,0.8133490179149881
mini-truck,1,5000.0,840.6741521632991,102.17948490970507,7.79,17.46,56.3,1.0,0.7680995060103556
tempo,2,1200.0,1214.561360816537,450.69190716762245,14.19,3.91,80.9,1.0,0.817981361732153
delivery-van,3,800.0,700.7011917717215,510.2852809810741,10.71,2.51,47.7,0.0,0.6248045691369292
heavy-truck,0,10000.0,3093.794495301006,304.51074602529866,5.24,19.74,91.0,1.0,0.7032661890705433
delivery-van,3,800.0,418.71396978501593,335.51365377046204,12.02,2.08,71.9,1.0,0.9875218390495284
heavy-truck,0,10000.0,5618.49251627855,439.6205975694756,5.22,26.82,81.1,1.0,0.6068284188913783
mini-truck,1,5000.0,4149.303395425831,371.7317582148707,8.12,9.64,65.3,1.0,0.8257522525036965
tempo,2,1200.0,887.7635557003866,370.68845813855404,15.01,2.31,76.9,1.0,0.9283741155194907
tempo,2,1200.0,665.7736065461932,672.4307189090944,14.17,5.26,76.7,1.0,0.9582361212742768
mini-truck,1,5000.0,1694.6767464984111,608.7378192338555,6.82,9.46,70.7,1.0,0.7063888290476393
delivery-van,3,800.0,276.90620760990856,455.9394434917519,11.41,1.62,51.0,0.0,0.7164957376329177
delivery-van,3,800.0,602.1140652997111,455.7939194766505,13.42,2.52,64.7,0.0,0.8585286610521228
heavy-truck,0,10000.0,9684.126360489909,368.60901806548264,4.85,18.23,85.3,1.0,0.798307677407245
heavy-truck,0,10000.0,3690.0681527342826,93.96363243923815,5.28,29.45,56.1,0.0,0.4664267610829592
heavy-truck,0,10000.0,2027.598951881817,229.5825998137061,4.64,25.25,72.7,0.0,0.4320301518108174
mini-truck,1,5000.0,3226.6851040012248,397.2063323490587,7.94,15.53,90.9,1.0,0.7676653137399037
tempo,2,1200.0,735.0812247922554,346.707231704577,13.88,4.27,52.9,1.0,0.8544326445975625
mini-truck,1,5000.0,4701.3343243785175,350.8443660992299,7.14,21.74,87.1,1.0,0.6279762767027286
mini-truck,1,5000.0,1284.9298984526272,287.79910683908815,7.62,17.01,53.8,1.0,0.6565756328077068
heavy-truck,0,10000.0,6106.992536801471,71.4845182115188,4.49,38.35,78.0,0.0,0.4161189319603091
mini-truck,1,5000.0,2011.5694043150422,88.08994717467151,6.71,17.35,59.2,1.0,0.7742976689741985
mini-truck,1,5000.0,3243.481952296942,681.8133625293409,6.51,13.11,62.7,0.0,0.5592077617619495
mini-truck,1,5000.0,1200.2985194188243,412.06567622991406,8.16,16.06,72.1,1.0,0.7510352259909998
mini-truck,1,5000.0,1438.7078054000967,591.905651057897,8.25,15.32,94.3,1.0,0.7910445345555069
mini-truck,1,5000.0,4562.561995169954,460.8826246696463,6.44,8.54,70.9,1.0,0.8812253989969748
tempo,2,1200.0,1243.0592713021554,286.2152354202311,14.45,2.65,72.0,0.0,0.6657165474711504
mini-truck,1,5000.0,1542.387155792241,691.9274457722305,7.15,11.17,85.4,1.0,0.79649826608989
delivery-van,3,800.0,836.9929198133965,681.636533486005,13.78,2.76,85.7,0.0,0.6535493433354079
tempo,2,1200.0,1130.075885345858,561.5463040322838,12.71,4.83,52.4,1.0,0.8586422788748731
tempo,2,1200.0,297.94716749950607,368.9476188174922,15.57,3.42,90.7,1.0,0.9014935554083157
mini-truck,1,5000.0,4344.432681120302,122.13050478664876,8.33,16.33,82.3,0.0,0.6348430450615681
mini-truck,1,5000.0,2338.169848856111,245.36600991842263,7.76,16.22,73.7,0.0,0.6460156817434826
mini-truck,1,5000.0,4532.77429140927,184.4418210259372,7.46,14.77,50.9,0.0,0.6065611817661576
heavy-truck,0,10000.0,10092.016651812768,133.55368129553838,4.32,31.29,97.4,1.0,0.5003352695978415
heavy-truck,0,10000.0,2303.342885572507,630.19786733539,4.84,23.43,67.9,0.0,0.4658925660194648
delivery-van,3,800.0,125.09605515894337,254.91952574443013,12.63,2.63,88.6,0.0,0.6849688495556228
mini-truck,1,5000.0,5168.556334523699,195.11136190525457,6.84,14.52,87.5,1.0,0.6580315885651131
heavy-truck,0,10000.0,3987.853644693169,416.3906717373737,4.44,36.58,70.3,1.0,0.6480919301009166
heavy-truck,0,10000.0,2572.646951623959,629.7664810388234,4.56,27.42,45.4,1.0,0.5398031862631996
heavy-truck,0,10000.0,8271.914862595831,659.7773732846349,5.06,32.76,70.2,1.0,0.5999362025180847
tempo,2,1200.0,823.1233273926834,196.40123629407995,13.38,2.94,56.0,0.0,0.8047920676907045
delivery-van,3,800.0,549.1136107703371,107.37059076052198,12.89,2.04,80.7,1.0,0.9364791549826195
tempo,2,1200.0,256.2776358771267,264.55179439994873,13.14,2.39,86.9,1.0,1.0
mini-truck,1,5000.0,5096.426542232518,100.96400727814228,7.01,19.89,45.1,0.0,0.3727729079520396
delivery-van,3,800.0,365.0263255331866,116.7266331301277,11.41,1.88,71.2,0.0,0.7803361919009743
tempo,2,1200.0,397.4538688800888,490.90901083239737,16.05,3.46,80.2,1.0,0.9620317424271018
delivery-van,3,800.0,665.6235897049935,299.22706433843524,12.23,1.49,47.1,0.0,0.707771689320715
heavy-truck,0,10000.0,8998.273584661682,373.78054914941606,5.75,16.91,96.8,1.0,0.7572982860993733
tempo,2,1200.0,338.20726185165245,642.0801699314356,14.8,3.28,46.1,0.0,0.7683016217738132
mini-truck,1,5000.0,2309.8922766727765,220.51270032541467,7.18,16.28,76.3,1.0,0.7061946213011709
mini-truck,1,5000.0,4398.424526333307,227.19100275519963,7.69,20.82,74.4,1.0,0.7141480535582858
tempo,2,1200.0,1217.8881491089123,119.36994750867775,12.98,2.55,61.1,0.0,0.684916173965693
mini-truck,1,5000.0,3134.1179337078515,377.017071378823,6.42,13.3,65.7,1.0,0.6765703833573988
heavy-truck,0,10000.0,5667.214177214008,270.92360295392325,4.97,37.1,50.1,1.0,0.47965607054853976
tempo,2,1200.0,751.8751608422831,516.4926334030239,13.33,2.71,60.8,1.0,0.9376642595878566
mini-truck,1,5000.0,4055.535834115638,635.2671949310038,6.88,16.52,85.9,1.0,0.7960337759384442
mini-truck,1,5000.0,4819.932441091292,202.15016495821814,6.42,14.03,47.3,1.0,0.7147869163001692
heavy-truck,0,10000.0,5809.698731141123,299.19616556100044,4.76,18.71,49.1,1.0,0.7183251234100515
tempo,2,1200.0,995.7445205703406,503.25435756978385,13.97,3.34,49.4,1.0,0.8946277177123416
delivery-van,3,800.0,512.3624752420444,99.35627756599004,10.34,2.62,86.1,0.0,0.7517540889170895
delivery-van,3,800.0,703.1669718639614,231.2272137084829,12.74,1.33,98.3,0.0,0.8123130485121632
heavy-truck,0,10000.0,7033.252405051316,541.2742270234776,4.4,21.56,98.5,1.0,0.676809651771203
delivery-van,3,800.0,179.03606033614835,247.95170740857898,11.69,2.1,52.9,1.0,0.9221171242939658
heavy-truck,0,10000.0,6635.14858072711,286.37190442853927,4.96,28.3,64.1,1.0,0.6005114559846164
mini-truck,1,5000.0,774.2331102881413,450.4657417920952,8.49,18.35,50.0,1.0,0.7256949419402524
mini-truck,1,5000.0,4179.225624244403,510.9002003530299,7.27,10.09,65.7,1.0,0.7772263850288538
tempo,2,1200.0,659.7643710217113,384.8250450071268,13.87,3.4,76.7,1.0,0.866184046581294
tempo,2,1200.0,802.3511045336202,619.91186939446,15.74,4.55,65.7,1.0,0.9635410387143132
heavy-truck,0,10000.0,2805.630977535943,691.2460689696978,5.28,27.62,90.2,1.0,0.5990311446121802
heavy-truck,0,10000.0,5969.912755534226,122.73916720332508,4.65,17.67,94.0,1.0,0.6711797457489155
mini-truck,1,5000.0,2009.2293623795365,70.33072303870902,6.47,12.62,45.3,1.0,0.652366997495785
delivery-van,3,800.0,324.94382074040243,249.4378676404218,13.72,2.45,81.1,1.0,0.9954230762180312
heavy-truck,0,10000.0,6873.075052316701,137.1541812414984,5.03,18.96,51.1,1.0,0.613539197019132
mini-truck,1,5000.0,3904.467972574843,287.9702454265797,8.26,10.96,63.7,1.0,0.7775792016635755
heavy-truck,0,10000.0,1762.5946816107887,695.7105886043585,5.34,43.32,83.0,1.0,0.49247762385055704
heavy-truck,0,10000.0,5421.044550115168,440.7472041020978,5.24,37.08,87.2,0.0,0.38315156533819794
delivery-van,3,800.0,627.1979629989747,271.10258728944785,10.41,2.56,74.9,0.0,0.7033413970898599
delivery-van,3,800.0,826.7945135433124,685.5478567048839,13.23,2.69,65.9,1.0,0.8198976764064148
mini-truck,1,5000.0,2833.0907804081644,583.6430943993349,6.81,21.55,91.3,0.0,0.6030682272941966
delivery-van,3,800.0,262.16994548466323,110.73902455544292,13.26,1.3,83.6,1.0,0.870025623889682
delivery-van,3,800.0,341.9968288189951,696.1252244571592,13.68,2.38,80.4,1.0,0.9960185942556387
mini-truck,1,5000.0,5111.306087776547,94.6324838343407,6.38,19.06,97.4,1.0,0.7337114337811658
heavy-truck,0,10000.0,8465.472359969943,482.9696588752855,5.28,27.9,55.8,1.0,0.5962356988253098
delivery-van,3,800.0,534.3637365442742,189.93133667813333,10.81,3.16,83.7,1.0,0.879949403045245
delivery-van,3,800.0,718.8171365573266,647.9842906189417,11.34,3.25,96.8,1.0,1.0
mini-truck,1,5000.0,3873.5113342615487,513.1642821467574,7.77,9.63,61.3,0.0,0.6777424711444439
tempo,2,1200.0,709.1063189164778,559.2341413131624,15.63,3.88,56.5,1.0,0.9881937355516798
tempo,2,1200.0,693.0650502676061,639.3909168699022,15.47,3.18,65.7,1.0,0.9386335242451113
delivery-van,3,800.0,728.1190477981811,95.6453759834713,12.94,2.39,56.7,1.0,0.8934417343816389
mini-truck,1,5000.0,4667.012656780573,209.55649699945454,8.25,18.27,79.8,1.0,0.7745720751712019
mini-truck,1,5000.0,4613.224154833392,424.03917709877965,6.42,10.95,90.4,1.0,0.8332353177839702
heavy-truck,0,10000.0,7172.843235296122,254.93016609682508,4.5,18.61,57.1,1.0,0.5932982237082184
tempo,2,1200.0,375.57765518685454,120.87382180234528,13.95,2.49,47.0,1.0,0.925309536425962
mini-truck,1,5000.0,1274.233630950396,681.8887224751475,7.62,13.26,62.5,0.0,0.6662468256483529
tempo,2,1200.0,762.8463747551629,527.0547367909461,13.38,2.3,60.8,1.0,0.9346038436906586
tempo,2,1200.0,1153.1158604807733,492.1788541495419,14.62,5.14,82.4,1.0,0.9600787450855126
delivery-van,3,800.0,492.4899184409058,473.11752508120856,12.06,2.44,65.2,1.0,0.9904168635152728
tempo,2,1200.0,1006.6633790237751,301.9596832451685,14.0,4.75,80.3,1.0,0.9502668781928957
tempo,2,1200.0,1093.84432691972,61.277134804793505,12.62,5.0,94.9,1.0,0.9640542012061017
delivery-van,3,800.0,244.96916312979317,225.9390520468446,12.07,1.59,84.1,1.0,0.8160400040995167
heavy-truck,0,10000.0,7370.281560383012,351.35723200209185,4.61,41.49,68.8,0.0,0.28954619510427515
delivery-van,3,800.0,134.67090539403367,65.86012181084833,11.33,3.45,46.9,0.0,0.676504607392497
delivery-van,3,800.0,593.8398935527027,427.021830854309,12.34,2.23,57.1,1.0,0.8939820624562942
heavy-truck,0,10000.0,6181.114357532176,628.4703238291647,4.37,42.59,85.2,1.0,0.5971195481543958
heavy-truck,0,10000.0,3619.864000632208,534.2596479481067,5.01,40.01,79.4,1.0,0.504167246620479
delivery-van,3,800.0,651.6606104976369,692.3349450403807,10.92,1.63,98.3,1.0,0.9821032018669036
delivery-van,3,800.0,539.8903037986414,236.54685058137716,12.74,2.08,62.5,0.0,0.776827526242503
tempo,2,1200.0,555.9755631564481,586.0854129153564,12.19,4.89,56.8,1.0,0.8488693819218721
delivery-van,3,800.0,684.2303373337186,90.38490872703754,12.13,1.92,97.5,1.0,0.8545418856502953
mini-truck,1,5000.0,2033.999853230201,60.80843881118781,7.63,10.2,50.0,1.0,0.8425591791828708
mini-truck,1,5000.0,4384.1487850554795,543.7055937274502,7.4,9.06,71.9,1.0,0.7696892639472891
delivery-van,3,800.0,835.615141123562,75.08509620917835,11.35,1.99,96.9,1.0,0.8464136054746377
tempo,2,1200.0,1162.5059122956388,397.63420547205794,14.67,5.04,64.5,1.0,0.8201387339617707
tempo,2,1200.0,881.1722900306617,318.1011370207111,13.12,3.06,63.6,1.0,0.8566757744605333
delivery-van,3,800.0,831.8839609840135,224.36418023392847,12.86,1.9,75.1,1.0,0.8477410101012692
tempo,2,1200.0,541.7939447858196,114.12633911072199,12.3,4.26,48.8,0.0,0.7149487705293224
mini-truck,1,5000.0,3520.0442240263023,413.85836123000905,6.81,19.81,54.1,1.0,0.676729731095261
heavy-truck,0,10000.0,8432.809733684944,131.58601682133485,4.93,37.99,83.1,1.0,0.6115717022361836
delivery-van,3,800.0,291.3828396557035,228.3926997947686,13.18,3.22,74.6,1.0,0.8363517210565243
delivery-van,3,800.0,223.05757537574937,644.7549911136962,10.78,2.45,68.8,1.0,0.8568608313209283
delivery-van,3,800.0,773.0586088798382,476.29177557917956,13.59,2.68,83.0,1.0,0.8866214708620586
delivery-van,3,800.0,298.2849026904299,234.7835719603969,10.51,2.26,83.5,1.0,1.0
mini-truck,1,5000.0,4636.444782661501,541.176291745961,8.1,18.49,87.0,0.0,0.5343553554481233
tempo,2,1200.0,1133.7037991804427,445.5727549718898,16.02,3.04,46.3,1.0,0.9301632464566194
mini-truck,1,5000.0,1887.924566449386,336.51015951742346,7.56,11.06,99.7,1.0,0.7484387708207607
