vehicle_type,type_code,distance_km,weight_kg,load_ratio,mileage_kmpl,fuel_l
tempo,2,520.9,694.0,0.58,12.21,50.45
delivery-van,3,85.8,273.0,0.34,10.36,9.48
tempo,2,738.7,917.0,0.76,14.63,61.81
mini-truck,1,122.6,2139.0,0.43,7.43,17.8
mini-truck,1,677.8,3070.0,0.61,8.46,92.81
heavy-truck,0,512.8,9955.0,1.0,5.23,116.18
mini-truck,1,533.3,4417.0,0.88,8.09,78.15
heavy-truck,0,78.5,5584.0,0.56,4.78,18.73
delivery-van,3,468.6,547.0,0.68,12.86,38.79
tempo,2,342.4,280.0,0.23,13.71,26.96
heavy-truck,0,604.8,3778.0,0.38,5.85,116.73
heavy-truck,0,483.3,2250.0,0.22,4.66,106.2
tempo,2,489.4,651.0,0.54,14.0,39.61
delivery-van,3,522.8,734.0,0.92,13.62,46.54
mini-truck,1,539.4,3729.0,0.75,7.4,89.22
tempo,2,322.9,1181.0,0.98,14.78,29.43
mini-truck,1,381.6,2047.0,0.41,8.48,53.6
mini-truck,1,516.4,2271.0,0.45,8.17,68.02
tempo,2,511.7,295.0,0.25,15.91,34.19
tempo,2,341.5,1076.0,0.9,16.25,26.15
tempo,2,205.1,712.0,0.59,13.53,17.63
heavy-truck,0,95.1,9428.0,0.94,5.52,22.09
heavy-truck,0,97.9,2100.0,0.21,5.04,20.52
delivery-van,3,711.7,535.0,0.67,10.26,84.35
tempo,2,322.9,398.0,0.33,14.47,23.71
heavy-truck,0,74.7,8471.0,0.85,5.5,16.6
delivery-van,3,610.5,606.0,0.76,10.68,64.52
delivery-van,3,321.5,439.0,0.55,10.77,33.19
tempo,2,216.8,1180.0,0.98,14.69,18.18
tempo,2,681.8,1009.0,0.84,13.13,62.17
tempo,2,464.7,573.0,0.48,14.91,35.29
delivery-van,3,682.0,511.0,0.64,13.81,57.47
mini-truck,1,204.4,1297.0,0.26,6.39,36.94
delivery-van,3,318.5,664.0,0.83,12.06,33.77
delivery-van,3,481.3,412.0,0.51,14.0,39.37
tempo,2,337.8,736.0,0.61,14.8,25.9
mini-truck,1,742.3,4782.0,0.96,8.16,119.51
mini-truck,1,326.9,3169.0,0.63,8.23,47.95
heavy-truck,0,698.7,2959.0,0.3,5.64,142.05
delivery-van,3,377.5,697.0,0.87,12.08,36.85
mini-truck,1,221.5,1596.0,0.32,6.44,37.43
delivery-van,3,518.4,284.0,0.35,13.59,37.81
heavy-truck,0,357.2,7423.0,0.74,5.46,79.64
tempo,2,686.9,285.0,0.24,16.43,48.26
tempo,2,423.5,1049.0,0.87,13.15,39.02
heavy-truck,0,677.0,5842.0,0.58,4.88,159.01
heavy-truck,0,235.2,3122.0,0.31,5.03,53.11
delivery-van,3,740.6,712.0,0.89,12.89,68.04
heavy-truck,0,558.0,4020.0,0.4,4.5,130.88
tempo,2,517.7,493.0,0.41,16.17,36.87
delivery-van,3,302.2,588.0,0.74,13.4,26.36
mini-truck,1,58.0,1933.0,0.39,6.55,9.95
mini-truck,1,382.3,4113.0,0.82,8.34,55.52
tempo,2,515.6,626.0,0.52,16.43,36.03
tempo,2,639.0,971.0,0.81,16.24,47.19
mini-truck,1,436.0,1836.0,0.37,6.47,71.76
delivery-van,3,542.0,431.0,0.54,11.73,54.45
heavy-truck,0,359.5,9231.0,0.92,4.76,92.46
heavy-truck,0,563.1,6474.0,0.65,4.86,129.17
delivery-van,3,239.7,494.0,0.62,13.98,20.54
heavy-truck,0,699.7,5578.0,0.56,5.8,133.09
tempo,2,614.8,492.0,0.41,14.75,48.22
tempo,2,99.7,493.0,0.41,12.74,8.87
heavy-truck,0,284.7,2836.0,0.28,5.62,54.77
tempo,2,616.9,524.0,0.44,13.61,51.28
delivery-van,3,214.6,748.0,0.93,13.4,21.03
delivery-van,3,461.9,404.0,0.51,12.83,43.1
heavy-truck,0,463.8,9830.0,0.98,4.41,131.39
delivery-van,3,671.4,312.0,0.39,12.19,61.32
tempo,2,348.9,401.0,0.33,11.96,30.5
heavy-truck,0,603.6,2730.0,0.27,4.77,134.92
mini-truck,1,197.4,2301.0,0.46,6.97,32.39
tempo,2,547.3,249.0,0.21,13.27,45.71
heavy-truck,0,563.0,4494.0,0.45,4.74,129.22
delivery-van,3,694.1,772.0,0.97,11.56,71.73
mini-truck,1,196.6,2270.0,0.45,7.31,31.71
tempo,2,493.9,722.0,0.6,11.97,47.6
mini-truck,1,281.9,2857.0,0.57,6.57,45.86
tempo,2,263.8,524.0,0.44,16.45,17.8
tempo,2,587.6,949.0,0.79,12.35,57.57
heavy-truck,0,666.0,3601.0,0.36,5.81,128.63
mini-truck,1,341.9,3137.0,0.63,7.4,55.36
tempo,2,259.3,740.0,0.62,15.01,19.98
heavy-truck,0,106.2,4455.0,0.45,5.74,21.05
mini-truck,1,63.4,3883.0,0.78,8.54,8.31
mini-truck,1,92.6,3125.0,0.63,7.37,14.13
heavy-truck,0,318.5,4352.0,0.44,4.45,77.7
delivery-van,3,183.1,624.0,0.78,11.92,18.86
delivery-van,3,663.9,634.0,0.79,11.85,65.74
mini-truck,1,142.3,3756.0,0.75,8.19,19.33
mini-truck,1,705.3,4055.0,0.81,7.49,112.04
tempo,2,724.5,400.0,0.33,12.18,62.84
delivery-van,3,502.3,198.0,0.25,11.34,49.98
heavy-truck,0,377.8,6672.0,0.67,4.61,102.53
tempo,2,128.1,950.0,0.79,12.41,12.34
heavy-truck,0,112.7,2249.0,0.22,5.08,23.16
delivery-van,3,245.0,381.0,0.48,12.62,22.9
delivery-van,3,729.5,721.0,0.9,10.96,85.55
tempo,2,687.2,830.0,0.69,16.41,50.21
tempo,2,258.8,679.0,0.57,15.25,19.66
tempo,2,200.2,1050.0,0.88,15.75,16.19
tempo,2,654.2,904.0,0.75,12.42,57.58
mini-truck,1,307.7,3472.0,0.69,8.33,43.42
mini-truck,1,262.3,2615.0,0.52,7.84,38.24
delivery-van,3,705.5,363.0,0.45,10.94,73.46
delivery-van,3,477.3,311.0,0.39,12.95,37.17
tempo,2,642.9,907.0,0.76,16.14,46.27
delivery-van,3,692.8,755.0,0.94,14.14,62.6
tempo,2,415.0,935.0,0.78,15.62,34.94
tempo,2,175.1,906.0,0.76,13.59,16.09
tempo,2,560.2,815.0,0.68,15.82,40.52
heavy-truck,0,681.1,3426.0,0.34,4.44,165.16
mini-truck,1,709.2,2047.0,0.41,6.67,125.34
tempo,2,56.6,629.0,0.52,13.91,4.25
heavy-truck,0,399.1,5634.0,0.56,4.56,103.59
mini-truck,1,475.2,4449.0,0.89,7.28,82.35
heavy-truck,0,452.7,6253.0,0.63,5.55,86.97
mini-truck,1,232.7,2480.0,0.5,8.63,30.0
heavy-truck,0,534.1,3331.0,0.33,5.2,107.24
tempo,2,373.5,574.0,0.48,15.61,26.25
mini-truck,1,654.8,4567.0,0.91,7.21,115.47
tempo,2,574.9,688.0,0.57,12.61,46.71
delivery-van,3,610.9,538.0,0.67,10.23,71.25
mini-truck,1,478.8,2690.0,0.54,8.19,65.3
delivery-van,3,508.4,508.0,0.63,10.56,53.39
delivery-van,3,594.5,222.0,0.28,11.33,58.3
heavy-truck,0,357.6,4961.0,0.5,5.41,79.15
heavy-truck,0,108.0,8927.0,0.89,5.74,23.72
tempo,2,550.2,781.0,0.65,12.07,54.85
tempo,2,517.8,824.0,0.69,12.87,49.34
delivery-van,3,672.7,621.0,0.78,11.16,74.65
tempo,2,260.9,991.0,0.83,12.65,24.47
heavy-truck,0,418.7,3044.0,0.3,4.74,95.0
heavy-truck,0,685.4,9102.0,0.91,5.0,153.76
heavy-truck,0,568.0,4268.0,0.43,4.84,143.01
tempo,2,287.0,751.0,0.63,16.05,21.16
tempo,2,425.1,922.0,0.77,13.25,36.45
delivery-van,3,243.3,609.0,0.76,11.13,24.96
delivery-van,3,552.9,571.0,0.71,12.51,49.87
heavy-truck,0,318.5,3095.0,0.31,5.52,56.3
tempo,2,261.9,915.0,0.76,13.15,25.64
heavy-truck,0,560.6,6723.0,0.67,5.9,106.61
tempo,2,585.3,324.0,0.27,14.11,42.78
heavy-truck,0,371.3,5978.0,0.6,4.36,94.14
heavy-truck,0,336.7,9079.0,0.91,5.17,80.35
heavy-truck,0,167.0,2717.0,0.27,5.58,32.32
tempo,2,114.6,409.0,0.34,15.73,8.49
mini-truck,1,391.3,3135.0,0.63,6.65,66.28
delivery-van,3,486.4,731.0,0.91,10.23,59.53
delivery-van,3,158.6,218.0,0.27,10.47,16.54
tempo,2,695.9,1016.0,0.85,14.22,60.86
delivery-van,3,452.3,602.0,0.75,11.89,43.68
mini-truck,1,452.9,3233.0,0.65,7.22,76.0
tempo,2,479.7,366.0,0.3,15.89,31.51
heavy-truck,0,530.4,5269.0,0.53,5.14,118.31
delivery-van,3,415.9,233.0,0.29,12.32,35.63
tempo,2,672.8,616.0,0.51,15.86,53.19
tempo,2,451.6,1166.0,0.97,15.3,37.38
tempo,2,58.8,572.0,0.48,14.55,4.64
tempo,2,104.0,267.0,0.22,15.47,6.83
tempo,2,464.2,590.0,0.49,14.9,34.72
heavy-truck,0,356.4,2561.0,0.26,4.28,89.72
mini-truck,1,363.0,4447.0,0.89,8.43,52.84
tempo,2,277.3,1035.0,0.86,13.92,21.96
mini-truck,1,454.3,4954.0,0.99,8.09,70.99
mini-truck,1,443.1,4867.0,0.97,7.69,70.46
mini-truck,1,191.8,3545.0,0.71,7.7,27.35
mini-truck,1,162.2,4583.0,0.92,8.51,22.21
mini-truck,1,404.7,1307.0,0.26,7.57,56.88
mini-truck,1,232.7,1807.0,0.36,7.89,32.51
mini-truck,1,633.0,4364.0,0.87,7.19,108.71
mini-truck,1,132.5,2722.0,0.54,7.19,19.28
delivery-van,3,279.8,227.0,0.28,14.11,21.96
heavy-truck,0,283.1,8295.0,0.83,5.01,69.21
heavy-truck,0,168.1,8939.0,0.89,4.72,43.35
mini-truck,1,441.1,2688.0,0.54,8.62,60.44
mini-truck,1,576.6,3717.0,0.74,8.09,80.71
delivery-van,3,411.5,730.0,0.91,13.65,37.05
delivery-van,3,203.2,670.0,0.84,10.8,24.32
heavy-truck,0,429.2,2988.0,0.3,5.74,77.5
tempo,2,400.6,714.0,0.59,14.82,32.14
tempo,2,478.6,411.0,0.34,12.24,41.35
tempo,2,532.4,853.0,0.71,15.74,37.1
delivery-van,3,204.6,715.0,0.89,11.89,19.42
mini-truck,1,250.6,4328.0,0.87,6.57,47.29
tempo,2,717.1,1182.0,0.98,14.76,58.58
mini-truck,1,191.2,4924.0,0.98,8.12,29.18
tempo,2,363.9,629.0,0.52,14.27,29.47
heavy-truck,0,339.7,5073.0,0.51,4.97,76.71
heavy-truck,0,97.0,9102.0,0.91,5.82,21.52
delivery-van,3,425.0,771.0,0.96,12.75,41.01
heavy-truck,0,643.2,5393.0,0.54,4.66,158.23
heavy-truck,0,177.5,6792.0,0.68,5.07,42.42
heavy-truck,0,478.9,2432.0,0.24,5.32,102.44
delivery-van,3,616.4,459.0,0.57,13.7,48.77
heavy-truck,0,624.6,8879.0,0.89,5.02,155.45
delivery-van,3,151.2,164.0,0.21,12.99,12.17
heavy-truck,0,206.2,4657.0,0.47,4.74,48.82
delivery-van,3,156.3,575.0,0.72,13.37,13.98
heavy-truck,0,747.0,6978.0,0.7,5.27,159.64
heavy-truck,0,370.9,8576.0,0.86,4.27,108.42
delivery-van,3,701.5,733.0,0.92,14.14,61.56
delivery-van,3,78.7,512.0,0.64,13.27,6.79
heavy-truck,0,219.7,9304.0,0.93,4.55,58.46
delivery-van,3,167.2,246.0,0.31,14.02,12.92
mini-truck,1,75.2,2061.0,0.41,6.91,12.21
tempo,2,280.0,415.0,0.35,12.16,24.27
tempo,2,356.4,919.0,0.77,15.48,25.14
mini-truck,1,275.5,4488.0,0.9,7.64,48.44
mini-truck,1,183.4,1464.0,0.29,7.86,24.12
mini-truck,1,59.0,4002.0,0.8,6.45,10.61
mini-truck,1,240.1,4684.0,0.94,6.63,43.5
mini-truck,1,241.3,2457.0,0.49,7.95,33.9
mini-truck,1,738.7,2545.0,0.51,8.0,96.45
mini-truck,1,502.5,3589.0,0.72,8.13,74.66
mini-truck,1,525.4,4296.0,0.86,7.47,92.26
tempo,2,192.6,328.0,0.27,14.54,13.96
tempo,2,681.6,888.0,0.74,13.33,63.49
tempo,2,185.9,267.0,0.22,12.54,16.39
delivery-van,3,89.7,241.0,0.3,12.67,7.81
tempo,2,173.1,292.0,0.24,13.67,13.08
tempo,2,210.7,719.0,0.6,15.9,17.0
mini-truck,1,523.2,1808.0,0.36,6.62,82.05
heavy-truck,0,595.8,6656.0,0.67,5.43,128.17
mini-truck,1,643.6,2940.0,0.59,8.48,83.39
mini-truck,1,348.7,3928.0,0.79,7.91,58.62
delivery-van,3,574.9,782.0,0.98,13.97,47.62
delivery-van,3,473.8,571.0,0.71,11.32,51.01
mini-truck,1,447.1,4743.0,0.95,7.19,78.83
tempo,2,605.2,730.0,0.61,16.11,41.95
mini-truck,1,670.3,3111.0,0.62,6.95,106.6
mini-truck,1,601.0,2201.0,0.44,7.61,88.34
heavy-truck,0,349.5,4337.0,0.43,5.09,78.77
mini-truck,1,170.0,3383.0,0.68,6.71,31.12
delivery-van,3,422.1,777.0,0.97,13.51,38.9
delivery-van,3,182.7,313.0,0.39,10.87,19.26
mini-truck,1,144.8,4893.0,0.98,6.64,26.62
tempo,2,95.6,568.0,0.47,13.23,8.9
heavy-truck,0,594.7,4313.0,0.43,5.09,135.21
tempo,2,453.9,248.0,0.21,15.17,28.36
delivery-van,3,166.3,466.0,0.58,13.01,13.93
tempo,2,276.8,385.0,0.32,15.62,18.73
mini-truck,1,519.0,4372.0,0.87,8.31,78.32
heavy-truck,0,419.6,6724.0,0.67,5.05,97.74
delivery-van,3,233.2,553.0,0.69,13.95,19.5
delivery-van,3,80.6,213.0,0.27,11.53,6.9
mini-truck,1,321.4,2156.0,0.43,8.22,43.69
delivery-van,3,640.2,380.0,0.48,10.41,73.63
mini-truck,1,734.4,4020.0,0.8,7.99,101.42
heavy-truck,0,86.5,7511.0,0.75,5.4,18.76
mini-truck,1,728.0,2698.0,0.54,8.25,105.62
tempo,2,540.3,994.0,0.83,12.77,51.44
tempo,2,314.4,533.0,0.44,15.54,23.23
mini-truck,1,503.0,2601.0,0.52,8.38,61.79
heavy-truck,0,491.0,3206.0,0.32,5.65,92.01
delivery-van,3,679.3,562.0,0.7,13.39,58.18
mini-truck,1,509.9,3227.0,0.65,8.32,67.17
tempo,2,529.2,778.0,0.65,14.2,42.7
mini-truck,1,280.1,3335.0,0.67,7.32,46.18
delivery-van,3,276.3,656.0,0.82,13.27,24.43
heavy-truck,0,488.9,5709.0,0.57,5.88,96.7
mini-truck,1,86.8,3864.0,0.77,6.49,14.81
mini-truck,1,640.6,1722.0,0.34,7.6,95.23
heavy-truck,0,381.2,3333.0,0.33,5.19,79.26
delivery-van,3,584.7,644.0,0.8,10.47,67.65
tempo,2,534.8,1099.0,0.92,15.07,43.53
heavy-truck,0,51.7,9296.0,0.93,5.64,12.02
delivery-van,3,127.0,679.0,0.85,12.34,13.12
heavy-truck,0,327.5,5317.0,0.53,4.47,83.66
mini-truck,1,526.2,2781.0,0.56,8.69,68.43
mini-truck,1,431.3,1775.0,0.36,8.28,60.42
delivery-van,3,271.3,380.0,0.47,12.04,25.47
delivery-van,3,191.1,634.0,0.79,13.82,15.99
heavy-truck,0,724.5,8992.0,0.9,4.56,204.56
heavy-truck,0,576.8,7106.0,0.71,5.65,120.11
delivery-van,3,204.4,390.0,0.49,11.65,18.81
mini-truck,1,533.7,3638.0,0.73,7.16,84.13
tempo,2,442.0,291.0,0.24,15.57,30.0
delivery-van,3,595.1,441.0,0.55,13.43,52.08
delivery-van,3,668.8,688.0,0.86,13.2,65.33
delivery-van,3,448.2,596.0,0.75,12.35,43.01
delivery-van,3,257.9,678.0,0.85,10.4,29.88
delivery-van,3,699.2,682.0,0.85,11.86,73.0
delivery-van,3,545.8,288.0,0.36,10.87,52.81
delivery-van,3,666.1,332.0,0.42,10.87,65.94
tempo,2,648.5,837.0,0.7,15.34,51.2
tempo,2,391.2,260.0,0.22,12.98,32.48
mini-truck,1,304.7,1648.0,0.33,7.32,47.48
tempo,2,654.0,349.0,0.29,13.78,51.39
mini-truck,1,135.9,4732.0,0.95,8.12,19.43
tempo,2,306.4,557.0,0.46,16.46,20.57
heavy-truck,0,396.7,5179.0,0.52,5.81,77.77
tempo,2,630.2,278.0,0.23,15.44,45.56
heavy-truck,0,582.9,2118.0,0.21,5.15,129.97
mini-truck,1,438.4,1578.0,0.32,7.39,64.95
heavy-truck,0,508.2,4715.0,0.47,5.28,96.88
heavy-truck,0,98.9,8832.0,0.88,5.71,20.59
delivery-van,3,383.2,575.0,0.72,10.46,47.3
mini-truck,1,264.8,1566.0,0.31,8.52,36.84
mini-truck,1,638.0,3432.0,0.69,7.41,106.62
tempo,2,176.9,971.0,0.81,12.98,16.03
delivery-van,3,419.0,764.0,0.96,12.3,40.36
heavy-truck,0,712.8,5801.0,0.58,5.53,153.46
tempo,2,337.9,612.0,0.51,16.45,22.8
mini-truck,1,288.6,2059.0,0.41,7.29,46.97
mini-truck,1,70.2,2617.0,0.52,7.73,9.94
heavy-truck,0,731.5,3839.0,0.38,5.69,144.97
delivery-van,3,416.2,368.0,0.46,11.08,44.39
delivery-van,3,88.9,213.0,0.27,13.58,7.33
tempo,2,193.5,794.0,0.66,12.38,19.09
heavy-truck,0,520.2,9358.0,0.94,4.36,151.53
heavy-truck,0,460.8,3388.0,0.34,5.37,90.71
heavy-truck,0,656.4,6502.0,0.65,4.48,159.73
mini-truck,1,616.7,3280.0,0.66,8.34,86.91
heavy-truck,0,75.6,8026.0,0.8,5.39,16.63
heavy-truck,0,287.3,3129.0,0.31,5.4,57.76
tempo,2,52.4,377.0,0.31,16.04,3.46
heavy-truck,0,214.0,3873.0,0.39,5.21,47.64
tempo,2,431.5,760.0,0.63,12.8,38.95
mini-truck,1,699.7,1754.0,0.35,7.15,100.44
tempo,2,431.4,977.0,0.81,16.05,30.77
tempo,2,310.2,820.0,0.68,14.75,23.42
heavy-truck,0,379.6,7593.0,0.76,5.18,89.77
tempo,2,363.3,1164.0,0.97,14.53,32.04
tempo,2,452.3,671.0,0.56,14.54,34.26
heavy-truck,0,137.2,9758.0,0.98,4.56,36.28
delivery-van,3,746.1,560.0,0.7,13.63,67.24
delivery-van,3,405.0,709.0,0.89,12.63,37.38
mini-truck,1,350.7,2964.0,0.59,6.45,61.11
tempo,2,106.5,764.0,0.64,13.32,8.73
heavy-truck,0,370.3,7249.0,0.72,5.15,81.86
mini-truck,1,538.9,1025.0,0.21,8.69,70.74
delivery-van,3,415.1,382.0,0.48,12.41,38.06
heavy-truck,0,487.8,9451.0,0.95,4.5,143.74
tempo,2,468.0,1175.0,0.98,14.31,39.34
delivery-van,3,267.7,649.0,0.81,12.15,26.1
delivery-van,3,164.4,337.0,0.42,11.91,14.32
delivery-van,3,161.3,613.0,0.77,11.32,16.53
mini-truck,1,644.0,3797.0,0.76,8.27,94.43
mini-truck,1,272.9,4657.0,0.93,6.85,52.24
mini-truck,1,107.9,3474.0,0.69,8.67,13.48
tempo,2,315.0,389.0,0.32,15.01,22.75
delivery-van,3,721.7,378.0,0.47,10.62,70.52
heavy-truck,0,211.6,5402.0,0.54,5.76,43.62
tempo,2,515.1,613.0,0.51,14.03,44.62
delivery-van,3,668.3,404.0,0.51,11.36,66.93
tempo,2,163.3,1103.0,0.92,12.27,15.94
tempo,2,317.8,596.0,0.5,14.6,23.66
tempo,2,303.5,251.0,0.21,13.57,20.64
delivery-van,3,712.9,571.0,0.71,10.66,76.42
mini-truck,1,266.0,1971.0,0.39,8.38,35.27
tempo,2,556.1,308.0,0.26,14.86,38.62
tempo,2,62.6,720.0,0.6,12.98,5.72
mini-truck,1,223.3,3246.0,0.65,7.35,35.35
mini-truck,1,350.4,3533.0,0.71,7.86,50.46
mini-truck,1,614.5,4292.0,0.86,8.48,84.74
heavy-truck,0,96.3,5376.0,0.54,5.68,18.96
delivery-van,3,644.6,400.0,0.5,12.02,60.41
delivery-van,3,597.2,251.0,0.31,11.68,57.54
heavy-truck,0,115.4,4602.0,0.46,5.83,22.63
heavy-truck,0,597.3,3879.0,0.39,5.49,116.9
heavy-truck,0,714.8,8524.0,0.85,5.24,160.87
tempo,2,263.2,1039.0,0.87,14.09,24.47
heavy-truck,0,691.4,4330.0,0.43,5.1,139.67
mini-truck,1,228.8,4697.0,0.94,7.64,37.27
tempo,2,87.6,488.0,0.41,14.84,6.69
heavy-truck,0,176.0,8662.0,0.87,5.85,36.67
tempo,2,675.6,386.0,0.32,15.88,44.26
heavy-truck,0,420.2,5109.0,0.51,5.04,89.63
delivery-van,3,390.9,354.0,0.44,11.16,40.85
heavy-truck,0,138.2,7128.0,0.71,5.23,32.29
tempo,2,216.6,1050.0,0.88,16.23,15.53
tempo,2,367.7,892.0,0.74,14.86,28.28
heavy-truck,0,250.8,6837.0,0.68,4.52,64.08
tempo,2,749.0,1141.0,0.95,14.47,62.66
delivery-van,3,551.5,518.0,0.65,12.48,53.53
heavy-truck,0,237.6,8207.0,0.82,4.56,62.96
delivery-van,3,599.3,263.0,0.33,12.32,53.33
delivery-van,3,541.8,611.0,0.76,12.49,49.82
heavy-truck,0,240.7,4116.0,0.41,5.0,57.24
heavy-truck,0,418.3,4444.0,0.44,5.2,85.12
heavy-truck,0,200.8,2566.0,0.26,5.63,37.5
tempo,2,617.3,546.0,0.45,15.95,40.45
tempo,2,199.2,241.0,0.2,13.74,13.93
delivery-van,3,261.5,650.0,0.81,10.85,28.21
heavy-truck,0,617.1,2998.0,0.3,5.79,107.16
mini-truck,1,294.5,2932.0,0.59,7.19,47.6
heavy-truck,0,342.7,8951.0,0.9,5.37,78.57
tempo,2,544.8,678.0,0.57,13.78,43.61
mini-truck,1,532.5,4262.0,0.85,8.1,83.05
mini-truck,1,331.3,2225.0,0.44,8.16,47.67
delivery-van,3,515.7,396.0,0.49,12.67,49.1
delivery-van,3,591.6,278.0,0.35,10.29,64.73
delivery-van,3,689.9,728.0,0.91,13.07,67.45
heavy-truck,0,601.0,6212.0,0.62,5.37,123.11
heavy-truck,0,236.8,5219.0,0.52,4.91,53.78
mini-truck,1,85.9,4802.0,0.96,6.58,16.17
tempo,2,631.9,1191.0,0.99,14.23,54.19
delivery-van,3,633.7,169.0,0.21,12.82,50.72
mini-truck,1,111.4,4273.0,0.85,7.57,17.91
delivery-van,3,315.1,475.0,0.59,12.37,29.46
delivery-van,3,149.4,209.0,0.26,11.11,14.72
tempo,2,386.3,1042.0,0.87,16.04,30.33
mini-truck,1,605.8,3968.0,0.79,7.51,99.24
mini-truck,1,557.5,4985.0,1.0,7.38,95.47
tempo,2,651.7,695.0,0.58,13.58,55.29
tempo,2,658.2,535.0,0.45,14.34,52.51
mini-truck,1,228.4,4479.0,0.9,8.22,35.58
tempo,2,246.0,325.0,0.27,14.07,19.56
tempo,2,590.1,871.0,0.73,16.23,39.43
tempo,2,610.9,1198.0,1.0,14.46,53.9
heavy-truck,0,445.7,5169.0,0.52,5.75,92.03
delivery-van,3,415.2,221.0,0.28,10.73,38.46
heavy-truck,0,482.7,5485.0,0.55,5.68,87.64
delivery-van,3,504.3,545.0,0.68,10.8,52.08
tempo,2,635.7,839.0,0.7,16.01,44.32
delivery-van,3,412.6,609.0,0.76,12.83,39.21
heavy-truck,0,157.6,2738.0,0.27,4.29,40.93
tempo,2,403.5,502.0,0.42,12.12,36.09
mini-truck,1,676.1,1059.0,0.21,8.56,82.6
heavy-truck,0,210.5,6733.0,0.67,5.61,42.73
tempo,2,606.8,512.0,0.43,12.81,52.25
mini-truck,1,99.3,3697.0,0.74,8.46,13.77
mini-truck,1,298.3,1145.0,0.23,8.56,40.57
tempo,2,270.1,1040.0,0.87,15.67,19.41
heavy-truck,0,660.2,7714.0,0.77,4.95,163.22
tempo,2,432.9,529.0,0.44,15.61,31.37
tempo,2,214.7,1196.0,1.0,12.25,21.16
delivery-van,3,145.6,639.0,0.8,11.19,14.87
tempo,2,482.5,419.0,0.35,13.11,43.04
tempo,2,435.6,987.0,0.82,13.65,40.12
heavy-truck,0,657.6,4408.0,0.44,4.64,143.74
mini-truck,1,76.7,2134.0,0.43,8.52,9.57
delivery-van,3,331.4,376.0,0.47,12.38,30.59
delivery-van,3,135.7,719.0,0.9,13.37,12.12
heavy-truck,0,508.6,6712.0,0.67,5.36,106.88
mini-truck,1,506.8,4392.0,0.88,8.15,75.61
heavy-truck,0,669.6,8390.0,0.84,4.56,180.29
mini-truck,1,98.5,3221.0,0.64,6.81,15.22
tempo,2,80.7,392.0,0.33,15.58,5.27
heavy-truck,0,254.6,8240.0,0.82,4.67,66.02
delivery-van,3,258.6,659.0,0.82,10.29,29.56
delivery-van,3,343.9,163.0,0.2,10.72,34.33
tempo,2,156.9,615.0,0.51,15.71,11.18
tempo,2,478.1,1057.0,0.88,16.11,35.05
tempo,2,640.1,1125.0,0.94,12.63,62.54
tempo,2,521.8,723.0,0.6,14.04,48.13
heavy-truck,0,317.1,9554.0,0.96,5.31,72.86
delivery-van,3,84.5,412.0,0.52,11.82,7.91
mini-truck,1,187.7,1553.0,0.31,8.11,22.7
mini-truck,1,180.0,1072.0,0.21,6.43,29.24
mini-truck,1,579.2,4180.0,0.84,7.59,94.47
mini-truck,1,416.7,3195.0,0.64,7.13,63.66
mini-truck,1,477.3,4226.0,0.85,6.54,85.61
heavy-truck,0,276.1,8141.0,0.81,4.84,66.7
tempo,2,662.7,813.0,0.68,16.27,44.3
tempo,2,732.2,882.0,0.73,12.19,70.94
mini-truck,1,201.6,3861.0,0.77,7.34,32.55
heavy-truck,0,347.2,5783.0,0.58,4.99,75.86
heavy-truck,0,525.0,4009.0,0.4,4.57,128.3
delivery-van,3,305.0,431.0,0.54,14.14,25.68
tempo,2,406.0,787.0,0.66,15.78,29.89
delivery-van,3,319.9,493.0,0.62,14.14,28.39
delivery-van,3,678.2,556.0,0.69,12.7,63.54
tempo,2,90.7,855.0,0.71,14.97,6.75
mini-truck,1,176.0,2115.0,0.42,7.47,26.04
mini-truck,1,481.6,1032.0,0.21,8.42,64.36
heavy-truck,0,111.3,8679.0,0.87,5.18,27.45
heavy-truck,0,386.5,7814.0,0.78,5.14,93.7
delivery-van,3,223.0,710.0,0.89,11.46,23.86
tempo,2,92.4,1136.0,0.95,13.34,8.53
mini-truck,1,265.1,2461.0,0.49,7.27,44.28
heavy-truck,0,727.3,6199.0,0.62,5.26,160.87
heavy-truck,0,86.5,3167.0,0.32,4.9,17.7
tempo,2,630.1,331.0,0.28,16.16,40.27
heavy-truck,0,52.9,4090.0,0.41,4.81,11.27
delivery-van,3,235.2,648.0,0.81,12.05,23.24
delivery-van,3,538.6,615.0,0.77,12.25,51.5
mini-truck,1,445.0,2379.0,0.48,8.26,57.87
tempo,2,164.2,345.0,0.29,12.11,14.68
heavy-truck,0,53.3,5934.0,0.59,5.73,10.33
tempo,2,444.3,947.0,0.79,15.61,31.53
tempo,2,217.3,632.0,0.53,16.41,14.67
mini-truck,1,625.6,1600.0,0.32,8.2,82.03
tempo,2,445.0,318.0,0.26,13.87,36.9
delivery-van,3,144.0,272.0,0.34,13.52,11.9
tempo,2,65.1,578.0,0.48,14.19,5.04
tempo,2,205.7,972.0,0.81,12.52,20.05
mini-truck,1,692.1,4575.0,0.92,8.45,98.35
delivery-van,3,730.4,735.0,0.92,10.41,89.96
delivery-van,3,334.6,631.0,0.79,12.8,31.46
heavy-truck,0,637.4,7564.0,0.76,5.54,135.18
tempo,2,226.8,524.0,0.44,13.88,18.77
heavy-truck,0,629.9,5531.0,0.55,4.25,169.35
tempo,2,725.6,307.0,0.26,14.84,52.55
tempo,2,112.6,1142.0,0.95,12.42,11.63
delivery-van,3,216.0,326.0,0.41,13.57,16.02
delivery-van,3,559.7,392.0,0.49,11.82,53.34
tempo,2,533.0,899.0,0.75,14.22,42.39
mini-truck,1,128.7,1216.0,0.24,8.18,15.82
tempo,2,71.0,468.0,0.39,16.34,4.67
tempo,2,137.3,519.0,0.43,12.59,12.87
tempo,2,552.1,820.0,0.68,14.72,44.16
heavy-truck,0,643.5,4983.0,0.5,5.21,126.9
heavy-truck,0,455.3,9753.0,0.98,5.85,94.86
heavy-truck,0,165.1,8430.0,0.84,4.61,46.18
mini-truck,1,194.0,2444.0,0.49,7.71,26.8
mini-truck,1,423.9,2560.0,0.51,8.44,57.95
delivery-van,3,370.4,732.0,0.92,10.42,44.6
delivery-van,3,625.0,391.0,0.49,13.06,50.27
delivery-van,3,470.9,632.0,0.79,11.83,46.39
mini-truck,1,507.6,3008.0,0.6,7.73,75.44
delivery-van,3,352.4,355.0,0.44,13.68,29.3
heavy-truck,0,743.4,9703.0,0.97,4.35,209.31
delivery-van,3,742.1,295.0,0.37,14.03,62.38
heavy-truck,0,129.1,9854.0,0.99,5.28,31.24
heavy-truck,0,169.0,7989.0,0.8,5.51,37.4
delivery-van,3,495.0,275.0,0.34,13.27,43.25
mini-truck,1,443.0,4996.0,1.0,7.03,81.99
heavy-truck,0,214.8,9121.0,0.91,4.7,55.96
mini-truck,1,543.4,1011.0,0.2,8.81,67.08
tempo,2,575.3,682.0,0.57,15.79,42.03
heavy-truck,0,640.7,9955.0,1.0,4.35,179.32
tempo,2,79.5,261.0,0.22,15.86,5.14
delivery-van,3,526.5,750.0,0.94,12.11,51.04
tempo,2,316.3,989.0,0.82,13.56,26.95
mini-truck,1,708.9,1324.0,0.26,8.78,82.39
heavy-truck,0,339.2,4762.0,0.48,5.56,74.23
mini-truck,1,476.2,3063.0,0.61,8.45,62.96
delivery-van,3,622.9,731.0,0.91,13.33,56.25
mini-truck,1,126.2,3908.0,0.78,6.67,22.2
mini-truck,1,552.3,1957.0,0.39,8.54,72.4
tempo,2,389.4,743.0,0.62,12.97,35.6
delivery-van,3,60.7,270.0,0.34,11.44,6.22
tempo,2,613.9,839.0,0.7,15.98,45.27
tempo,2,266.7,1052.0,0.88,12.26,26.77
mini-truck,1,687.2,4943.0,0.99,7.28,118.44
mini-truck,1,75.1,2211.0,0.44,7.66,10.25
mini-truck,1,367.2,2382.0,0.48,6.43,60.61
delivery-van,3,401.6,586.0,0.73,14.08,35.82
delivery-van,3,338.7,161.0,0.2,10.84,31.43
tempo,2,436.2,571.0,0.48,16.22,30.44
heavy-truck,0,314.9,2637.0,0.26,4.74,69.43
mini-truck,1,337.2,1996.0,0.4,8.6,44.05
tempo,2,77.6,1053.0,0.88,14.29,6.4
mini-truck,1,653.6,4558.0,0.91,8.12,99.7
mini-truck,1,733.3,2383.0,0.48,7.36,114.15
mini-truck,1,614.9,4648.0,0.93,7.48,99.97
tempo,2,422.2,538.0,0.45,15.07,29.04
heavy-truck,0,62.1,9387.0,0.94,4.28,17.89
heavy-truck,0,349.3,3801.0,0.38,5.28,76.93
delivery-van,3,101.2,590.0,0.74,11.25,10.09
tempo,2,722.1,866.0,0.72,15.86,56.61
mini-truck,1,53.2,4619.0,0.92,7.33,8.94
delivery-van,3,87.0,510.0,0.64,12.84,8.07
heavy-truck,0,592.4,4565.0,0.46,5.81,109.69
heavy-truck,0,586.5,8481.0,0.85,4.4,153.08
tempo,2,545.5,249.0,0.21,13.82,46.08
heavy-truck,0,514.2,8859.0,0.89,5.03,134.75
delivery-van,3,217.4,667.0,0.83,12.38,20.38
delivery-van,3,571.4,719.0,0.9,10.76,67.88
heavy-truck,0,453.0,3698.0,0.37,4.75,105.62
delivery-van,3,703.3,667.0,0.83,11.12,79.41
delivery-van,3,676.8,450.0,0.56,13.07,55.39
heavy-truck,0,684.3,2040.0,0.2,5.51,128.52
heavy-truck,0,248.2,3753.0,0.38,4.54,54.48
mini-truck,1,666.3,3171.0,0.63,8.45,86.84
heavy-truck,0,467.0,9475.0,0.95,5.32,105.76
mini-truck,1,648.4,4843.0,0.97,7.97,94.9
mini-truck,1,320.1,4352.0,0.87,8.11,51.84
tempo,2,601.6,708.0,0.59,12.28,54.96
mini-truck,1,533.9,3208.0,0.64,7.71,83.25
delivery-van,3,556.5,397.0,0.5,10.56,62.65
tempo,2,705.8,831.0,0.69,12.21,70.57
tempo,2,321.3,371.0,0.31,14.65,22.9
mini-truck,1,522.8,2526.0,0.51,6.76,86.96
mini-truck,1,479.4,2900.0,0.58,8.02,67.87
delivery-van,3,416.2,194.0,0.24,13.02,38.59
delivery-van,3,599.6,442.0,0.55,12.88,56.18
mini-truck,1,682.2,1678.0,0.34,7.84,91.43
heavy-truck,0,697.2,9305.0,0.93,5.48,151.2
mini-truck,1,237.4,2521.0,0.5,6.82,41.44
mini-truck,1,504.2,1748.0,0.35,6.45,89.74
delivery-van,3,452.6,792.0,0.99,13.62,45.52
mini-truck,1,585.7,4052.0,0.81,6.76,108.39
delivery-van,3,719.0,780.0,0.98,10.34,88.7
delivery-van,3,281.7,478.0,0.6,11.43,25.75
delivery-van,3,319.7,445.0,0.56,12.83,28.88
tempo,2,553.7,469.0,0.39,16.2,37.57
delivery-van,3,342.2,726.0,0.91,13.07,31.45
delivery-van,3,554.5,419.0,0.52,14.09,43.46
tempo,2,685.2,1110.0,0.93,12.48,65.31
tempo,2,216.8,757.0,0.63,15.2,17.33
mini-truck,1,267.9,1247.0,0.25,6.62,43.51
tempo,2,176.4,727.0,0.61,13.97,14.63
tempo,2,142.9,1146.0,0.95,13.57,12.63
tempo,2,434.6,260.0,0.22,12.85,34.67
delivery-van,3,598.5,445.0,0.56,10.37,64.12
delivery-van,3,675.0,594.0,0.74,11.0,78.07
mini-truck,1,267.5,1298.0,0.26,8.4,33.81
tempo,2,294.4,567.0,0.47,12.15,26.61
mini-truck,1,78.4,4392.0,0.88,7.2,12.73
delivery-van,3,696.2,364.0,0.45,12.84,58.82
delivery-van,3,107.8,524.0,0.65,13.57,8.91
mini-truck,1,302.8,2049.0,0.41,6.52,49.78
heavy-truck,0,221.6,3275.0,0.33,5.03,47.15
delivery-van,3,735.3,648.0,0.81,12.27,69.15
mini-truck,1,661.5,4486.0,0.9,7.66,104.68
delivery-van,3,555.3,674.0,0.84,11.87,54.52
mini-truck,1,745.7,2303.0,0.46,7.3,120.98
mini-truck,1,267.7,1748.0,0.35,7.12,39.55
delivery-van,3,657.3,290.0,0.36,11.42,64.09
tempo,2,701.8,1047.0,0.87,13.85,62.4
delivery-van,3,103.6,655.0,0.82,12.97,10.37
mini-truck,1,195.1,1277.0,0.26,7.18,26.84
delivery-van,3,222.4,691.0,0.86,10.69,24.56
tempo,2,563.8,369.0,0.31,16.17,37.0
tempo,2,153.5,819.0,0.68,15.26,11.75
mini-truck,1,608.7,3366.0,0.67,7.7,89.34
heavy-truck,0,447.8,9633.0,0.96,5.31,101.51
tempo,2,493.6,331.0,0.28,12.73,42.99
delivery-van,3,92.5,717.0,0.9,12.81,9.34
tempo,2,317.6,463.0,0.39,13.28,24.26
delivery-van,3,389.8,752.0,0.94,12.32,40.82
delivery-van,3,606.2,345.0,0.43,11.93,52.7
delivery-van,3,553.9,345.0,0.43,13.23,46.87
delivery-van,3,667.2,540.0,0.67,11.36,67.48
delivery-van,3,121.2,245.0,0.31,11.01,11.26
mini-truck,1,277.2,3962.0,0.79,7.3,42.79
delivery-van,3,59.7,183.0,0.23,10.91,5.32
tempo,2,322.4,554.0,0.46,12.94,26.67
heavy-truck,0,614.0,7182.0,0.72,5.23,131.96
tempo,2,161.8,1165.0,0.97,14.71,13.93
delivery-van,3,438.7,556.0,0.69,11.14,48.08
delivery-van,3,382.9,613.0,0.77,12.4,39.77
mini-truck,1,495.5,1656.0,0.33,7.92,66.02
tempo,2,730.0,811.0,0.68,15.92,52.37
heavy-truck,0,509.1,8880.0,0.89,5.06,121.42
heavy-truck,0,310.3,7712.0,0.77,5.04,69.82
mini-truck,1,187.6,1539.0,0.31,7.03,28.29
tempo,2,489.3,727.0,0.61,12.18,45.44
mini-truck,1,669.0,3844.0,0.77,8.37,100.56
heavy-truck,0,525.8,9683.0,0.97,4.58,143.7
delivery-van,3,580.5,251.0,0.31,12.91,49.37
heavy-truck,0,187.6,4848.0,0.48,4.68,46.65
tempo,2,495.6,346.0,0.29,14.25,35.48
heavy-truck,0,315.5,5364.0,0.54,4.47,78.14
mini-truck,1,434.9,1217.0,0.24,8.84,49.62
tempo,2,579.9,731.0,0.61,14.51,41.37
heavy-truck,0,451.9,3587.0,0.36,5.76,78.67
mini-truck,1,589.9,2310.0,0.46,7.89,86.1
heavy-truck,0,588.8,6202.0,0.62,5.51,119.72
heavy-truck,0,533.3,7219.0,0.72,5.14,122.04
delivery-van,3,85.5,681.0,0.85,13.08,7.92
delivery-van,3,96.5,516.0,0.64,13.48,7.93
delivery-van,3,88.0,432.0,0.54,13.12,7.85
delivery-van,3,650.1,729.0,0.91,10.42,75.94
tempo,2,196.8,448.0,0.37,15.83,12.88
mini-truck,1,276.3,3530.0,0.71,6.59,45.91
delivery-van,3,450.6,395.0,0.49,14.04,37.37
mini-truck,1,329.5,2627.0,0.53,6.4,57.33
heavy-truck,0,247.1,2103.0,0.21,5.48,43.14
mini-truck,1,103.7,4529.0,0.91,8.62,15.25
heavy-truck,0,146.4,2842.0,0.28,4.33,37.97
delivery-van,3,704.9,603.0,0.75,10.51,76.49
mini-truck,1,500.9,2609.0,0.52,6.71,88.06
heavy-truck,0,130.4,4560.0,0.46,5.82,26.56
tempo,2,718.1,1015.0,0.85,15.44,57.75
heavy-truck,0,703.9,7903.0,0.79,4.56,181.87
mini-truck,1,322.7,4490.0,0.9,6.58,61.59
heavy-truck,0,743.9,3685.0,0.37,5.86,149.33
tempo,2,488.9,717.0,0.6,14.64,36.97
tempo,2,98.6,995.0,0.83,14.91,7.31
heavy-truck,0,375.9,4859.0,0.49,5.82,72.57
heavy-truck,0,73.2,2270.0,0.23,4.45,18.01
mini-truck,1,341.9,2479.0,0.5,6.39,60.72
tempo,2,195.3,502.0,0.42,13.0,17.67
heavy-truck,0,303.9,4468.0,0.45,4.97,71.79
tempo,2,255.2,617.0,0.51,15.54,19.73
mini-truck,1,494.7,1026.0,0.21,8.24,61.05
delivery-van,3,474.9,462.0,0.58,14.1,41.2
heavy-truck,0,612.9,3222.0,0.32,5.66,114.8
mini-truck,1,657.7,4029.0,0.81,8.76,84.45
heavy-truck,0,195.7,8567.0,0.86,4.39,55.09
tempo,2,152.8,715.0,0.6,13.87,12.98
tempo,2,285.8,1028.0,0.86,12.42,27.11
delivery-van,3,489.2,598.0,0.75,11.35,48.68
heavy-truck,0,550.5,4673.0,0.47,5.18,111.61
tempo,2,504.1,1063.0,0.89,15.67,39.31
mini-truck,1,330.4,1358.0,0.27,7.01,54.92
delivery-van,3,603.9,521.0,0.65,11.21,66.48
mini-truck,1,197.5,3523.0,0.7,7.3,32.56
delivery-van,3,114.2,258.0,0.32,12.0,10.65
tempo,2,231.3,501.0,0.42,14.05,18.77
mini-truck,1,260.4,3970.0,0.79,8.5,38.99
delivery-van,3,494.8,605.0,0.76,11.8,48.53
heavy-truck,0,263.7,8479.0,0.85,4.4,71.72
delivery-van,3,639.1,343.0,0.43,11.27,56.94
heavy-truck,0,419.6,2859.0,0.29,5.87,80.34
heavy-truck,0,143.5,2745.0,0.27,5.15,30.69
delivery-van,3,633.2,312.0,0.39,13.16,54.37
heavy-truck,0,390.7,8728.0,0.87,5.6,85.74
mini-truck,1,127.5,2384.0,0.48,8.78,16.42
delivery-van,3,205.7,581.0,0.73,12.79,19.94
tempo,2,255.0,1124.0,0.94,13.86,21.91
heavy-truck,0,619.3,3145.0,0.31,4.8,136.62
heavy-truck,0,177.0,3030.0,0.3,5.26,39.76
mini-truck,1,396.2,1372.0,0.27,7.78,54.17
heavy-truck,0,341.7,6734.0,0.67,5.0,85.43
delivery-van,3,177.2,388.0,0.48,11.21,18.73
delivery-van,3,137.7,213.0,0.27,10.97,14.08
mini-truck,1,620.7,1209.0,0.24,6.46,101.94
mini-truck,1,322.9,4038.0,0.81,8.75,44.5
heavy-truck,0,238.9,5752.0,0.58,4.48,61.04
delivery-van,3,472.4,330.0,0.41,11.06,46.9
mini-truck,1,251.2,4742.0,0.95,7.67,40.35
mini-truck,1,170.2,4898.0,0.98,8.07,27.17
tempo,2,655.7,1105.0,0.92,13.92,61.03
tempo,2,511.0,1002.0,0.84,15.74,39.44
delivery-van,3,260.5,604.0,0.76,12.63,26.35
delivery-van,3,265.6,693.0,0.87,13.07,25.72
heavy-truck,0,508.5,7782.0,0.78,4.38,136.96
tempo,2,156.4,580.0,0.48,15.61,10.7
tempo,2,448.2,648.0,0.54,14.49,34.96
tempo,2,441.8,1178.0,0.98,12.49,43.91
mini-truck,1,292.9,3601.0,0.72,6.66,49.82
tempo,2,481.7,978.0,0.82,13.71,41.84
delivery-van,3,689.2,163.0,0.2,10.78,75.03
mini-truck,1,289.3,3295.0,0.66,7.42,46.62
heavy-truck,0,516.2,3682.0,0.37,4.79,106.7
tempo,2,72.1,1099.0,0.92,15.28,5.67
mini-truck,1,692.5,2711.0,0.54,8.67,94.58
tempo,2,591.1,540.0,0.45,14.64,41.69
heavy-truck,0,63.1,7816.0,0.78,5.07,13.78
tempo,2,143.8,435.0,0.36,14.47,10.78
heavy-truck,0,574.1,9117.0,0.91,4.25,159.92
tempo,2,497.5,731.0,0.61,16.03,36.02
heavy-truck,0,386.9,9311.0,0.93,5.73,83.73
tempo,2,463.8,1192.0,0.99,13.27,44.55
heavy-truck,0,138.1,9922.0,0.99,5.73,31.56
mini-truck,1,151.2,3415.0,0.68,7.69,21.49
delivery-van,3,311.4,534.0,0.67,12.41,30.29
tempo,2,101.5,401.0,0.33,12.24,8.77
delivery-van,3,689.1,509.0,0.64,10.24,75.31
mini-truck,1,563.2,2036.0,0.41,6.68,97.57
heavy-truck,0,88.9,6290.0,0.63,4.71,21.81
heavy-truck,0,61.8,2584.0,0.26,4.65,13.33
tempo,2,291.7,517.0,0.43,14.65,23.44
heavy-truck,0,76.3,6379.0,0.64,5.33,16.12
tempo,2,452.4,425.0,0.35,14.97,36.0
delivery-van,3,62.3,750.0,0.94,10.83,7.25
delivery-van,3,280.4,278.0,0.35,11.85,24.6
delivery-van,3,734.3,597.0,0.75,12.08,75.94
tempo,2,634.9,679.0,0.57,12.01,60.47
tempo,2,610.6,833.0,0.69,12.35,54.78
heavy-truck,0,303.9,7039.0,0.7,5.23,65.66
tempo,2,271.3,701.0,0.58,15.96,19.25
heavy-truck,0,565.9,3279.0,0.33,4.6,143.68
mini-truck,1,166.5,3023.0,0.6,7.44,25.34
heavy-truck,0,285.1,3879.0,0.39,5.74,54.5
mini-truck,1,178.8,1891.0,0.38,7.18,26.12
heavy-truck,0,458.4,9779.0,0.98,5.32,104.04
tempo,2,553.6,419.0,0.35,13.4,45.35
delivery-van,3,246.6,391.0,0.49,11.37,23.34
heavy-truck,0,296.7,5994.0,0.6,5.82,60.89
tempo,2,425.5,583.0,0.49,14.29,34.6
mini-truck,1,323.2,1968.0,0.39,8.68,41.94
mini-truck,1,91.8,2079.0,0.42,7.4,14.1
delivery-van,3,675.3,331.0,0.41,12.24,60.89
mini-truck,1,527.2,2436.0,0.49,8.24,73.83
mini-truck,1,309.6,2977.0,0.6,8.65,42.27
heavy-truck,0,57.4,9875.0,0.99,5.67,12.19
delivery-van,3,357.7,729.0,0.91,10.35,42.84
heavy-truck,0,437.4,8468.0,0.85,5.03,107.94
heavy-truck,0,491.9,2787.0,0.28,5.31,90.26
tempo,2,273.4,554.0,0.46,15.41,21.27
tempo,2,558.4,469.0,0.39,13.12,49.32
heavy-truck,0,237.4,3315.0,0.33,4.84,52.61
delivery-van,3,434.3,706.0,0.88,11.65,46.63
tempo,2,380.2,566.0,0.47,14.36,24.55
delivery-van,3,289.5,628.0,0.79,12.21,29.38
delivery-van,3,376.2,777.0,0.97,12.2,39.46
delivery-van,3,523.8,300.0,0.37,13.99,41.11
mini-truck,1,396.5,2224.0,0.44,8.26,52.05
tempo,2,430.1,726.0,0.6,15.95,30.54
mini-truck,1,113.9,4791.0,0.96,7.87,18.58
heavy-truck,0,147.4,2090.0,0.21,4.41,36.46
heavy-truck,0,584.6,4357.0,0.44,4.53,150.16
heavy-truck,0,694.3,8240.0,0.82,4.6,175.75
mini-truck,1,132.9,4534.0,0.91,6.52,25.72
mini-truck,1,168.4,3358.0,0.67,6.92,26.51
heavy-truck,0,603.4,5631.0,0.56,4.89,137.92
delivery-van,3,706.3,328.0,0.41,12.15,70.59
delivery-van,3,326.5,386.0,0.48,12.85,27.48
mini-truck,1,371.7,2143.0,0.43,8.36,47.73
delivery-van,3,287.5,609.0,0.76,11.9,30.0
mini-truck,1,215.4,1814.0,0.36,7.59,30.68
tempo,2,120.8,520.0,0.43,15.48,8.64
delivery-van,3,159.4,199.0,0.25,10.54,16.12
delivery-van,3,131.5,598.0,0.75,10.47,14.39
mini-truck,1,59.6,2540.0,0.51,8.48,7.98
delivery-van,3,55.6,575.0,0.72,12.56,5.16
delivery-van,3,248.7,413.0,0.52,11.08,26.04
tempo,2,75.8,421.0,0.35,13.35,6.02
heavy-truck,0,682.9,9407.0,0.94,4.57,187.84
mini-truck,1,307.2,4080.0,0.82,8.77,37.96
heavy-truck,0,580.8,4828.0,0.48,4.86,139.64
delivery-van,3,109.3,575.0,0.72,14.12,8.82
heavy-truck,0,559.9,7619.0,0.76,4.36,149.49
tempo,2,495.2,573.0,0.48,13.64,44.36
delivery-van,3,254.3,541.0,0.68,10.7,26.03
delivery-van,3,370.1,348.0,0.43,11.65,37.31
mini-truck,1,192.6,1066.0,0.21,8.43,24.73
heavy-truck,0,467.0,8484.0,0.85,4.46,127.14
mini-truck,1,392.6,2813.0,0.56,8.49,55.42
tempo,2,577.5,1162.0,0.97,14.31,51.37
mini-truck,1,311.2,4003.0,0.8,7.64,50.5
heavy-truck,0,325.8,2400.0,0.24,4.39,83.24
delivery-van,3,660.9,392.0,0.49,10.69,67.77
mini-truck,1,564.1,3319.0,0.66,8.28,78.61
heavy-truck,0,495.5,9666.0,0.97,4.55,131.39
delivery-van,3,584.8,638.0,0.8,10.93,62.0
tempo,2,84.3,825.0,0.69,14.84,6.93
tempo,2,151.7,830.0,0.69,16.08,11.26
heavy-truck,0,705.2,6673.0,0.67,5.38,155.74
tempo,2,741.8,515.0,0.43,16.48,50.72
delivery-van,3,598.2,237.0,0.3,13.47,48.23
delivery-van,3,482.7,269.0,0.34,11.69,47.36
mini-truck,1,147.5,2771.0,0.55,8.62,20.22
tempo,2,145.5,571.0,0.48,14.58,11.14
mini-truck,1,239.4,3480.0,0.7,7.27,38.79
delivery-van,3,338.4,235.0,0.29,11.61,31.96
delivery-van,3,377.6,167.0,0.21,11.52,36.51
heavy-truck,0,202.9,3757.0,0.38,4.39,51.92
tempo,2,234.9,687.0,0.57,14.84,18.48
mini-truck,1,264.6,2074.0,0.41,8.06,39.0
mini-truck,1,257.0,2063.0,0.41,8.2,33.54
heavy-truck,0,514.0,2156.0,0.22,4.84,116.87
delivery-van,3,186.8,255.0,0.32,11.74,16.66
tempo,2,61.4,740.0,0.62,16.41,4.3
mini-truck,1,225.9,2119.0,0.42,8.32,31.05
heavy-truck,0,432.4,3993.0,0.4,4.97,97.53
tempo,2,749.7,989.0,0.82,15.35,56.45
mini-truck,1,467.4,4912.0,0.98,6.5,86.87
tempo,2,290.4,797.0,0.66,14.68,20.75
heavy-truck,0,307.2,3437.0,0.34,5.78,60.92
heavy-truck,0,98.6,2124.0,0.21,5.06,19.77
heavy-truck,0,387.2,4622.0,0.46,5.15,80.58
heavy-truck,0,308.6,9477.0,0.95,4.39,88.44
delivery-van,3,149.7,282.0,0.35,13.47,12.71
mini-truck,1,257.7,3234.0,0.65,8.48,34.13
tempo,2,458.1,959.0,0.8,15.89,35.86
delivery-van,3,221.7,321.0,0.4,14.12,17.61
delivery-van,3,121.2,705.0,0.88,11.2,12.71
mini-truck,1,745.1,4155.0,0.83,6.9,132.11
mini-truck,1,232.7,3174.0,0.63,7.62,37.34
mini-truck,1,164.7,2639.0,0.53,8.64,22.55
heavy-truck,0,432.0,8811.0,0.88,5.21,98.54
delivery-van,3,118.1,434.0,0.54,12.19,11.56
delivery-van,3,366.3,431.0,0.54,13.59,31.42
mini-truck,1,179.0,1291.0,0.26,8.73,21.6
delivery-van,3,438.0,610.0,0.76,10.39,53.75
heavy-truck,0,74.6,8909.0,0.89,5.1,17.33
delivery-van,3,484.0,733.0,0.92,12.72,40.2
mini-truck,1,138.9,4923.0,0.98,6.63,27.36
heavy-truck,0,350.8,8103.0,0.81,4.55,95.63
heavy-truck,0,205.7,8355.0,0.84,5.03,49.19
delivery-van,3,463.1,514.0,0.64,10.47,51.15
heavy-truck,0,644.6,7536.0,0.75,4.78,160.97
delivery-van,3,688.1,749.0,0.94,14.08,62.01
tempo,2,172.3,872.0,0.73,12.87,15.86
tempo,2,133.6,1109.0,0.92,16.46,10.54
delivery-van,3,563.2,783.0,0.98,12.26,57.98
delivery-van,3,76.3,288.0,0.36,13.3,6.62
tempo,2,481.3,368.0,0.31,12.09,43.45
delivery-van,3,204.8,374.0,0.47,13.63,16.22
delivery-van,3,190.5,796.0,0.99,11.64,20.4
tempo,2,272.9,403.0,0.34,14.43,19.14
mini-truck,1,350.5,1072.0,0.21,6.9,55.42
heavy-truck,0,87.6,8104.0,0.81,4.81,21.93
tempo,2,318.5,720.0,0.6,14.76,23.98
heavy-truck,0,434.0,7071.0,0.71,5.52,93.56
delivery-van,3,115.2,378.0,0.47,11.1,11.99
tempo,2,278.7,839.0,0.7,14.51,22.39
heavy-truck,0,245.2,7853.0,0.79,4.41,68.42
mini-truck,1,339.7,2340.0,0.47,7.24,53.02
heavy-truck,0,353.7,9807.0,0.98,4.97,82.54
delivery-van,3,627.6,741.0,0.93,13.27,60.4
heavy-truck,0,442.9,3061.0,0.31,5.13,92.02
heavy-truck,0,216.5,2631.0,0.26,4.41,53.71
tempo,2,402.3,509.0,0.42,15.88,27.97
heavy-truck,0,64.4,2491.0,0.25,4.88,13.65
delivery-van,3,433.1,344.0,0.43,10.8,43.03
tempo,2,686.4,273.0,0.23,13.85,50.42
delivery-van,3,730.4,643.0,0.8,13.64,65.14
tempo,2,556.6,578.0,0.48,12.13,52.33
delivery-van,3,626.2,388.0,0.49,10.22,69.22
delivery-van,3,361.1,451.0,0.56,10.92,40.27
heavy-truck,0,121.7,7149.0,0.71,4.53,32.37
heavy-truck,0,491.9,8569.0,0.86,5.06,117.33
mini-truck,1,494.5,2395.0,0.48,6.46,89.52
delivery-van,3,608.2,601.0,0.75,11.66,58.35
mini-truck,1,519.8,1263.0,0.25,8.38,65.6
delivery-van,3,157.1,243.0,0.3,13.27,12.9
heavy-truck,0,741.6,7256.0,0.73,5.75,157.35
tempo,2,477.1,618.0,0.51,15.43,37.91
heavy-truck,0,71.8,6436.0,0.64,5.6,14.01
mini-truck,1,54.0,2446.0,0.49,7.7,8.36
delivery-van,3,203.2,766.0,0.96,10.73,23.16
heavy-truck,0,667.3,3675.0,0.37,5.77,133.3
mini-truck,1,389.6,2346.0,0.47,7.87,54.03
delivery-van,3,585.3,359.0,0.45,14.08,47.9
delivery-van,3,103.7,429.0,0.54,13.92,8.03
mini-truck,1,275.5,3252.0,0.65,7.8,44.5
heavy-truck,0,704.2,9267.0,0.93,5.14,161.26
tempo,2,698.8,984.0,0.82,12.36,66.52
delivery-van,3,209.6,266.0,0.33,12.63,17.32
delivery-van,3,328.8,446.0,0.56,10.47,36.06
heavy-truck,0,709.9,7369.0,0.74,5.23,162.76
delivery-van,3,62.0,620.0,0.77,10.4,7.19
delivery-van,3,586.1,535.0,0.67,13.57,48.95
delivery-van,3,623.4,674.0,0.84,13.05,56.22
heavy-truck,0,82.8,7996.0,0.8,5.25,18.45
mini-truck,1,200.4,2713.0,0.54,8.07,27.23
delivery-van,3,431.4,247.0,0.31,11.09,43.42
delivery-van,3,138.0,773.0,0.97,11.61,14.32
tempo,2,123.5,693.0,0.58,15.98,8.7
mini-truck,1,698.4,3223.0,0.64,8.82,91.07
heavy-truck,0,58.5,6614.0,0.66,5.86,11.0
mini-truck,1,668.1,1229.0,0.25,6.78,101.22
delivery-van,3,314.5,299.0,0.37,12.38,28.39
mini-truck,1,717.7,3738.0,0.75,6.95,124.72
delivery-van,3,717.1,582.0,0.73,10.9,82.66
mini-truck,1,99.4,4086.0,0.82,7.98,14.55
delivery-van,3,631.1,796.0,0.99,11.11,66.27
tempo,2,463.6,475.0,0.4,15.16,33.27
heavy-truck,0,210.4,5773.0,0.58,4.39,54.82
heavy-truck,0,332.1,8339.0,0.83,5.05,84.0
mini-truck,1,339.3,4173.0,0.83,7.62,50.23
heavy-truck,0,452.5,5681.0,0.57,5.86,89.84
tempo,2,532.1,279.0,0.23,13.35,41.3
mini-truck,1,682.2,3202.0,0.64,7.32,101.03
tempo,2,633.9,762.0,0.64,14.25,54.85
delivery-van,3,603.9,405.0,0.51,13.37,49.96
mini-truck,1,524.0,1366.0,0.27,7.61,78.87
mini-truck,1,525.0,3705.0,0.74,7.9,79.7
heavy-truck,0,509.9,8658.0,0.87,5.86,112.58
delivery-van,3,70.9,204.0,0.25,10.71,6.64
tempo,2,351.5,477.0,0.4,15.47,23.36
delivery-van,3,610.5,588.0,0.73,11.7,63.57
heavy-truck,0,275.7,4287.0,0.43,4.33,74.31
mini-truck,1,190.5,1451.0,0.29,7.38,27.26
tempo,2,655.1,1055.0,0.88,15.6,53.54
tempo,2,83.9,642.0,0.53,14.42,7.1
delivery-van,3,100.7,368.0,0.46,12.22,9.33
mini-truck,1,537.1,1984.0,0.4,8.66,71.91
heavy-truck,0,729.6,3013.0,0.3,5.1,160.89
heavy-truck,0,362.1,2042.0,0.2,5.15,80.98
delivery-van,3,614.6,560.0,0.7,11.23,63.79
heavy-truck,0,181.0,3942.0,0.39,4.96,36.71
heavy-truck,0,649.8,5394.0,0.54,5.13,143.46
heavy-truck,0,547.1,3006.0,0.3,5.38,111.81
delivery-van,3,697.2,512.0,0.64,10.6,81.28
heavy-truck,0,706.1,9194.0,0.92,4.38,195.41
mini-truck,1,288.3,3437.0,0.69,7.79,42.57
tempo,2,542.9,339.0,0.28,16.18,36.9
tempo,2,577.6,1114.0,0.93,11.97,62.52
mini-truck,1,536.6,2544.0,0.51,6.68,94.89
tempo,2,191.4,276.0,0.23,13.34,14.17
tempo,2,60.5,1010.0,0.84,14.33,5.17
heavy-truck,0,615.0,6103.0,0.61,5.11,141.75
tempo,2,249.8,1059.0,0.88,12.01,24.19
heavy-truck,0,440.8,7997.0,0.8,5.11,106.85
heavy-truck,0,532.5,9947.0,0.99,4.81,145.36
delivery-van,3,284.9,702.0,0.88,13.99,26.64
heavy-truck,0,638.1,5557.0,0.56,5.57,125.11
mini-truck,1,267.3,2667.0,0.53,8.58,34.91
heavy-truck,0,98.1,9224.0,0.92,4.46,25.32
tempo,2,168.8,1101.0,0.92,15.81,13.12
delivery-van,3,280.5,690.0,0.86,13.32,25.31
tempo,2,260.4,330.0,0.28,14.63,18.62
tempo,2,675.4,949.0,0.79,13.58,54.27
mini-truck,1,223.4,4425.0,0.88,8.09,32.5
heavy-truck,0,105.2,8219.0,0.82,4.65,25.54
mini-truck,1,644.3,4231.0,0.85,8.41,93.12
heavy-truck,0,666.3,5196.0,0.52,5.18,144.0
delivery-van,3,732.1,249.0,0.31,11.39,70.99
tempo,2,469.2,364.0,0.3,16.23,29.34
delivery-van,3,74.9,786.0,0.98,13.76,6.54
tempo,2,71.1,946.0,0.79,14.62,5.56
tempo,2,531.6,1048.0,0.87,13.96,47.25
tempo,2,370.6,767.0,0.64,13.91,31.42
heavy-truck,0,662.8,7430.0,0.74,5.0,157.73
heavy-truck,0,618.4,4281.0,0.43,5.42,132.92
tempo,2,473.7,922.0,0.77,15.74,36.04
delivery-van,3,274.3,779.0,0.97,12.88,25.07
mini-truck,1,591.2,1910.0,0.38,7.12,90.98
heavy-truck,0,435.7,3622.0,0.36,5.32,88.29
heavy-truck,0,362.5,6305.0,0.63,5.52,74.41
delivery-van,3,457.7,440.0,0.55,12.81,42.14
heavy-truck,0,555.8,2376.0,0.24,5.71,101.77
tempo,2,528.1,744.0,0.62,15.58,39.53
heavy-truck,0,81.7,5389.0,0.54,5.24,16.67
delivery-van,3,465.4,799.0,1.0,12.14,50.5
delivery-van,3,561.7,727.0,0.91,12.99,53.58
tempo,2,129.0,575.0,0.48,15.38,8.76
tempo,2,648.5,607.0,0.51,13.53,53.89
tempo,2,163.2,517.0,0.43,15.38,11.71
mini-truck,1,574.7,2312.0,0.46,6.41,93.53
heavy-truck,0,138.5,3932.0,0.39,5.65,26.47
heavy-truck,0,659.2,2258.0,0.23,5.4,119.44
delivery-van,3,615.3,647.0,0.81,10.55,70.46
heavy-truck,0,537.2,2476.0,0.25,5.37,104.15
mini-truck,1,308.2,4955.0,0.99,8.37,48.62
mini-truck,1,137.6,4502.0,0.9,8.84,19.85
delivery-van,3,342.8,724.0,0.9,11.99,35.42
tempo,2,396.7,988.0,0.82,15.28,31.92
delivery-van,3,144.7,231.0,0.29,13.76,11.18
heavy-truck,0,481.2,9373.0,0.94,5.29,112.05
mini-truck,1,600.2,1245.0,0.25,6.62,89.92
heavy-truck,0,53.2,5889.0,0.59,4.81,12.15
delivery-van,3,266.5,757.0,0.95,10.94,29.45
heavy-truck,0,281.1,3684.0,0.37,5.34,61.35
heavy-truck,0,726.1,5664.0,0.57,4.77,182.46
tempo,2,623.5,355.0,0.3,16.19,43.92
heavy-truck,0,139.1,9615.0,0.96,4.64,36.75
mini-truck,1,559.0,4930.0,0.99,7.16,99.93
tempo,2,665.0,305.0,0.25,13.67,52.67
delivery-van,3,608.2,324.0,0.41,10.82,65.68
mini-truck,1,134.5,2378.0,0.48,7.39,21.47
tempo,2,321.5,1104.0,0.92,12.38,29.4
heavy-truck,0,393.6,5090.0,0.51,4.61,97.47
heavy-truck,0,178.7,7282.0,0.73,5.13,40.55
delivery-van,3,492.1,344.0,0.43,11.09,49.14
delivery-van,3,84.9,495.0,0.62,11.54,8.27
mini-truck,1,446.5,3931.0,0.79,6.83,78.29
mini-truck,1,398.1,2085.0,0.42,7.59,60.07
heavy-truck,0,500.2,8623.0,0.86,4.88,124.12
delivery-van,3,240.1,223.0,0.28,10.6,23.54
delivery-van,3,682.5,512.0,0.64,12.01,64.36
mini-truck,1,246.2,4243.0,0.85,7.11,37.7
heavy-truck,0,194.1,4927.0,0.49,5.46,43.42
mini-truck,1,97.1,1962.0,0.39,7.05,16.51
tempo,2,309.7,911.0,0.76,14.78,25.54
heavy-truck,0,452.9,4768.0,0.48,4.59,111.43
heavy-truck,0,50.9,9717.0,0.97,5.82,10.53
tempo,2,608.7,1103.0,0.92,15.76,48.0
delivery-van,3,175.5,450.0,0.56,12.6,16.42
heavy-truck,0,115.4,9660.0,0.97,4.48,30.02
heavy-truck,0,258.6,4566.0,0.46,4.4,64.71
delivery-van,3,230.6,488.0,0.61,11.74,21.67
mini-truck,1,575.6,4973.0,0.99,6.51,112.36
tempo,2,611.2,414.0,0.35,15.48,45.52
tempo,2,484.4,1172.0,0.98,12.12,49.55
heavy-truck,0,54.5,4748.0,0.47,5.3,11.45
heavy-truck,0,76.1,5156.0,0.52,5.86,14.49
heavy-truck,0,72.5,5302.0,0.53,5.86,13.39
mini-truck,1,612.0,4965.0,0.99,7.11,111.81
delivery-van,3,257.1,431.0,0.54,11.62,23.28
heavy-truck,0,686.1,9661.0,0.97,5.73,159.82
heavy-truck,0,474.0,5515.0,0.55,4.71,116.41
tempo,2,92.8,431.0,0.36,12.06,8.76
mini-truck,1,274.4,3179.0,0.64,7.83,38.32
mini-truck,1,632.9,3654.0,0.73,7.79,100.89
mini-truck,1,286.1,1372.0,0.27,7.69,39.21
tempo,2,639.5,697.0,0.58,14.74,49.93
delivery-van,3,221.8,590.0,0.74,12.3,23.36
delivery-van,3,639.8,483.0,0.6,12.44,57.62
tempo,2,362.5,859.0,0.72,13.74,30.93
heavy-truck,0,574.7,4429.0,0.44,5.62,120.89
tempo,2,493.4,905.0,0.75,12.99,45.62
mini-truck,1,560.1,2552.0,0.51,7.8,81.48
heavy-truck,0,277.6,4184.0,0.42,4.8,64.29
heavy-truck,0,346.5,2937.0,0.29,4.56,80.52
mini-truck,1,399.5,2842.0,0.57,7.99,54.25
delivery-van,3,103.1,665.0,0.83,13.59,8.75
mini-truck,1,450.9,2802.0,0.56,6.41,80.06
mini-truck,1,670.6,3934.0,0.79,8.39,93.52
tempo,2,699.3,603.0,0.5,13.61,58.4
tempo,2,280.5,1134.0,0.95,14.34,24.63
heavy-truck,0,65.2,2333.0,0.23,5.51,12.34
mini-truck,1,315.2,4496.0,0.9,6.44,62.63
heavy-truck,0,57.3,4349.0,0.43,5.74,11.04
delivery-van,3,139.5,610.0,0.76,12.13,13.64
delivery-van,3,539.3,639.0,0.8,11.33,57.17
tempo,2,470.8,521.0,0.43,13.89,36.76
tempo,2,698.8,1040.0,0.87,15.99,52.76
tempo,2,631.0,840.0,0.7,12.5,62.01
mini-truck,1,732.3,3445.0,0.69,8.74,96.46
heavy-truck,0,224.5,4382.0,0.44,4.32,54.8
mini-truck,1,134.4,1773.0,0.35,7.29,18.92
tempo,2,212.6,686.0,0.57,13.73,16.55
heavy-truck,0,668.5,7323.0,0.73,5.53,144.52
delivery-van,3,489.0,300.0,0.37,11.03,50.03
delivery-van,3,336.1,389.0,0.49,10.52,34.69
delivery-van,3,296.0,402.0,0.5,13.89,23.85
heavy-truck,0,722.9,2899.0,0.29,5.51,137.8
tempo,2,60.3,796.0,0.66,14.92,4.8
mini-truck,1,153.4,4074.0,0.81,7.83,24.2
heavy-truck,0,399.9,8829.0,0.88,5.78,85.86
delivery-van,3,457.3,499.0,0.62,13.71,37.57
mini-truck,1,489.1,4250.0,0.85,7.05,81.29
heavy-truck,0,542.4,5644.0,0.56,5.15,110.75
delivery-van,3,520.1,528.0,0.66,11.95,48.25
delivery-van,3,293.9,726.0,0.91,12.9,30.06
delivery-van,3,521.0,688.0,0.86,13.82,44.98
mini-truck,1,619.2,1053.0,0.21,8.6,73.92
delivery-van,3,186.2,605.0,0.76,10.44,19.2
mini-truck,1,107.2,3114.0,0.62,7.82,15.32
delivery-van,3,162.2,213.0,0.27,12.81,13.49
heavy-truck,0,594.5,4069.0,0.41,4.49,157.19
delivery-van,3,243.8,257.0,0.32,12.51,18.7
delivery-van,3,574.7,397.0,0.5,13.97,46.04
mini-truck,1,398.5,4583.0,0.92,6.45,76.79
mini-truck,1,447.5,1420.0,0.28,6.47,80.17
delivery-van,3,707.6,267.0,0.33,13.33,53.28
heavy-truck,0,361.2,9631.0,0.96,5.76,78.51
mini-truck,1,543.3,4153.0,0.83,7.69,85.04
heavy-truck,0,670.5,9709.0,0.97,4.76,166.27
heavy-truck,0,143.1,9281.0,0.93,5.28,33.85
tempo,2,388.7,310.0,0.26,15.98,24.33
mini-truck,1,107.7,1001.0,0.2,7.17,15.72
mini-truck,1,599.7,3217.0,0.64,7.36,98.05
delivery-van,3,417.6,392.0,0.49,11.08,41.88
delivery-van,3,145.7,352.0,0.44,10.4,15.71
tempo,2,354.7,967.0,0.81,15.54,26.28
heavy-truck,0,439.7,9768.0,0.98,5.77,93.54
tempo,2,418.0,769.0,0.64,12.37,42.19
mini-truck,1,711.5,3562.0,0.71,7.26,119.57
tempo,2,553.6,269.0,0.22,16.26,33.01
tempo,2,180.0,252.0,0.21,13.75,13.51
delivery-van,3,178.7,605.0,0.76,11.71,19.31
heavy-truck,0,550.3,5749.0,0.57,4.42,133.68
heavy-truck,0,586.8,6546.0,0.65,5.16,131.62
mini-truck,1,362.1,2956.0,0.59,7.03,58.38
mini-truck,1,56.7,3361.0,0.67,7.14,7.91
tempo,2,412.1,1033.0,0.86,13.57,37.19
mini-truck,1,202.5,3162.0,0.63,6.82,35.76
tempo,2,227.3,630.0,0.52,16.29,16.17
delivery-van,3,385.4,573.0,0.72,11.84,39.22
mini-truck,1,584.5,4942.0,0.99,7.89,91.63
delivery-van,3,386.6,632.0,0.79,13.34,34.3
tempo,2,546.9,906.0,0.76,13.37,51.07
mini-truck,1,665.1,3839.0,0.77,7.83,96.01
heavy-truck,0,584.7,6856.0,0.69,4.48,161.3
delivery-van,3,627.2,713.0,0.89,11.79,68.67
tempo,2,427.5,872.0,0.73,13.1,39.95
mini-truck,1,378.8,4593.0,0.92,8.73,57.27
mini-truck,1,574.1,3580.0,0.72,7.64,94.59
heavy-truck,0,742.9,7825.0,0.78,5.9,151.03
tempo,2,454.5,862.0,0.72,12.51,42.0
mini-truck,1,688.5,4533.0,0.91,8.68,96.28
heavy-truck,0,713.5,4305.0,0.43,5.01,171.0
delivery-van,3,714.2,281.0,0.35,12.52,58.06
heavy-truck,0,189.7,8274.0,0.83,5.61,45.44
mini-truck,1,726.4,3342.0,0.67,6.65,120.81
tempo,2,444.4,904.0,0.75,14.94,36.66
tempo,2,557.4,278.0,0.23,15.98,35.99
delivery-van,3,435.2,436.0,0.55,11.85,39.67
mini-truck,1,468.1,4332.0,0.87,7.96,70.95
delivery-van,3,233.1,230.0,0.29,10.89,22.12
heavy-truck,0,249.9,5509.0,0.55,5.75,48.17
mini-truck,1,567.4,3618.0,0.72,7.81,88.81
tempo,2,646.7,993.0,0.83,13.63,58.57
tempo,2,272.6,853.0,0.71,14.82,21.9
heavy-truck,0,515.3,4830.0,0.48,4.5,131.18
mini-truck,1,513.5,1242.0,0.25,8.41,65.93
mini-truck,1,384.1,4271.0,0.85,7.69,61.36
mini-truck,1,230.1,3840.0,0.77,8.15,32.64
mini-truck,1,484.7,4584.0,0.92,6.64,83.24
delivery-van,3,133.5,284.0,0.36,12.51,11.66
delivery-van,3,413.0,237.0,0.3,13.29,32.53
tempo,2,158.9,698.0,0.58,13.66,12.78
delivery-van,3,409.1,595.0,0.74,13.02,34.74
tempo,2,442.7,621.0,0.52,12.38,39.83
heavy-truck,0,559.5,7455.0,0.75,4.85,130.54
heavy-truck,0,140.4,5002.0,0.5,4.49,34.7
delivery-van,3,241.2,514.0,0.64,11.65,24.74
delivery-van,3,370.4,513.0,0.64,12.3,35.9
mini-truck,1,379.9,1415.0,0.28,6.84,58.46
mini-truck,1,281.8,3738.0,0.75,7.29,44.43
tempo,2,598.5,342.0,0.28,14.62,47.81
heavy-truck,0,183.6,2929.0,0.29,4.88,41.45
mini-truck,1,641.3,2286.0,0.46,6.69,106.73
delivery-van,3,521.9,515.0,0.64,10.75,59.01
tempo,2,173.8,516.0,0.43,13.9,14.49
tempo,2,728.7,273.0,0.23,14.02,56.21
delivery-van,3,245.4,757.0,0.95,11.7,27.0
tempo,2,233.0,954.0,0.8,13.58,21.02
tempo,2,613.3,563.0,0.47,12.41,58.3
delivery-van,3,482.2,323.0,0.4,13.26,41.88
heavy-truck,0,674.7,3864.0,0.39,5.55,125.04
delivery-van,3,54.2,648.0,0.81,12.69,5.18
delivery-van,3,213.8,271.0,0.34,11.32,22.19
mini-truck,1,471.0,2236.0,0.45,8.0,61.86
tempo,2,560.1,1092.0,0.91,14.06,50.91
heavy-truck,0,323.0,5647.0,0.56,5.36,69.52
delivery-van,3,366.0,461.0,0.58,12.75,33.28
mini-truck,1,314.6,3862.0,0.77,7.01,54.62
mini-truck,1,742.6,4784.0,0.96,8.85,109.29
delivery-van,3,391.7,330.0,0.41,12.85,34.23
mini-truck,1,332.9,1557.0,0.31,6.47,53.92
heavy-truck,0,58.2,2547.0,0.25,4.79,12.87
heavy-truck,0,322.0,2711.0,0.27,5.3,65.49
mini-truck,1,484.7,3210.0,0.64,8.28,69.55
tempo,2,75.0,464.0,0.39,15.59,5.72
mini-truck,1,457.6,2237.0,0.45,8.62,58.15
delivery-van,3,399.6,365.0,0.46,12.65,34.92
mini-truck,1,308.4,3458.0,0.69,7.73,44.02
delivery-van,3,476.4,625.0,0.78,10.82,51.41
tempo,2,303.6,552.0,0.46,15.24,22.49
mini-truck,1,560.0,1988.0,0.4,8.55,70.78
heavy-truck,0,448.3,6065.0,0.61,5.27,97.75
heavy-truck,0,477.8,5306.0,0.53,5.11,103.39
tempo,2,214.7,1179.0,0.98,16.14,16.97
tempo,2,683.0,1008.0,0.84,12.56,66.48
tempo,2,722.2,356.0,0.3,14.12,58.38
delivery-van,3,122.8,628.0,0.79,10.73,14.48
delivery-van,3,601.0,352.0,0.44,12.7,52.51
tempo,2,204.2,1058.0,0.88,15.61,16.29
heavy-truck,0,278.1,6606.0,0.66,5.65,52.44
mini-truck,1,560.1,2919.0,0.58,7.55,87.05
delivery-van,3,683.7,746.0,0.93,12.36,68.77
delivery-van,3,427.3,511.0,0.64,13.5,36.58
tempo,2,282.8,535.0,0.45,13.45,23.04
delivery-van,3,206.0,303.0,0.38,11.09,18.84
delivery-van,3,516.5,736.0,0.92,12.63,52.76
delivery-van,3,264.2,544.0,0.68,12.85,24.96
heavy-truck,0,663.8,7611.0,0.76,4.83,147.84
delivery-van,3,54.3,364.0,0.45,13.66,4.23
heavy-truck,0,104.0,8865.0,0.89,5.86,22.97
tempo,2,650.1,408.0,0.34,12.06,55.55
tempo,2,606.9,1039.0,0.87,13.94,51.39
mini-truck,1,447.1,4924.0,0.98,8.07,69.13
mini-truck,1,156.0,3035.0,0.61,8.12,22.64
delivery-van,3,332.1,603.0,0.75,11.67,34.2
delivery-van,3,304.7,332.0,0.42,12.33,28.08
heavy-truck,0,683.8,5561.0,0.56,5.63,149.49
tempo,2,454.1,1191.0,0.99,11.9,46.03
delivery-van,3,522.8,472.0,0.59,11.38,52.6
tempo,2,79.9,843.0,0.7,16.17,5.68
delivery-van,3,144.0,280.0,0.35,10.54,14.78
heavy-truck,0,412.8,2337.0,0.23,5.21,82.62
tempo,2,209.5,662.0,0.55,14.52,16.22
mini-truck,1,655.6,1103.0,0.22,7.03,88.43
delivery-van,3,457.0,551.0,0.69,13.97,35.74
delivery-van,3,191.5,206.0,0.26,11.21,17.88
delivery-van,3,430.1,315.0,0.39,12.38,38.44
tempo,2,473.4,1151.0,0.96,15.84,36.78
tempo,2,78.8,1004.0,0.84,12.22,8.0
tempo,2,689.3,755.0,0.63,14.74,56.46
delivery-van,3,233.2,706.0,0.88,12.45,22.03
tempo,2,511.3,333.0,0.28,13.45,39.17
tempo,2,406.0,719.0,0.6,12.73,35.92
heavy-truck,0,585.4,9280.0,0.93,4.54,153.38
heavy-truck,0,680.6,8189.0,0.82,5.27,144.39
mini-truck,1,628.2,3248.0,0.65,8.78,92.95
mini-truck,1,747.9,4867.0,0.97,6.53,139.9
mini-truck,1,270.0,4874.0,0.97,6.91,49.26
delivery-van,3,726.3,715.0,0.89,10.69,80.1
tempo,2,332.4,321.0,0.27,15.83,25.02
heavy-truck,0,701.3,7194.0,0.72,5.76,145.3
tempo,2,300.4,298.0,0.25,13.19,21.94
delivery-van,3,141.0,325.0,0.41,13.25,11.53
heavy-truck,0,171.7,4920.0,0.49,4.76,41.4
mini-truck,1,568.2,1331.0,0.27,7.87,75.32
mini-truck,1,291.8,3492.0,0.7,8.47,43.84
heavy-truck,0,654.1,7872.0,0.79,4.48,178.58
mini-truck,1,274.5,2446.0,0.49,8.09,42.03
delivery-van,3,689.8,512.0,0.64,14.04,52.81
delivery-van,3,255.1,325.0,0.41,13.79,19.51
heavy-truck,0,358.3,5119.0,0.51,4.92,81.02
tempo,2,63.4,707.0,0.59,12.67,5.56
mini-truck,1,310.8,2615.0,0.52,7.36,48.32
mini-truck,1,711.4,1601.0,0.32,7.16,110.6
delivery-van,3,747.9,403.0,0.5,10.87,77.94
mini-truck,1,487.5,1857.0,0.37,6.52,82.61
tempo,2,594.4,1137.0,0.95,16.17,42.53
delivery-van,3,710.9,215.0,0.27,13.57,54.61
tempo,2,439.2,760.0,0.63,12.32,44.25
delivery-van,3,82.2,737.0,0.92,10.71,9.7
mini-truck,1,76.3,1627.0,0.33,8.83,9.81
mini-truck,1,150.2,2018.0,0.4,8.5,19.88
mini-truck,1,363.7,4416.0,0.88,6.77,63.19
delivery-van,3,412.6,791.0,0.99,14.1,38.87
heavy-truck,0,120.8,5358.0,0.54,5.38,25.66
mini-truck,1,204.1,1258.0,0.25,6.78,30.33
delivery-van,3,364.9,630.0,0.79,13.04,34.63
heavy-truck,0,383.1,9416.0,0.94,4.75,105.04
mini-truck,1,182.8,2666.0,0.53,6.66,31.72
heavy-truck,0,186.1,3460.0,0.35,5.51,34.0
delivery-van,3,385.4,619.0,0.77,14.1,34.33
mini-truck,1,185.7,3275.0,0.65,7.72,28.47
heavy-truck,0,681.9,8734.0,0.87,4.46,199.65
delivery-van,3,113.5,484.0,0.61,11.22,11.19
heavy-truck,0,501.9,7859.0,0.79,5.53,99.4
tempo,2,712.2,915.0,0.76,14.31,57.66
delivery-van,3,641.4,598.0,0.75,10.46,69.56
heavy-truck,0,218.7,9716.0,0.97,5.0,54.3
tempo,2,660.4,432.0,0.36,14.12,52.31
delivery-van,3,450.7,222.0,0.28,13.69,36.28
tempo,2,200.0,1042.0,0.87,12.33,18.67
tempo,2,517.3,1118.0,0.93,13.97,45.73
mini-truck,1,703.8,4457.0,0.89,7.59,116.04
mini-truck,1,404.0,4112.0,0.82,7.09,68.5
delivery-van,3,486.5,193.0,0.24,11.7,42.25
heavy-truck,0,491.6,4089.0,0.41,4.6,123.19
delivery-van,3,229.0,460.0,0.58,12.52,21.64
tempo,2,247.3,779.0,0.65,15.16,19.56
tempo,2,55.0,575.0,0.48,14.34,3.98
delivery-van,3,141.7,258.0,0.32,14.0,10.69
heavy-truck,0,502.6,2025.0,0.2,4.97,100.94
mini-truck,1,575.7,1973.0,0.39,7.07,86.61
heavy-truck,0,249.6,7556.0,0.76,5.47,53.53
heavy-truck,0,120.7,9312.0,0.93,5.21,28.99
heavy-truck,0,733.9,2799.0,0.28,5.24,154.67
heavy-truck,0,670.7,4562.0,0.46,5.71,136.47
heavy-truck,0,402.3,6589.0,0.66,4.35,109.12
tempo,2,61.7,853.0,0.71,15.83,4.51
tempo,2,660.6,1030.0,0.86,13.87,58.13
tempo,2,203.6,1007.0,0.84,16.04,15.06
delivery-van,3,135.1,203.0,0.25,12.36,12.16
delivery-van,3,474.1,536.0,0.67,10.41,51.74
tempo,2,269.9,550.0,0.46,13.13,23.59
heavy-truck,0,251.5,5442.0,0.54,4.44,65.15
heavy-truck,0,396.8,2038.0,0.2,5.33,76.2
heavy-truck,0,182.1,3966.0,0.4,5.65,34.37
heavy-truck,0,679.4,7817.0,0.78,5.88,137.69
delivery-van,3,64.6,259.0,0.32,11.15,6.56
mini-truck,1,189.6,1853.0,0.37,7.64,25.08
heavy-truck,0,740.2,3098.0,0.31,4.65,185.01
tempo,2,471.8,1193.0,0.99,13.91,42.29
heavy-truck,0,374.0,6634.0,0.66,4.25,107.64
heavy-truck,0,330.2,2165.0,0.22,4.45,83.34
heavy-truck,0,634.1,6239.0,0.62,4.64,160.83
delivery-van,3,647.0,600.0,0.75,11.59,66.74
delivery-van,3,687.7,432.0,0.54,10.52,74.92
tempo,2,622.7,462.0,0.39,13.88,50.58
delivery-van,3,327.4,279.0,0.35,14.11,25.69
heavy-truck,0,143.4,5305.0,0.53,5.04,33.61
heavy-truck,0,548.8,3451.0,0.35,4.97,118.93
tempo,2,641.6,244.0,0.2,14.99,42.5
heavy-truck,0,311.7,9951.0,1.0,5.36,67.45
heavy-truck,0,121.4,8015.0,0.8,4.51,31.86
mini-truck,1,561.1,2546.0,0.51,6.71,84.65
mini-truck,1,184.2,3344.0,0.67,8.83,24.21
delivery-van,3,576.2,587.0,0.73,11.9,52.98
mini-truck,1,717.4,2981.0,0.6,7.34,107.14
heavy-truck,0,505.1,8819.0,0.88,4.98,123.07
mini-truck,1,109.9,4386.0,0.88,6.73,20.52
heavy-truck,0,635.1,3466.0,0.35,5.51,140.22
delivery-van,3,65.4,761.0,0.95,13.29,6.18
heavy-truck,0,668.4,4173.0,0.42,5.14,135.77
delivery-van,3,668.5,624.0,0.78,13.72,57.67
mini-truck,1,595.2,3341.0,0.67,6.85,98.83
heavy-truck,0,387.0,6028.0,0.6,5.13,87.48
mini-truck,1,307.5,3458.0,0.69,8.23,45.32
mini-truck,1,715.6,4228.0,0.85,7.88,123.19
tempo,2,377.8,606.0,0.5,14.14,28.86
mini-truck,1,176.9,3228.0,0.65,6.41,30.05
heavy-truck,0,135.5,6048.0,0.6,4.53,33.32
mini-truck,1,115.0,2238.0,0.45,8.81,14.03
delivery-van,3,616.2,420.0,0.52,11.94,54.3
delivery-van,3,348.4,734.0,0.92,10.56,40.77
delivery-van,3,306.2,236.0,0.3,12.59,26.77
tempo,2,64.6,898.0,0.75,15.56,5.11
mini-truck,1,462.8,4448.0,0.89,8.82,62.76
tempo,2,75.9,779.0,0.65,13.66,6.45
tempo,2,138.0,440.0,0.37,13.92,10.92
tempo,2,729.9,669.0,0.56,15.27,54.42
tempo,2,682.9,441.0,0.37,13.32,54.1
tempo,2,183.2,1063.0,0.89,12.5,17.75
heavy-truck,0,679.4,7621.0,0.76,5.16,149.37
mini-truck,1,589.9,2712.0,0.54,7.86,89.53
tempo,2,607.1,426.0,0.35,15.8,42.56
heavy-truck,0,306.6,9549.0,0.95,5.3,73.88
mini-truck,1,366.9,3954.0,0.79,6.69,63.35
mini-truck,1,583.9,4653.0,0.93,8.31,91.48
delivery-van,3,656.9,566.0,0.71,11.7,66.71
heavy-truck,0,280.8,7005.0,0.7,4.46,72.71
mini-truck,1,112.6,2390.0,0.48,7.29,16.25
heavy-truck,0,244.3,5718.0,0.57,4.75,61.28
tempo,2,296.3,525.0,0.44,13.01,21.35
heavy-truck,0,415.9,7285.0,0.73,4.73,107.28
mini-truck,1,575.5,2719.0,0.54,8.41,77.36
tempo,2,678.5,367.0,0.31,14.71,50.77
tempo,2,507.0,955.0,0.8,14.31,40.76
delivery-van,3,101.0,177.0,0.22,11.93,9.35
mini-truck,1,53.1,3216.0,0.64,6.5,9.08
mini-truck,1,274.7,1983.0,0.4,6.47,45.82
tempo,2,227.7,500.0,0.42,16.45,15.47
delivery-van,3,553.2,588.0,0.74,12.87,48.59
delivery-van,3,385.7,599.0,0.75,14.06,31.12
tempo,2,612.3,485.0,0.4,13.6,53.45
delivery-van,3,73.1,640.0,0.8,14.05,6.39
delivery-van,3,344.1,463.0,0.58,10.52,38.75
mini-truck,1,734.5,4898.0,0.98,6.99,128.8
heavy-truck,0,124.3,4458.0,0.45,5.47,27.2
tempo,2,464.1,652.0,0.54,14.81,36.77
delivery-van,3,610.7,608.0,0.76,10.94,62.31
mini-truck,1,213.6,3831.0,0.77,8.42,28.19
heavy-truck,0,214.6,7931.0,0.79,4.47,55.07
heavy-truck,0,500.6,4985.0,0.5,5.01,113.13
heavy-truck,0,620.1,4376.0,0.44,4.76,140.6
tempo,2,424.0,1016.0,0.85,13.88,36.57
mini-truck,1,697.8,3371.0,0.67,8.3,99.1
delivery-van,3,350.2,746.0,0.93,12.23,36.85
delivery-van,3,602.5,439.0,0.55,10.42,63.98
mini-truck,1,547.3,2599.0,0.52,8.31,72.1
heavy-truck,0,212.3,4949.0,0.49,4.86,47.45
heavy-truck,0,162.8,2092.0,0.21,5.04,33.98
tempo,2,206.5,778.0,0.65,14.46,15.57
tempo,2,543.1,1025.0,0.85,12.37,56.32
tempo,2,146.0,417.0,0.35,13.61,12.96
tempo,2,73.9,942.0,0.78,14.03,6.41
tempo,2,676.1,740.0,0.62,16.28,51.32
tempo,2,164.0,442.0,0.37,14.58,12.77
mini-truck,1,125.8,2143.0,0.43,7.86,17.6
mini-truck,1,69.2,3038.0,0.61,8.3,9.84
tempo,2,542.5,558.0,0.46,12.82,45.55
tempo,2,522.0,276.0,0.23,14.57,37.34
delivery-van,3,142.2,481.0,0.6,12.39,12.44
mini-truck,1,551.2,4249.0,0.85,7.13,94.44
tempo,2,530.2,770.0,0.64,15.69,38.07
mini-truck,1,331.4,2182.0,0.44,7.25,49.92
heavy-truck,0,450.8,2313.0,0.23,5.87,76.38
mini-truck,1,605.1,2567.0,0.51,8.29,80.36
mini-truck,1,675.8,1114.0,0.22,8.55,79.78
tempo,2,645.8,1091.0,0.91,16.18,48.99
mini-truck,1,312.6,2107.0,0.42,8.35,41.71
delivery-van,3,381.0,506.0,0.63,10.76,37.01
delivery-van,3,443.7,181.0,0.23,10.54,43.51
mini-truck,1,443.8,2580.0,0.52,8.1,60.93
heavy-truck,0,435.1,4082.0,0.41,5.16,103.6
heavy-truck,0,340.2,7275.0,0.73,5.03,80.71
heavy-truck,0,206.6,8816.0,0.88,4.77,51.21
delivery-van,3,142.1,599.0,0.75,12.72,13.49
heavy-truck,0,536.8,4483.0,0.45,5.46,106.86
heavy-truck,0,256.7,5941.0,0.59,5.17,51.81
heavy-truck,0,609.9,3571.0,0.36,4.64,155.05
heavy-truck,0,726.1,4893.0,0.49,5.4,165.48
delivery-van,3,455.5,398.0,0.5,12.26,44.75
heavy-truck,0,736.2,4970.0,0.5,4.82,169.68
delivery-van,3,454.2,365.0,0.46,10.63,44.81
heavy-truck,0,76.2,7430.0,0.74,5.36,16.91
mini-truck,1,537.3,3431.0,0.69,7.53,85.37
delivery-van,3,737.0,639.0,0.8,10.85,78.06
tempo,2,166.4,610.0,0.51,15.32,12.69
tempo,2,212.3,1072.0,0.89,14.6,16.82
delivery-van,3,741.9,664.0,0.83,13.11,65.24
heavy-truck,0,542.7,5815.0,0.58,4.66,134.97
mini-truck,1,80.2,2002.0,0.4,6.45,13.26
heavy-truck,0,205.2,7841.0,0.78,5.02,48.85
tempo,2,634.3,294.0,0.24,16.07,39.5
heavy-truck,0,265.8,8738.0,0.87,4.26,70.13
heavy-truck,0,395.4,7319.0,0.73,4.27,103.68
tempo,2,155.6,613.0,0.51,13.16,14.15
delivery-van,3,275.3,507.0,0.63,13.7,23.55
delivery-van,3,740.9,742.0,0.93,11.43,77.74
heavy-truck,0,389.5,7474.0,0.75,5.66,75.42
mini-truck,1,420.0,4909.0,0.98,7.01,69.26
tempo,2,540.5,715.0,0.6,16.15,36.13
heavy-truck,0,354.0,3815.0,0.38,5.2,76.59
delivery-van,3,448.1,186.0,0.23,11.98,39.43
delivery-van,3,191.8,185.0,0.23,11.72,17.03
heavy-truck,0,543.7,6259.0,0.63,4.83,128.07
heavy-truck,0,742.1,9885.0,0.99,4.69,191.87
tempo,2,278.8,1188.0,0.99,15.59,23.57
mini-truck,1,325.1,2177.0,0.44,7.08,47.74
mini-truck,1,622.7,3323.0,0.66,7.73,96.06
mini-truck,1,657.2,4442.0,0.89,7.19,111.69
tempo,2,211.1,441.0,0.37,14.66,16.17
tempo,2,129.9,763.0,0.64,12.7,11.81
delivery-van,3,164.1,276.0,0.34,11.42,15.01
heavy-truck,0,585.4,3836.0,0.38,4.95,139.11
tempo,2,166.5,395.0,0.33,16.14,11.44
mini-truck,1,748.6,4410.0,0.88,6.81,128.82
tempo,2,587.1,963.0,0.8,12.35,54.61
tempo,2,342.7,415.0,0.35,14.26,24.76
heavy-truck,0,268.6,6093.0,0.61,5.04,59.0
delivery-van,3,613.8,774.0,0.97,13.48,59.48
heavy-truck,0,648.7,7157.0,0.72,4.95,164.4
heavy-truck,0,701.9,8587.0,0.86,5.63,145.38
mini-truck,1,273.9,2065.0,0.41,8.84,35.01
mini-truck,1,291.2,3624.0,0.72,8.3,36.68
heavy-truck,0,552.4,2812.0,0.28,4.57,129.99
heavy-truck,0,408.8,9476.0,0.95,5.14,102.44
delivery-van,3,387.3,729.0,0.91,10.97,41.63
heavy-truck,0,171.7,3540.0,0.35,4.37,43.85
heavy-truck,0,738.5,9278.0,0.93,4.49,190.42
tempo,2,79.9,730.0,0.61,12.82,6.83
tempo,2,594.1,240.0,0.2,12.97,49.43
delivery-van,3,616.3,405.0,0.51,12.55,54.31
delivery-van,3,160.8,292.0,0.37,12.95,13.6
delivery-van,3,480.8,552.0,0.69,13.58,42.17
heavy-truck,0,51.6,7912.0,0.79,5.46,11.36
delivery-van,3,495.0,518.0,0.65,10.54,52.73
delivery-van,3,562.8,566.0,0.71,13.89,49.19
delivery-van,3,107.5,250.0,0.31,12.87,9.16
delivery-van,3,729.8,311.0,0.39,12.08,66.46
delivery-van,3,716.2,307.0,0.38,12.04,61.76
heavy-truck,0,318.3,5231.0,0.52,5.55,65.12
mini-truck,1,676.1,3717.0,0.74,7.22,117.39
heavy-truck,0,739.6,9270.0,0.93,5.29,180.19
heavy-truck,0,510.7,9607.0,0.96,5.88,107.88
heavy-truck,0,370.8,3564.0,0.36,5.85,67.32
tempo,2,198.9,611.0,0.51,13.31,16.42
mini-truck,1,127.7,2856.0,0.57,7.29,18.92
tempo,2,233.2,1061.0,0.88,12.97,21.78
mini-truck,1,746.0,4959.0,0.99,8.21,106.63
tempo,2,616.5,774.0,0.65,16.21,46.66
heavy-truck,0,246.7,9416.0,0.94,5.41,53.75
tempo,2,622.4,377.0,0.31,13.57,48.36
mini-truck,1,539.5,4648.0,0.93,8.21,78.84
delivery-van,3,694.6,524.0,0.66,10.31,79.3
mini-truck,1,93.5,3338.0,0.67,6.81,15.2
delivery-van,3,504.9,479.0,0.6,10.99,56.45
tempo,2,146.4,1123.0,0.94,14.83,12.25
heavy-truck,0,315.6,4565.0,0.46,4.87,71.25
heavy-truck,0,278.5,8440.0,0.84,4.71,73.96
heavy-truck,0,363.9,3774.0,0.38,5.22,70.51
delivery-van,3,90.3,301.0,0.38,12.16,8.73
heavy-truck,0,119.8,5462.0,0.55,5.05,26.62
mini-truck,1,638.3,3010.0,0.6,8.32,86.83
mini-truck,1,496.0,3226.0,0.65,8.44,69.38
mini-truck,1,297.0,1298.0,0.26,6.42,48.95
mini-truck,1,469.1,1703.0,0.34,7.98,62.08
delivery-van,3,366.5,451.0,0.56,11.42,37.6
delivery-van,3,368.4,776.0,0.97,11.85,40.01
mini-truck,1,607.5,1856.0,0.37,6.86,99.04
heavy-truck,0,595.9,5396.0,0.54,5.23,132.28
tempo,2,694.1,702.0,0.59,12.23,69.07
heavy-truck,0,226.2,7579.0,0.76,4.94,54.32
heavy-truck,0,63.2,5206.0,0.52,5.1,15.08
heavy-truck,0,85.4,4771.0,0.48,5.83,16.2
heavy-truck,0,137.2,8504.0,0.85,5.02,35.94
mini-truck,1,483.3,3696.0,0.74,7.56,72.95
delivery-van,3,623.1,592.0,0.74,12.13,65.25
tempo,2,388.7,731.0,0.61,13.47,35.34
delivery-van,3,403.6,534.0,0.67,11.72,41.72
delivery-van,3,90.5,442.0,0.55,11.18,8.95
mini-truck,1,469.5,3660.0,0.73,7.64,75.43
tempo,2,111.6,1126.0,0.94,14.11,9.69
heavy-truck,0,686.7,6929.0,0.69,4.96,163.0
delivery-van,3,530.2,785.0,0.98,11.66,53.97
tempo,2,58.9,1140.0,0.95,13.53,5.17
delivery-van,3,292.5,668.0,0.83,14.14,25.57
heavy-truck,0,453.8,2909.0,0.29,5.74,80.11
mini-truck,1,161.5,2775.0,0.55,8.7,23.46
delivery-van,3,316.4,547.0,0.68,11.44,31.92
heavy-truck,0,588.5,7754.0,0.78,5.5,121.51
tempo,2,375.1,390.0,0.32,15.63,25.39
delivery-van,3,79.2,723.0,0.9,12.38,8.13
delivery-van,3,660.2,580.0,0.73,10.74,76.93
delivery-van,3,580.7,653.0,0.82,12.32,53.38
delivery-van,3,607.0,662.0,0.83,13.0,55.02
delivery-van,3,347.1,431.0,0.54,11.18,36.88
tempo,2,731.8,647.0,0.54,13.02,64.35
mini-truck,1,491.2,1199.0,0.24,8.67,59.86
delivery-van,3,544.7,318.0,0.4,10.54,58.83
tempo,2,723.7,1030.0,0.86,16.26,53.91
mini-truck,1,686.5,4893.0,0.98,8.75,100.99
heavy-truck,0,176.7,7355.0,0.74,5.52,38.09
delivery-van,3,660.1,496.0,0.62,13.81,54.97
delivery-van,3,626.8,462.0,0.58,13.7,50.21
tempo,2,419.9,1061.0,0.88,14.69,33.68
delivery-van,3,298.3,222.0,0.28,11.01,28.48
tempo,2,78.0,1051.0,0.88,14.8,6.42
mini-truck,1,574.1,1981.0,0.4,7.25,79.77
tempo,2,599.8,392.0,0.33,16.09,37.7
tempo,2,445.6,1016.0,0.85,15.22,35.23
delivery-van,3,90.5,269.0,0.34,10.9,8.63
mini-truck,1,710.4,3757.0,0.75,7.74,99.9
mini-truck,1,240.0,1129.0,0.23,8.26,29.44
tempo,2,275.1,718.0,0.6,12.02,26.97
heavy-truck,0,506.2,9557.0,0.96,5.19,125.53
delivery-van,3,138.5,168.0,0.21,10.77,13.41
delivery-van,3,327.2,539.0,0.67,10.94,35.73
heavy-truck,0,109.8,6080.0,0.61,4.67,29.32
mini-truck,1,474.0,1664.0,0.33,7.34,74.3
heavy-truck,0,394.0,6080.0,0.61,5.28,87.32
mini-truck,1,407.1,4682.0,0.94,7.92,66.28
heavy-truck,0,56.9,4523.0,0.45,4.47,13.91
heavy-truck,0,565.9,9491.0,0.95,4.71,137.0
tempo,2,532.3,1013.0,0.84,12.86,49.62
mini-truck,1,376.0,1601.0,0.32,7.56,54.48
heavy-truck,0,198.5,7806.0,0.78,5.64,41.58
tempo,2,248.7,407.0,0.34,12.6,22.3
mini-truck,1,652.4,1165.0,0.23,8.72,79.42
delivery-van,3,340.2,203.0,0.25,12.95,27.2
mini-truck,1,250.8,1926.0,0.39,6.41,42.39
mini-truck,1,82.4,1766.0,0.35,8.46,11.05
mini-truck,1,405.8,4962.0,0.99,7.4,70.52
tempo,2,547.2,248.0,0.21,14.11,41.69
tempo,2,613.0,347.0,0.29,12.92,46.94
tempo,2,503.3,1086.0,0.9,12.01,52.25
heavy-truck,0,302.4,8273.0,0.83,5.84,56.34
tempo,2,320.9,572.0,0.48,15.84,21.96
delivery-van,3,742.6,383.0,0.48,11.42,78.6
mini-truck,1,717.3,1622.0,0.32,6.66,119.31
delivery-van,3,339.0,514.0,0.64,11.55,33.99
mini-truck,1,687.6,1228.0,0.25,6.66,110.74
heavy-truck,0,476.2,8504.0,0.85,5.18,114.68
delivery-van,3,731.0,277.0,0.35,13.13,59.42
delivery-van,3,202.1,726.0,0.91,10.59,22.78
mini-truck,1,536.2,1105.0,0.22,6.7,90.46
delivery-van,3,530.6,322.0,0.4,13.57,41.94
delivery-van,3,243.6,185.0,0.23,11.02,22.7
heavy-truck,0,371.0,2800.0,0.28,4.86,88.09
delivery-van,3,639.8,322.0,0.4,10.3,73.78
heavy-truck,0,588.4,5683.0,0.57,4.68,141.62
delivery-van,3,276.9,424.0,0.53,13.02,23.55
heavy-truck,0,174.9,8709.0,0.87,5.39,38.65
heavy-truck,0,366.9,2445.0,0.24,5.16,80.35
mini-truck,1,69.7,3754.0,0.75,6.99,11.3
tempo,2,664.4,734.0,0.61,13.35,55.24
mini-truck,1,540.9,2330.0,0.47,8.72,69.84
heavy-truck,0,99.0,2259.0,0.23,5.78,17.59
mini-truck,1,707.5,2266.0,0.45,8.22,96.51
delivery-van,3,709.5,584.0,0.73,13.82,62.5
tempo,2,54.8,598.0,0.5,13.7,4.56
delivery-van,3,444.0,374.0,0.47,13.12,36.57
heavy-truck,0,193.9,6195.0,0.62,4.79,43.84
delivery-van,3,555.4,535.0,0.67,13.48,46.15
mini-truck,1,111.5,3983.0,0.8,6.93,19.18
mini-truck,1,81.4,4459.0,0.89,7.15,13.73
delivery-van,3,735.6,357.0,0.45,10.38,79.61
tempo,2,89.3,772.0,0.64,14.69,6.55
mini-truck,1,225.9,4167.0,0.83,7.52,37.69
delivery-van,3,241.0,423.0,0.53,10.86,24.9
mini-truck,1,520.6,3441.0,0.69,8.28,75.35
heavy-truck,0,117.4,5222.0,0.52,4.28,28.2
heavy-truck,0,58.8,6290.0,0.63,4.79,14.59
heavy-truck,0,522.3,2725.0,0.27,5.5,102.46
mini-truck,1,221.1,3703.0,0.74,6.84,39.46
tempo,2,691.8,1183.0,0.99,15.53,57.66
tempo,2,140.6,1090.0,0.91,12.09,13.8
delivery-van,3,194.7,338.0,0.42,12.91,16.24
delivery-van,3,492.3,794.0,0.99,11.86,51.08
tempo,2,610.0,997.0,0.83,15.1,50.04
mini-truck,1,681.0,1279.0,0.26,6.98,106.2
heavy-truck,0,566.9,5752.0,0.58,4.46,141.09
delivery-van,3,437.7,652.0,0.82,10.66,46.69
tempo,2,735.0,271.0,0.23,14.28,52.95
mini-truck,1,454.4,4677.0,0.94,8.04,66.39
mini-truck,1,433.1,2501.0,0.5,8.33,57.7
mini-truck,1,549.1,3183.0,0.64,7.36,88.1
delivery-van,3,168.5,317.0,0.4,13.77,13.61
heavy-truck,0,537.3,7027.0,0.7,4.66,141.59
heavy-truck,0,609.7,3413.0,0.34,5.17,129.26
heavy-truck,0,221.9,7379.0,0.74,5.7,47.31
delivery-van,3,393.8,575.0,0.72,11.92,39.55
tempo,2,468.0,592.0,0.49,15.67,33.85
tempo,2,717.1,810.0,0.67,13.15,64.21
delivery-van,3,665.4,387.0,0.48,10.71,68.63
tempo,2,613.2,1131.0,0.94,12.95,62.49
heavy-truck,0,346.5,3792.0,0.38,4.9,78.48
delivery-van,3,581.7,748.0,0.94,11.6,56.05
delivery-van,3,291.6,628.0,0.78,10.37,32.58
heavy-truck,0,582.7,5453.0,0.55,5.11,128.99
heavy-truck,0,364.8,3193.0,0.32,4.32,95.84
mini-truck,1,377.6,2850.0,0.57,8.24,53.83
heavy-truck,0,425.3,8245.0,0.82,5.2,97.25
heavy-truck,0,166.5,6842.0,0.68,5.05,38.44
mini-truck,1,294.4,1133.0,0.23,6.87,38.6
delivery-van,3,232.5,761.0,0.95,11.4,25.25
tempo,2,247.8,791.0,0.66,15.72,18.99
tempo,2,689.9,603.0,0.5,15.42,49.75
mini-truck,1,625.2,3606.0,0.72,7.84,97.87
heavy-truck,0,429.9,4889.0,0.49,4.88,101.13
mini-truck,1,587.2,3700.0,0.74,7.91,87.77
delivery-van,3,706.2,578.0,0.72,12.53,63.94
heavy-truck,0,563.6,5447.0,0.54,4.56,136.23
mini-truck,1,404.9,4111.0,0.82,7.25,61.87
heavy-truck,0,316.6,3377.0,0.34,5.21,63.27
mini-truck,1,654.2,2914.0,0.58,7.92,97.1
mini-truck,1,307.5,3802.0,0.76,7.29,46.85
tempo,2,403.3,758.0,0.63,16.41,29.76
tempo,2,301.4,441.0,0.37,15.31,19.61
tempo,2,200.5,415.0,0.35,13.43,16.4
heavy-truck,0,135.4,6988.0,0.7,5.75,29.1
mini-truck,1,642.8,4955.0,0.99,6.91,121.06
heavy-truck,0,191.2,3624.0,0.36,5.88,34.06
delivery-van,3,115.3,276.0,0.35,11.98,10.3
tempo,2,349.2,1189.0,0.99,15.23,29.54
tempo,2,533.5,698.0,0.58,15.72,40.44
tempo,2,746.5,374.0,0.31,12.95,59.99
tempo,2,99.7,540.0,0.45,15.35,7.36
heavy-truck,0,308.7,5647.0,0.56,4.43,76.73
heavy-truck,0,535.3,2947.0,0.29,4.7,129.81
tempo,2,330.7,387.0,0.32,12.32,30.25
mini-truck,1,670.5,3372.0,0.67,7.41,113.7
heavy-truck,0,268.0,8328.0,0.83,4.35,71.59
mini-truck,1,438.7,1138.0,0.23,6.61,68.33
mini-truck,1,690.2,2219.0,0.44,7.42,102.75
heavy-truck,0,193.5,7649.0,0.76,5.32,42.44
tempo,2,215.4,813.0,0.68,13.3,19.22
tempo,2,619.0,415.0,0.35,13.99,51.77
tempo,2,119.3,340.0,0.28,13.09,9.89
mini-truck,1,411.9,2020.0,0.4,6.9,65.51
delivery-van,3,340.0,426.0,0.53,11.33,36.16
delivery-van,3,289.4,794.0,0.99,13.33,27.75
tempo,2,293.1,288.0,0.24,12.53,24.76
delivery-van,3,425.1,715.0,0.89,12.22,43.45
heavy-truck,0,223.4,8645.0,0.86,5.32,50.74
tempo,2,400.1,460.0,0.38,14.07,30.44
delivery-van,3,515.2,658.0,0.82,11.8,51.6
mini-truck,1,506.3,1806.0,0.36,7.82,71.18
mini-truck,1,565.9,1803.0,0.36,8.15,76.13
tempo,2,386.4,994.0,0.83,13.98,35.04
delivery-van,3,587.7,483.0,0.6,13.16,51.3
heavy-truck,0,568.3,4069.0,0.41,5.54,118.67
mini-truck,1,156.8,3104.0,0.62,6.81,27.47
delivery-van,3,558.5,451.0,0.56,12.0,53.74
heavy-truck,0,613.1,2805.0,0.28,5.31,130.81
delivery-van,3,306.6,762.0,0.95,10.55,36.25
heavy-truck,0,501.8,9743.0,0.97,5.21,113.29
tempo,2,427.5,827.0,0.69,13.44,33.61
delivery-van,3,58.4,165.0,0.21,12.82,4.89
mini-truck,1,301.3,1021.0,0.2,7.53,45.14
mini-truck,1,269.1,2630.0,0.53,8.36,38.27
mini-truck,1,483.2,2699.0,0.54,6.51,85.54
tempo,2,103.2,662.0,0.55,11.91,9.97
mini-truck,1,346.9,2657.0,0.53,7.89,46.84
delivery-van,3,583.5,293.0,0.37,11.93,51.53
tempo,2,665.7,981.0,0.82,13.07,63.77
tempo,2,566.0,272.0,0.23,15.43,37.27
tempo,2,85.2,681.0,0.57,12.35,7.89
delivery-van,3,447.6,367.0,0.46,12.11,39.58
mini-truck,1,692.6,4421.0,0.88,6.74,122.9
tempo,2,94.6,441.0,0.37,15.83,6.51
tempo,2,641.4,1026.0,0.85,14.29,58.37
delivery-van,3,540.5,409.0,0.51,13.68,42.41
delivery-van,3,732.2,215.0,0.27,13.25,58.5
heavy-truck,0,224.5,3933.0,0.39,4.89,53.14
mini-truck,1,163.4,3907.0,0.78,6.97,28.98
delivery-van,3,384.1,560.0,0.7,14.01,33.76
delivery-van,3,358.9,664.0,0.83,11.22,38.45
heavy-truck,0,587.9,6179.0,0.62,5.51,125.11
delivery-van,3,437.4,674.0,0.84,10.5,48.22
heavy-truck,0,291.1,7470.0,0.75,5.22,71.69
delivery-van,3,435.6,301.0,0.38,11.66,36.67
tempo,2,407.1,665.0,0.55,15.57,28.25
heavy-truck,0,615.4,9777.0,0.98,4.76,154.56
delivery-van,3,175.9,355.0,0.44,10.54,20.94
tempo,2,189.2,278.0,0.23,15.11,13.67
tempo,2,685.1,1018.0,0.85,15.68,55.68
tempo,2,100.5,606.0,0.5,15.23,7.26
delivery-van,3,179.2,614.0,0.77,12.38,17.89
delivery-van,3,320.7,794.0,0.99,10.44,36.73
heavy-truck,0,227.5,4682.0,0.47,4.27,62.87
tempo,2,445.9,410.0,0.34,12.61,40.85
delivery-van,3,615.0,448.0,0.56,11.63,59.47
mini-truck,1,280.4,2567.0,0.51,7.24,43.89
mini-truck,1,151.2,4281.0,0.86,8.8,21.71
heavy-truck,0,77.3,7543.0,0.75,5.33,17.06
mini-truck,1,562.6,1327.0,0.27,7.07,83.34
mini-truck,1,664.8,1376.0,0.28,7.31,94.61
tempo,2,584.0,589.0,0.49,12.83,45.1
delivery-van,3,181.0,617.0,0.77,10.41,20.09
tempo,2,741.9,727.0,0.61,14.67,59.92
heavy-truck,0,424.9,2972.0,0.3,5.46,82.19
mini-truck,1,472.8,3220.0,0.64,6.38,86.11
heavy-truck,0,634.2,7926.0,0.79,5.73,132.54
delivery-van,3,441.3,203.0,0.25,11.62,42.53
delivery-van,3,638.2,398.0,0.5,10.25,77.37
mini-truck,1,563.9,3494.0,0.7,7.54,85.53
mini-truck,1,349.5,2392.0,0.48,8.54,43.08
mini-truck,1,116.7,1988.0,0.4,7.75,17.26
heavy-truck,0,734.9,5143.0,0.51,4.49,186.18
tempo,2,111.6,702.0,0.59,13.33,10.04
delivery-van,3,271.5,197.0,0.25,10.48,27.98
mini-truck,1,583.3,4359.0,0.87,8.11,86.59
mini-truck,1,688.3,2130.0,0.43,7.59,99.09
tempo,2,67.6,838.0,0.7,14.59,5.04
tempo,2,121.0,895.0,0.75,12.0,11.65
mini-truck,1,745.0,3743.0,0.75,8.48,111.31
heavy-truck,0,705.7,7370.0,0.74,5.89,132.18
delivery-van,3,613.2,307.0,0.38,10.27,64.94
heavy-truck,0,339.2,5942.0,0.59,4.62,88.55
delivery-van,3,398.1,670.0,0.84,12.06,40.22
delivery-van,3,203.8,167.0,0.21,12.65,17.61
tempo,2,467.1,1140.0,0.95,12.17,45.85
heavy-truck,0,119.8,6147.0,0.61,5.85,23.34
mini-truck,1,545.1,2080.0,0.42,7.43,84.13
heavy-truck,0,175.6,6933.0,0.69,5.88,36.09
tempo,2,244.1,549.0,0.46,14.57,18.25
heavy-truck,0,189.9,4381.0,0.44,5.43,40.94
heavy-truck,0,166.9,9407.0,0.94,4.95,42.79
heavy-truck,0,340.1,9943.0,0.99,5.05,73.68
tempo,2,503.6,308.0,0.26,14.68,36.95
delivery-van,3,187.9,628.0,0.79,12.38,17.5
tempo,2,307.7,907.0,0.76,14.37,26.29
mini-truck,1,229.4,2029.0,0.41,8.37,30.75
mini-truck,1,720.3,3567.0,0.71,6.78,120.27
delivery-van,3,740.4,177.0,0.22,11.57,61.32
heavy-truck,0,309.3,8249.0,0.82,5.49,63.79
mini-truck,1,697.7,4777.0,0.96,6.77,133.09
heavy-truck,0,457.5,7031.0,0.7,4.87,108.21
delivery-van,3,604.1,602.0,0.75,10.51,68.02
heavy-truck,0,617.6,8853.0,0.89,5.22,137.36
heavy-truck,0,410.7,4451.0,0.45,4.45,109.37
tempo,2,661.6,1131.0,0.94,14.02,55.21
mini-truck,1,269.8,1800.0,0.36,6.91,39.42
tempo,2,520.0,408.0,0.34,13.52,44.81
heavy-truck,0,414.9,3061.0,0.31,5.6,79.11
tempo,2,355.9,278.0,0.23,13.15,29.59
tempo,2,358.2,938.0,0.78,13.5,30.64
delivery-van,3,427.0,447.0,0.56,10.98,45.14
tempo,2,94.4,776.0,0.65,12.98,7.94
delivery-van,3,578.1,371.0,0.46,10.49,55.72
tempo,2,506.6,912.0,0.76,12.24,50.96
delivery-van,3,98.5,799.0,1.0,13.94,8.56
mini-truck,1,623.9,2755.0,0.55,7.73,87.94
heavy-truck,0,105.3,6855.0,0.69,5.5,21.22
delivery-van,3,447.6,378.0,0.47,13.36,38.42
heavy-truck,0,481.8,8941.0,0.89,5.39,100.38
tempo,2,735.0,1059.0,0.88,14.25,64.47
mini-truck,1,708.7,4327.0,0.87,8.58,106.55
tempo,2,724.5,602.0,0.5,13.44,65.48
tempo,2,609.5,973.0,0.81,14.07,52.98
delivery-van,3,205.4,590.0,0.74,11.97,21.06
mini-truck,1,741.7,4355.0,0.87,8.63,108.04
tempo,2,103.1,852.0,0.71,16.14,6.97
tempo,2,93.3,468.0,0.39,15.67,6.48
mini-truck,1,567.1,1422.0,0.28,7.09,87.32
mini-truck,1,445.0,1423.0,0.28,6.47,76.8
heavy-truck,0,538.9,9845.0,0.98,4.93,139.62
heavy-truck,0,622.0,3492.0,0.35,4.47,161.56
tempo,2,558.7,685.0,0.57,13.02,47.51
tempo,2,663.8,272.0,0.23,14.01,51.94
delivery-van,3,187.6,381.0,0.48,13.95,15.61
heavy-truck,0,514.6,5804.0,0.58,5.12,111.47
mini-truck,1,399.0,4585.0,0.92,7.09,67.62
heavy-truck,0,664.5,5391.0,0.54,4.57,158.07
mini-truck,1,585.6,3463.0,0.69,8.37,85.5
tempo,2,423.6,311.0,0.26,15.72,29.26
heavy-truck,0,714.3,2839.0,0.28,5.11,152.51
delivery-van,3,58.7,731.0,0.91,10.57,6.85
heavy-truck,0,166.7,8473.0,0.85,5.46,34.84
heavy-truck,0,610.7,5584.0,0.56,4.44,154.92
heavy-truck,0,563.8,7639.0,0.76,5.56,113.85
heavy-truck,0,701.3,5607.0,0.56,5.79,128.73
tempo,2,216.9,1159.0,0.97,16.49,16.06
delivery-van,3,438.2,761.0,0.95,12.15,40.11
mini-truck,1,394.8,1346.0,0.27,6.96,62.38
mini-truck,1,648.0,3686.0,0.74,8.57,85.25
mini-truck,1,659.3,2229.0,0.45,7.62,94.52
delivery-van,3,217.8,257.0,0.32,10.46,21.71
heavy-truck,0,256.1,9074.0,0.91,5.55,52.3
heavy-truck,0,547.5,8998.0,0.9,4.91,131.09
heavy-truck,0,276.6,6328.0,0.63,5.76,54.53
mini-truck,1,619.2,4730.0,0.95,7.3,97.14
heavy-truck,0,116.3,9969.0,1.0,5.56,25.74
mini-truck,1,559.1,1555.0,0.31,7.95,75.55
tempo,2,277.0,524.0,0.44,12.39,25.6
delivery-van,3,323.3,594.0,0.74,13.06,29.0
mini-truck,1,80.6,3952.0,0.79,7.9,12.0
tempo,2,636.9,356.0,0.3,12.66,54.88
heavy-truck,0,560.5,4748.0,0.47,4.93,127.64
mini-truck,1,74.7,3261.0,0.65,6.6,13.35
delivery-van,3,173.0,781.0,0.98,10.93,19.14
delivery-van,3,151.5,446.0,0.56,13.24,12.71
tempo,2,144.5,574.0,0.48,12.52,13.59
heavy-truck,0,523.3,6904.0,0.69,4.73,130.9
delivery-van,3,194.4,711.0,0.89,12.31,19.86
mini-truck,1,318.6,1913.0,0.38,7.23,51.03
tempo,2,200.2,1185.0,0.99,15.24,15.1
heavy-truck,0,398.5,5111.0,0.51,5.14,86.59
delivery-van,3,302.7,690.0,0.86,12.36,30.22
tempo,2,358.8,829.0,0.69,15.47,27.03
delivery-van,3,125.6,399.0,0.5,13.96,10.28
mini-truck,1,259.3,1399.0,0.28,6.73,41.03
heavy-truck,0,198.2,2174.0,0.22,4.78,41.87
mini-truck,1,243.0,2380.0,0.48,8.02,34.36
delivery-van,3,227.0,717.0,0.9,13.69,19.23
tempo,2,701.6,1172.0,0.98,12.29,67.44
heavy-truck,0,398.9,5895.0,0.59,5.35,81.29
mini-truck,1,106.1,3366.0,0.67,6.73,17.76
delivery-van,3,564.3,486.0,0.61,12.88,53.46
delivery-van,3,72.8,726.0,0.91,11.47,7.87
delivery-van,3,596.6,627.0,0.78,12.71,55.81
tempo,2,584.3,1158.0,0.96,13.62,51.65
tempo,2,362.0,349.0,0.29,12.11,30.8
tempo,2,583.3,1092.0,0.91,16.09,46.01
mini-truck,1,318.7,4548.0,0.91,8.66,45.9
tempo,2,535.4,1062.0,0.89,12.27,48.91
mini-truck,1,334.4,3610.0,0.72,8.78,44.62
tempo,2,723.2,814.0,0.68,14.04,59.21
heavy-truck,0,324.1,8676.0,0.87,5.73,63.9
delivery-van,3,154.8,214.0,0.27,12.12,14.82
mini-truck,1,68.9,3208.0,0.64,8.69,8.9
heavy-truck,0,78.0,9330.0,0.93,4.68,19.86
delivery-van,3,734.0,326.0,0.41,13.59,58.47
tempo,2,382.8,377.0,0.31,13.68,29.94
tempo,2,450.7,892.0,0.74,16.5,33.19
heavy-truck,0,198.1,5016.0,0.5,4.72,46.69
delivery-van,3,434.6,797.0,1.0,13.26,41.26
tempo,2,605.6,1142.0,0.95,13.36,56.29
heavy-truck,0,147.2,4306.0,0.43,4.91,31.73
mini-truck,1,584.5,4523.0,0.9,8.7,82.96
delivery-van,3,139.3,371.0,0.46,14.09,12.21
heavy-truck,0,503.8,4674.0,0.47,4.5,117.25
heavy-truck,0,729.3,7175.0,0.72,5.77,144.17
tempo,2,731.6,718.0,0.6,13.24,64.47
mini-truck,1,179.2,1848.0,0.37,6.8,28.71
tempo,2,744.1,743.0,0.62,12.77,68.84
heavy-truck,0,106.9,6397.0,0.64,4.68,27.04
tempo,2,197.8,1173.0,0.98,15.87,15.54
delivery-van,3,254.5,670.0,0.84,10.4,29.1
tempo,2,627.4,376.0,0.31,12.59,55.87
heavy-truck,0,273.9,9500.0,0.95,5.56,63.97
heavy-truck,0,57.1,5870.0,0.59,4.54,13.61
tempo,2,717.7,722.0,0.6,13.41,66.84
delivery-van,3,471.8,223.0,0.28,12.17,39.22
tempo,2,423.7,767.0,0.64,14.03,37.52
delivery-van,3,667.2,300.0,0.38,13.21,59.13
mini-truck,1,243.1,1468.0,0.29,7.46,32.93
heavy-truck,0,222.1,4267.0,0.43,4.5,54.84
tempo,2,436.4,428.0,0.36,12.73,37.92
tempo,2,482.9,848.0,0.71,14.03,42.36
tempo,2,576.1,625.0,0.52,12.46,47.91
mini-truck,1,52.1,3621.0,0.72,7.67,8.08
mini-truck,1,525.7,1482.0,0.3,6.84,75.46
delivery-van,3,193.3,185.0,0.23,11.52,18.57
tempo,2,175.9,711.0,0.59,14.27,15.16
tempo,2,535.6,615.0,0.51,15.5,36.08
delivery-van,3,326.8,364.0,0.46,13.25,27.56
mini-truck,1,623.7,1928.0,0.39,6.64,102.33
heavy-truck,0,466.9,5871.0,0.59,5.21,106.52
mini-truck,1,458.1,4345.0,0.87,6.5,85.9
tempo,2,322.9,1090.0,0.91,13.28,30.13
tempo,2,660.3,992.0,0.83,15.89,49.41
heavy-truck,0,336.2,4896.0,0.49,4.77,77.67
delivery-van,3,260.1,280.0,0.35,11.33,26.25
mini-truck,1,314.2,4678.0,0.94,6.52,64.45
heavy-truck,0,656.3,7987.0,0.8,4.44,179.97
mini-truck,1,150.2,2701.0,0.54,7.4,20.6
heavy-truck,0,405.6,5580.0,0.56,5.25,95.05
delivery-van,3,405.6,780.0,0.98,10.25,49.75
heavy-truck,0,230.2,7375.0,0.74,5.45,57.43
mini-truck,1,440.0,3296.0,0.66,7.69,69.57
heavy-truck,0,501.6,5532.0,0.55,5.15,112.3
heavy-truck,0,321.9,8408.0,0.84,5.11,75.11
tempo,2,347.9,496.0,0.41,16.24,23.76
heavy-truck,0,469.6,3844.0,0.38,5.0,100.05
mini-truck,1,249.3,4117.0,0.82,6.53,45.63
tempo,2,422.1,353.0,0.29,12.71,34.06
mini-truck,1,647.2,4035.0,0.81,7.96,98.06
mini-truck,1,256.5,1870.0,0.37,7.66,35.38
delivery-van,3,327.7,181.0,0.23,10.24,30.82
heavy-truck,0,725.0,3402.0,0.34,5.84,140.19
delivery-van,3,72.0,378.0,0.47,13.29,5.62
tempo,2,594.0,592.0,0.49,14.23,48.54
heavy-truck,0,312.9,4422.0,0.44,4.94,69.86
heavy-truck,0,114.0,6799.0,0.68,5.66,23.16
delivery-van,3,274.3,437.0,0.55,10.8,28.55
mini-truck,1,202.3,1353.0,0.27,7.88,25.8
tempo,2,111.4,398.0,0.33,13.12,9.34
heavy-truck,0,570.2,8684.0,0.87,5.84,112.97
delivery-van,3,248.1,707.0,0.88,11.47,25.68
tempo,2,380.6,548.0,0.46,13.75,32.65
tempo,2,583.5,879.0,0.73,14.51,47.16
tempo,2,528.3,512.0,0.43,13.84,43.42
heavy-truck,0,396.0,3711.0,0.37,4.94,96.64
tempo,2,608.7,439.0,0.37,15.63,42.73
delivery-van,3,596.9,429.0,0.54,12.59,55.11
mini-truck,1,738.8,2077.0,0.42,8.26,95.14
heavy-truck,0,415.3,9909.0,0.99,4.83,106.09
delivery-van,3,241.2,602.0,0.75,11.52,24.4
tempo,2,481.7,1179.0,0.98,14.37,40.76
delivery-van,3,550.4,604.0,0.75,11.15,57.09
mini-truck,1,66.3,1708.0,0.34,7.76,9.55
tempo,2,401.7,859.0,0.72,14.84,35.4
mini-truck,1,244.5,3960.0,0.79,6.87,43.83
mini-truck,1,290.8,4372.0,0.87,8.77,41.79
mini-truck,1,432.2,1712.0,0.34,8.07,61.83
heavy-truck,0,731.1,2384.0,0.24,5.78,129.43
heavy-truck,0,172.3,6241.0,0.62,4.57,45.64
delivery-van,3,356.2,215.0,0.27,11.33,32.61
delivery-van,3,667.9,345.0,0.43,12.92,58.8
tempo,2,88.5,614.0,0.51,12.26,8.51
delivery-van,3,346.8,305.0,0.38,13.13,28.81
tempo,2,459.2,538.0,0.45,12.89,37.99
heavy-truck,0,295.8,7162.0,0.72,5.66,64.52
tempo,2,543.9,1167.0,0.97,16.42,39.08
mini-truck,1,211.7,2648.0,0.53,6.93,34.01
tempo,2,508.8,307.0,0.26,13.35,41.9
heavy-truck,0,271.4,9675.0,0.97,5.56,56.59
tempo,2,674.0,539.0,0.45,15.46,47.73
delivery-van,3,542.2,321.0,0.4,11.51,54.41
delivery-van,3,390.2,305.0,0.38,11.49,36.64
mini-truck,1,155.0,1591.0,0.32,6.5,24.84
tempo,2,546.7,779.0,0.65,14.95,42.02
mini-truck,1,138.0,3624.0,0.72,8.01,20.95
heavy-truck,0,292.6,9307.0,0.93,4.36,81.3
mini-truck,1,363.7,3055.0,0.61,8.67,50.73
delivery-van,3,261.2,213.0,0.27,12.95,21.3
tempo,2,168.6,828.0,0.69,13.51,14.28
mini-truck,1,425.3,2596.0,0.52,8.32,55.86
heavy-truck,0,51.2,8711.0,0.87,4.26,14.32
heavy-truck,0,574.6,2981.0,0.3,5.6,109.16
delivery-van,3,276.7,758.0,0.95,12.51,27.64
delivery-van,3,690.4,210.0,0.26,11.89,64.07
mini-truck,1,703.4,4296.0,0.86,8.61,94.52
heavy-truck,0,428.9,8091.0,0.81,5.53,91.87
delivery-van,3,228.1,520.0,0.65,13.18,20.62
heavy-truck,0,716.3,5626.0,0.56,5.51,145.6
mini-truck,1,242.6,1551.0,0.31,7.19,35.83
heavy-truck,0,548.1,3315.0,0.33,5.3,117.01
mini-truck,1,728.8,3771.0,0.75,7.46,119.59
delivery-van,3,731.3,252.0,0.32,14.13,55.84
delivery-van,3,125.0,376.0,0.47,10.29,14.96
mini-truck,1,689.1,3935.0,0.79,8.74,89.87
mini-truck,1,569.1,3230.0,0.65,8.3,81.31
tempo,2,608.4,986.0,0.82,13.88,53.88
tempo,2,283.8,866.0,0.72,15.08,24.15
mini-truck,1,477.9,3278.0,0.66,6.68,82.49
tempo,2,61.0,1023.0,0.85,15.47,4.88
mini-truck,1,382.8,1197.0,0.24,8.6,50.32
delivery-van,3,680.2,533.0,0.67,14.0,56.1
tempo,2,292.7,310.0,0.26,11.98,26.77
tempo,2,378.9,484.0,0.4,15.56,28.67
heavy-truck,0,234.2,3875.0,0.39,5.31,50.07
heavy-truck,0,520.8,3631.0,0.36,4.9,117.14
delivery-van,3,442.6,572.0,0.71,12.1,39.26
heavy-truck,0,158.2,7819.0,0.78,4.64,42.4
mini-truck,1,258.0,2291.0,0.46,6.98,41.74
delivery-van,3,503.3,772.0,0.96,12.92,51.28
tempo,2,54.3,616.0,0.51,13.22,4.95
delivery-van,3,398.0,287.0,0.36,12.32,35.21
heavy-truck,0,401.9,8611.0,0.86,4.92,103.09
tempo,2,181.7,867.0,0.72,14.99,14.42
delivery-van,3,104.6,638.0,0.8,12.51,9.87
heavy-truck,0,97.4,7630.0,0.76,4.7,22.64
heavy-truck,0,531.0,2748.0,0.27,4.73,116.68
delivery-van,3,246.3,440.0,0.55,12.13,23.71
delivery-van,3,370.1,747.0,0.93,11.65,36.73
delivery-van,3,143.3,533.0,0.67,12.0,13.21
delivery-van,3,476.0,439.0,0.55,13.22,42.21
tempo,2,492.1,346.0,0.29,14.47,37.26
heavy-truck,0,417.6,8921.0,0.89,4.7,103.51
tempo,2,452.5,304.0,0.25,13.34,34.89
delivery-van,3,212.4,410.0,0.51,12.89,17.8
heavy-truck,0,240.1,7620.0,0.76,4.36,65.07
mini-truck,1,287.7,3394.0,0.68,8.78,40.97
heavy-truck,0,335.6,7520.0,0.75,5.4,67.36
heavy-truck,0,141.8,3110.0,0.31,5.47,29.59
heavy-truck,0,270.5,6329.0,0.63,5.76,53.7
mini-truck,1,197.8,3984.0,0.8,7.61,31.34
mini-truck,1,729.3,4791.0,0.96,8.19,117.08
tempo,2,389.0,250.0,0.21,12.68,30.38
delivery-van,3,116.9,590.0,0.74,10.84,12.42
heavy-truck,0,111.9,6012.0,0.6,4.6,27.31
heavy-truck,0,353.8,5436.0,0.54,5.0,81.53
delivery-van,3,586.5,590.0,0.74,11.65,60.64
tempo,2,571.0,820.0,0.68,13.21,47.34
mini-truck,1,245.2,3407.0,0.68,6.7,42.81
delivery-van,3,192.8,430.0,0.54,12.98,16.22
tempo,2,512.5,383.0,0.32,14.78,38.54
heavy-truck,0,368.2,8356.0,0.84,4.39,107.46
delivery-van,3,105.8,411.0,0.51,11.46,10.5
mini-truck,1,72.9,2211.0,0.44,8.73,9.15
delivery-van,3,249.3,383.0,0.48,10.81,26.1
mini-truck,1,243.0,4370.0,0.87,7.83,34.29
heavy-truck,0,361.9,7753.0,0.78,4.64,91.08
tempo,2,732.7,323.0,0.27,16.22,50.6
heavy-truck,0,328.6,8328.0,0.83,5.04,77.22
mini-truck,1,615.3,4505.0,0.9,7.03,116.08
mini-truck,1,280.7,4435.0,0.89,7.53,46.62
delivery-van,3,139.2,559.0,0.7,10.66,15.44
heavy-truck,0,315.9,4447.0,0.44,4.93,72.61
heavy-truck,0,512.4,9007.0,0.9,5.38,113.42
delivery-van,3,630.9,201.0,0.25,12.71,55.57
delivery-van,3,736.6,197.0,0.25,12.07,59.39
delivery-van,3,458.7,174.0,0.22,13.98,34.38
mini-truck,1,78.0,3040.0,0.61,7.02,12.52
tempo,2,244.4,866.0,0.72,15.82,18.48
heavy-truck,0,364.1,6156.0,0.62,5.7,71.79
heavy-truck,0,456.6,2496.0,0.25,5.67,81.26
delivery-van,3,560.3,641.0,0.8,13.31,53.6
tempo,2,114.3,750.0,0.63,14.94,9.1
mini-truck,1,536.8,4207.0,0.84,6.42,100.3
delivery-van,3,394.3,447.0,0.56,10.4,44.27
heavy-truck,0,659.8,4139.0,0.41,4.92,150.76
tempo,2,303.3,420.0,0.35,16.01,21.72
mini-truck,1,459.9,2310.0,0.46,6.53,74.41
mini-truck,1,485.5,1993.0,0.4,6.98,86.84
mini-truck,1,558.2,3520.0,0.7,6.97,93.2
tempo,2,249.6,1107.0,0.92,13.92,21.82
mini-truck,1,528.5,1610.0,0.32,7.05,79.96
heavy-truck,0,458.7,4825.0,0.48,4.78,112.19
delivery-van,3,576.7,242.0,0.3,10.39,61.68
tempo,2,600.0,610.0,0.51,13.46,48.93
delivery-van,3,571.8,764.0,0.96,11.2,61.98
heavy-truck,0,87.9,5441.0,0.54,5.6,18.76
heavy-truck,0,490.6,2607.0,0.26,5.43,97.16
mini-truck,1,674.7,4818.0,0.96,8.38,97.56
delivery-van,3,658.6,410.0,0.51,10.22,67.8
mini-truck,1,125.0,3975.0,0.79,6.5,22.65
tempo,2,507.7,1010.0,0.84,15.31,41.38
tempo,2,81.7,718.0,0.6,14.98,6.33
tempo,2,224.2,1016.0,0.85,15.18,17.5
delivery-van,3,466.7,621.0,0.78,13.13,42.44
mini-truck,1,607.4,1452.0,0.29,8.37,81.47
delivery-van,3,149.6,443.0,0.55,11.73,15.98
delivery-van,3,660.9,223.0,0.28,13.87,54.48
mini-truck,1,71.1,2492.0,0.5,8.53,9.47
mini-truck,1,640.7,1919.0,0.38,7.1,102.28
heavy-truck,0,645.0,9329.0,0.93,5.44,134.17
mini-truck,1,346.8,4066.0,0.81,8.29,48.26
tempo,2,342.9,750.0,0.62,14.01,27.19
mini-truck,1,436.4,2699.0,0.54,7.52,61.97
tempo,2,130.7,797.0,0.66,14.96,10.35
heavy-truck,0,265.3,4130.0,0.41,4.4,66.99
tempo,2,654.7,710.0,0.59,14.95,49.19
tempo,2,285.7,519.0,0.43,12.83,24.29
mini-truck,1,51.4,3253.0,0.65,8.47,7.17
heavy-truck,0,426.2,6591.0,0.66,4.42,102.69
heavy-truck,0,547.9,3768.0,0.38,5.67,102.57
delivery-van,3,680.6,752.0,0.94,13.95,59.71
tempo,2,594.9,386.0,0.32,15.16,43.68
mini-truck,1,630.0,2721.0,0.54,8.43,87.04
delivery-van,3,191.8,425.0,0.53,10.61,20.69
tempo,2,135.9,964.0,0.8,15.36,11.0
delivery-van,3,568.2,580.0,0.73,12.59,53.28
heavy-truck,0,693.1,3191.0,0.32,5.17,144.93
mini-truck,1,359.9,2983.0,0.6,6.63,66.9
tempo,2,495.1,1071.0,0.89,13.57,46.14
delivery-van,3,205.9,396.0,0.5,12.17,20.17
mini-truck,1,653.1,3037.0,0.61,7.97,92.0
mini-truck,1,749.7,1845.0,0.37,7.17,117.33
tempo,2,403.9,309.0,0.26,13.32,33.19
heavy-truck,0,493.6,2097.0,0.21,4.99,101.71
delivery-van,3,483.8,293.0,0.37,13.62,36.17
tempo,2,268.5,1067.0,0.89,12.79,24.66
heavy-truck,0,95.5,4298.0,0.43,4.59,24.84
mini-truck,1,668.9,4212.0,0.84,6.39,129.34
mini-truck,1,274.4,1203.0,0.24,7.45,38.17
heavy-truck,0,280.3,9667.0,0.97,4.27,74.17
tempo,2,275.4,1137.0,0.95,14.15,23.33
tempo,2,527.8,241.0,0.2,14.58,36.68
delivery-van,3,88.2,603.0,0.75,13.03,7.4
tempo,2,470.8,627.0,0.52,16.02,30.73
heavy-truck,0,111.8,3422.0,0.34,5.11,23.57
delivery-van,3,641.1,640.0,0.8,13.35,55.92
mini-truck,1,283.8,1433.0,0.29,6.68,45.52
tempo,2,697.9,288.0,0.24,13.31,55.4
tempo,2,307.6,352.0,0.29,14.57,23.16
heavy-truck,0,170.5,4092.0,0.41,5.81,33.22
delivery-van,3,250.9,455.0,0.57,11.61,25.36
tempo,2,247.1,1027.0,0.86,11.98,26.43
delivery-van,3,468.0,769.0,0.96,12.8,42.85
mini-truck,1,317.2,2911.0,0.58,7.59,45.11
heavy-truck,0,271.0,9159.0,0.92,4.3,78.56
heavy-truck,0,256.5,2836.0,0.28,5.64,50.19
mini-truck,1,732.6,4390.0,0.88,7.01,133.07
delivery-van,3,136.9,680.0,0.85,13.51,12.18
heavy-truck,0,467.9,6233.0,0.62,4.49,115.21
heavy-truck,0,339.8,6642.0,0.66,4.85,77.86
delivery-van,3,647.1,212.0,0.27,12.62,52.48
heavy-truck,0,717.1,2473.0,0.25,5.38,140.46
mini-truck,1,396.1,1022.0,0.2,8.57,48.05
mini-truck,1,440.9,4151.0,0.83,7.36,71.3
mini-truck,1,284.6,2153.0,0.43,8.6,38.2
delivery-van,3,357.0,495.0,0.62,10.46,37.96
delivery-van,3,187.0,185.0,0.23,11.6,16.23
mini-truck,1,503.3,2208.0,0.44,7.48,79.58
tempo,2,72.2,963.0,0.8,15.56,5.25
heavy-truck,0,133.9,6422.0,0.64,5.62,28.21
mini-truck,1,665.5,1496.0,0.3,8.81,77.38
heavy-truck,0,628.0,5502.0,0.55,4.46,152.87
heavy-truck,0,329.1,6735.0,0.67,5.45,71.26
heavy-truck,0,566.2,4443.0,0.44,5.33,111.64
mini-truck,1,263.5,2905.0,0.58,7.61,38.17
delivery-van,3,367.7,554.0,0.69,11.39,36.68
tempo,2,129.8,1034.0,0.86,15.8,10.26
mini-truck,1,524.4,1556.0,0.31,6.66,87.6
tempo,2,411.9,860.0,0.72,15.18,32.48
heavy-truck,0,611.8,9082.0,0.91,4.28,183.76
heavy-truck,0,720.8,4280.0,0.43,4.9,162.03
mini-truck,1,135.9,1033.0,0.21,8.84,15.81
delivery-van,3,313.1,607.0,0.76,10.3,34.62
tempo,2,430.3,629.0,0.52,14.7,32.76
mini-truck,1,436.2,4346.0,0.87,6.4,80.59
heavy-truck,0,279.2,6369.0,0.64,5.86,55.16
mini-truck,1,441.3,3368.0,0.67,8.46,60.32
delivery-van,3,533.8,697.0,0.87,13.97,46.63
tempo,2,502.2,723.0,0.6,15.92,36.12
tempo,2,444.8,563.0,0.47,13.51,38.29
tempo,2,380.7,1021.0,0.85,12.34,37.66
heavy-truck,0,528.7,9430.0,0.94,5.64,113.79
tempo,2,166.5,497.0,0.41,13.37,13.43
tempo,2,300.7,570.0,0.47,16.1,20.1
tempo,2,575.3,833.0,0.69,14.22,48.21
tempo,2,737.6,628.0,0.52,14.6,54.27
mini-truck,1,585.5,4710.0,0.94,6.76,109.15
heavy-truck,0,363.6,5814.0,0.58,5.56,78.39
delivery-van,3,411.6,481.0,0.6,12.64,38.79
tempo,2,680.3,720.0,0.6,15.64,49.44
tempo,2,479.7,524.0,0.44,14.45,37.66
tempo,2,333.4,969.0,0.81,13.58,28.88
delivery-van,3,747.6,353.0,0.44,11.05,76.96
delivery-van,3,174.6,412.0,0.51,12.05,17.08
mini-truck,1,106.4,4480.0,0.9,8.84,14.94
heavy-truck,0,733.6,3356.0,0.34,4.39,177.77
mini-truck,1,618.4,4475.0,0.89,8.52,83.52
mini-truck,1,168.8,2139.0,0.43,6.64,30.82
mini-truck,1,733.2,4477.0,0.9,8.09,113.3
delivery-van,3,258.0,548.0,0.69,11.79,26.59
tempo,2,65.8,436.0,0.36,14.12,5.2
mini-truck,1,540.8,2244.0,0.45,7.62,79.29
heavy-truck,0,244.0,7408.0,0.74,5.77,47.5
mini-truck,1,388.8,3224.0,0.64,7.24,63.04
mini-truck,1,265.6,1422.0,0.28,7.33,41.73
heavy-truck,0,268.9,3787.0,0.38,5.76,52.84
tempo,2,693.0,594.0,0.5,16.5,46.61
tempo,2,95.5,884.0,0.74,14.11,8.37
heavy-truck,0,84.4,4814.0,0.48,4.43,20.8
mini-truck,1,731.4,4753.0,0.95,7.7,117.36
delivery-van,3,737.8,340.0,0.43,14.14,57.56
delivery-van,3,293.5,758.0,0.95,10.49,36.11
heavy-truck,0,707.9,6449.0,0.64,5.52,153.22
heavy-truck,0,502.4,4226.0,0.42,5.29,101.35
delivery-van,3,718.1,379.0,0.47,10.97,75.68
tempo,2,500.5,675.0,0.56,14.25,41.62
heavy-truck,0,620.3,7749.0,0.77,5.68,120.21
mini-truck,1,628.3,2177.0,0.44,6.58,107.94
delivery-van,3,728.7,582.0,0.73,13.28,70.84
delivery-van,3,155.5,644.0,0.81,11.97,17.06
tempo,2,266.6,371.0,0.31,11.93,26.22
heavy-truck,0,734.6,4070.0,0.41,5.0,165.42
heavy-truck,0,663.7,8270.0,0.83,4.6,183.5
mini-truck,1,509.4,1574.0,0.31,7.21,78.98
tempo,2,677.5,981.0,0.82,12.75,60.25
heavy-truck,0,268.5,9578.0,0.96,5.26,68.79
delivery-van,3,193.9,190.0,0.24,11.75,17.78
heavy-truck,0,116.5,8098.0,0.81,4.39,31.11
tempo,2,288.8,763.0,0.64,12.19,27.87
tempo,2,319.4,544.0,0.45,15.73,23.04
tempo,2,632.9,780.0,0.65,12.82,58.97
tempo,2,315.7,958.0,0.8,14.04,26.18
mini-truck,1,742.8,1294.0,0.26,8.39,90.13
tempo,2,242.3,346.0,0.29,14.73,18.22
tempo,2,613.6,1164.0,0.97,13.26,55.07
mini-truck,1,664.5,2523.0,0.5,6.41,125.17
mini-truck,1,602.6,4445.0,0.89,6.88,104.95
heavy-truck,0,454.4,2760.0,0.28,4.3,115.9
heavy-truck,0,519.4,3748.0,0.37,5.73,99.51
delivery-van,3,720.8,496.0,0.62,13.94,58.41
heavy-truck,0,323.7,7881.0,0.79,5.88,63.12
heavy-truck,0,495.0,3568.0,0.36,5.61,102.83
heavy-truck,0,749.0,6259.0,0.63,5.59,158.29
delivery-van,3,303.4,728.0,0.91,14.12,25.51
mini-truck,1,253.6,3929.0,0.79,7.81,39.0
heavy-truck,0,314.6,9290.0,0.93,5.19,73.78
mini-truck,1,237.1,3990.0,0.8,6.67,42.27
tempo,2,504.8,274.0,0.23,14.27,36.86
tempo,2,666.9,647.0,0.54,13.35,60.12
delivery-van,3,315.4,442.0,0.55,13.39,25.8
mini-truck,1,721.6,2703.0,0.54,8.26,107.46
heavy-truck,0,533.2,6230.0,0.62,5.34,111.66
delivery-van,3,724.4,170.0,0.21,14.14,53.42
mini-truck,1,629.2,2475.0,0.49,7.31,90.7
heavy-truck,0,409.0,2699.0,0.27,5.17,89.44
heavy-truck,0,343.5,2271.0,0.23,5.14,73.64
delivery-van,3,564.9,414.0,0.52,11.57,49.85
delivery-van,3,126.6,200.0,0.25,12.33,10.93
delivery-van,3,614.0,312.0,0.39,10.74,64.38
heavy-truck,0,431.1,7330.0,0.73,5.33,92.68
mini-truck,1,341.0,4681.0,0.94,7.83,55.46
mini-truck,1,120.4,3468.0,0.69,8.0,17.51
tempo,2,114.6,756.0,0.63,14.62,9.3
mini-truck,1,66.1,4197.0,0.84,7.1,11.22
heavy-truck,0,683.1,5692.0,0.57,5.89,133.76
mini-truck,1,199.9,3224.0,0.64,8.77,26.05
mini-truck,1,374.5,3104.0,0.62,8.15,51.32
tempo,2,563.4,317.0,0.26,14.48,41.0
heavy-truck,0,533.4,3714.0,0.37,5.5,96.43
mini-truck,1,652.0,2461.0,0.49,8.03,94.8
tempo,2,744.4,930.0,0.78,13.93,64.7
tempo,2,411.9,317.0,0.26,14.79,30.14
heavy-truck,0,534.6,9024.0,0.9,5.13,124.58
mini-truck,1,99.2,1396.0,0.28,7.63,13.91
heavy-truck,0,596.2,7068.0,0.71,5.64,116.29
mini-truck,1,272.9,2444.0,0.49,6.57,45.26
heavy-truck,0,156.4,7126.0,0.71,4.61,39.62
mini-truck,1,233.5,2993.0,0.6,6.62,40.06
tempo,2,580.0,485.0,0.4,12.75,51.68
delivery-van,3,589.6,399.0,0.5,11.3,52.87
tempo,2,160.7,1070.0,0.89,16.38,11.62
mini-truck,1,323.3,1436.0,0.29,7.8,41.23
heavy-truck,0,435.3,7368.0,0.74,5.41,102.4
tempo,2,204.9,659.0,0.55,15.16,16.08
mini-truck,1,200.8,2010.0,0.4,8.1,25.7
mini-truck,1,220.8,2259.0,0.45,8.31,30.51
tempo,2,140.4,549.0,0.46,14.69,10.46
delivery-van,3,306.5,210.0,0.26,12.14,27.29
heavy-truck,0,373.0,2836.0,0.28,5.23,77.08
delivery-van,3,365.1,522.0,0.65,13.63,31.22
tempo,2,379.1,1181.0,0.98,15.7,29.08
heavy-truck,0,592.6,8917.0,0.89,4.93,138.55
delivery-van,3,300.0,344.0,0.43,11.6,29.23
mini-truck,1,457.2,4621.0,0.92,8.39,67.93
heavy-truck,0,557.2,9435.0,0.94,5.72,125.14
mini-truck,1,592.9,1224.0,0.24,8.32,75.22
heavy-truck,0,99.6,7837.0,0.78,5.08,23.08
heavy-truck,0,541.7,3180.0,0.32,4.77,127.62
heavy-truck,0,128.8,3465.0,0.35,5.58,25.29
tempo,2,374.8,863.0,0.72,14.03,29.85
tempo,2,243.6,669.0,0.56,11.96,23.6
delivery-van,3,715.9,233.0,0.29,10.44,71.73
heavy-truck,0,505.4,2845.0,0.28,4.59,116.61
heavy-truck,0,730.2,5536.0,0.55,5.8,133.83
mini-truck,1,671.2,2538.0,0.51,8.01,96.69
tempo,2,741.1,1197.0,1.0,12.55,74.25
delivery-van,3,320.4,295.0,0.37,11.5,32.41
delivery-van,3,155.0,433.0,0.54,12.57,13.39
delivery-van,3,590.0,481.0,0.6,12.52,56.91
tempo,2,192.7,864.0,0.72,16.04,13.74
tempo,2,132.7,447.0,0.37,15.4,9.42
heavy-truck,0,194.6,2403.0,0.24,4.45,47.92
mini-truck,1,709.8,3582.0,0.72,7.47,114.01
heavy-truck,0,491.2,4202.0,0.42,4.51,122.57
tempo,2,393.0,396.0,0.33,12.92,34.03
delivery-van,3,497.0,793.0,0.99,11.93,54.38
heavy-truck,0,421.4,6229.0,0.62,5.3,92.57
delivery-van,3,389.6,586.0,0.73,11.1,37.17
delivery-van,3,631.5,794.0,0.99,13.49,59.13
delivery-van,3,241.7,217.0,0.27,13.61,19.17
delivery-van,3,564.5,237.0,0.3,13.69,44.62
tempo,2,378.5,488.0,0.41,15.47,25.68
tempo,2,727.1,832.0,0.69,14.26,61.51
tempo,2,744.1,886.0,0.74,14.28,63.92
mini-truck,1,509.0,3813.0,0.76,8.64,67.52
tempo,2,194.5,535.0,0.45,11.93,19.84
delivery-van,3,456.4,319.0,0.4,12.11,42.66
mini-truck,1,495.4,4139.0,0.83,8.5,69.8
mini-truck,1,95.4,4444.0,0.89,7.29,16.42
delivery-van,3,177.3,181.0,0.23,12.42,15.88
mini-truck,1,233.8,2462.0,0.49,7.27,36.84
tempo,2,478.9,1056.0,0.88,12.99,45.19
delivery-van,3,456.6,653.0,0.82,13.18,42.42
delivery-van,3,658.0,666.0,0.83,11.48,65.76
mini-truck,1,439.7,2490.0,0.5,7.38,70.96
tempo,2,487.5,520.0,0.43,15.49,34.67
tempo,2,117.2,444.0,0.37,13.25,9.75
delivery-van,3,107.6,430.0,0.54,10.6,11.07
mini-truck,1,280.9,2434.0,0.49,8.13,39.38
heavy-truck,0,400.0,6836.0,0.68,5.22,96.26
tempo,2,420.9,784.0,0.65,12.34,40.28
tempo,2,534.3,781.0,0.65,13.37,47.31
heavy-truck,0,620.0,2970.0,0.3,5.49,124.55
tempo,2,738.5,307.0,0.26,15.96,47.02
delivery-van,3,552.6,759.0,0.95,12.52,58.02
delivery-van,3,492.3,456.0,0.57,12.37,48.0
delivery-van,3,360.2,776.0,0.97,11.37,42.3
delivery-van,3,70.1,165.0,0.21,14.04,5.0
heavy-truck,0,525.6,9240.0,0.92,5.43,122.2
tempo,2,598.9,660.0,0.55,12.96,51.61
delivery-van,3,471.8,438.0,0.55,13.4,41.8
delivery-van,3,217.1,788.0,0.98,12.88,21.17
delivery-van,3,340.8,484.0,0.6,12.96,30.41
delivery-van,3,745.8,708.0,0.88,12.99,72.4
heavy-truck,0,536.5,6366.0,0.64,5.02,121.0
mini-truck,1,267.6,1147.0,0.23,7.29,39.71
mini-truck,1,118.5,2575.0,0.51,7.35,19.4
heavy-truck,0,345.9,8300.0,0.83,5.05,78.27
delivery-van,3,641.9,240.0,0.3,11.2,57.16
heavy-truck,0,157.5,7523.0,0.75,5.86,30.95
mini-truck,1,93.6,1906.0,0.38,8.56,12.92
heavy-truck,0,361.2,6163.0,0.62,4.36,96.94
mini-truck,1,624.8,3722.0,0.74,7.52,95.85
mini-truck,1,487.8,2379.0,0.48,8.79,63.14
mini-truck,1,650.3,3868.0,0.77,7.21,105.8
mini-truck,1,623.4,4245.0,0.85,7.08,111.87
delivery-van,3,140.7,674.0,0.84,13.6,13.08
delivery-van,3,150.1,710.0,0.89,13.01,13.91
delivery-van,3,388.2,616.0,0.77,13.56,33.44
mini-truck,1,94.2,4352.0,0.87,8.52,13.9
heavy-truck,0,722.3,8562.0,0.86,5.11,161.7
delivery-van,3,450.6,632.0,0.79,13.36,40.98
delivery-van,3,656.1,237.0,0.3,13.51,55.1
heavy-truck,0,489.4,9746.0,0.97,5.1,125.4
delivery-van,3,346.1,325.0,0.41,10.36,38.41
delivery-van,3,719.3,388.0,0.48,10.85,70.79
mini-truck,1,334.8,4426.0,0.89,8.66,45.27
heavy-truck,0,331.0,4590.0,0.46,4.82,72.23
heavy-truck,0,636.1,3541.0,0.35,4.5,156.9
delivery-van,3,520.5,386.0,0.48,13.85,44.12
mini-truck,1,476.9,1237.0,0.25,7.32,68.63
heavy-truck,0,306.4,7914.0,0.79,4.78,76.42
heavy-truck,0,663.4,8145.0,0.81,4.86,155.97
heavy-truck,0,532.1,5009.0,0.5,4.83,128.48
tempo,2,326.5,645.0,0.54,14.25,24.25
heavy-truck,0,658.5,9457.0,0.95,5.29,147.7
mini-truck,1,329.4,4008.0,0.8,8.07,47.55
mini-truck,1,91.7,2932.0,0.59,7.48,14.39
delivery-van,3,147.8,363.0,0.45,13.83,12.5
tempo,2,244.6,310.0,0.26,14.39,17.78
tempo,2,383.6,1141.0,0.95,14.54,32.47
heavy-truck,0,539.9,5216.0,0.52,5.12,119.46
heavy-truck,0,637.0,9622.0,0.96,5.0,159.52
mini-truck,1,684.9,3557.0,0.71,8.1,91.94
heavy-truck,0,461.8,2585.0,0.26,4.46,122.46
heavy-truck,0,294.2,4622.0,0.46,4.27,74.25
mini-truck,1,95.2,3080.0,0.62,6.74,16.52
tempo,2,721.5,570.0,0.48,15.17,56.71
mini-truck,1,361.3,1787.0,0.36,6.81,60.24
tempo,2,152.4,967.0,0.81,13.36,13.87
tempo,2,629.3,692.0,0.58,13.66,51.15
heavy-truck,0,741.4,5123.0,0.51,5.02,177.13
heavy-truck,0,388.5,7079.0,0.71,5.49,81.74
delivery-van,3,545.6,312.0,0.39,13.27,45.78
delivery-van,3,116.7,599.0,0.75,12.68,11.83
delivery-van,3,123.7,584.0,0.73,11.67,14.0
mini-truck,1,559.6,3892.0,0.78,6.98,98.19
heavy-truck,0,643.6,9423.0,0.94,4.97,158.89
mini-truck,1,229.7,4529.0,0.91,8.8,31.82
delivery-van,3,600.4,366.0,0.46,12.39,51.95
tempo,2,203.9,405.0,0.34,14.4,15.9
tempo,2,315.0,547.0,0.46,12.67,26.47
heavy-truck,0,133.7,5841.0,0.58,5.73,27.22
tempo,2,273.2,1068.0,0.89,13.75,23.61
tempo,2,284.4,779.0,0.65,12.81,26.51
tempo,2,253.5,496.0,0.41,14.16,20.45
delivery-van,3,685.4,707.0,0.88,12.67,64.99
delivery-van,3,450.3,265.0,0.33,10.87,45.36
heavy-truck,0,606.7,9760.0,0.98,5.23,142.74
mini-truck,1,532.0,4716.0,0.94,6.69,100.74
tempo,2,368.4,756.0,0.63,15.09,28.05
heavy-truck,0,225.4,9275.0,0.93,5.21,54.98
delivery-van,3,584.2,304.0,0.38,11.64,52.64
mini-truck,1,110.5,4746.0,0.95,6.44,20.96
tempo,2,373.8,468.0,0.39,14.53,28.22
tempo,2,731.4,873.0,0.73,13.11,65.71
heavy-truck,0,462.7,2819.0,0.28,5.41,95.13
tempo,2,391.6,569.0,0.47,14.59,26.3
heavy-truck,0,644.5,7110.0,0.71,5.46,142.62
tempo,2,421.2,815.0,0.68,15.42,32.32
heavy-truck,0,550.8,6121.0,0.61,5.12,124.73
mini-truck,1,598.4,4785.0,0.96,8.58,88.48
heavy-truck,0,320.9,4567.0,0.46,5.32,64.56
mini-truck,1,283.6,4268.0,0.85,8.81,37.39
tempo,2,157.3,393.0,0.33,14.04,11.62
delivery-van,3,237.0,657.0,0.82,12.97,21.37
heavy-truck,0,182.6,3393.0,0.34,4.91,41.57
delivery-van,3,375.2,725.0,0.91,13.23,36.52
heavy-truck,0,505.6,2480.0,0.25,5.5,93.56
heavy-truck,0,127.2,4262.0,0.43,5.34,26.14
tempo,2,523.4,352.0,0.29,14.43,39.89
heavy-truck,0,266.4,7798.0,0.78,4.82,64.03
tempo,2,433.0,591.0,0.49,16.38,29.86
mini-truck,1,225.9,1874.0,0.37,8.83,26.71
delivery-van,3,270.3,460.0,0.58,12.31,25.33
delivery-van,3,272.6,192.0,0.24,11.27,24.98
delivery-van,3,121.9,748.0,0.94,10.79,13.75
delivery-van,3,251.4,623.0,0.78,12.21,23.46
delivery-van,3,593.5,257.0,0.32,13.4,51.78
heavy-truck,0,654.4,9418.0,0.94,4.77,170.79
mini-truck,1,526.6,2813.0,0.56,8.51,67.93
tempo,2,333.5,361.0,0.3,13.23,26.79
heavy-truck,0,281.0,3162.0,0.32,5.12,58.14
delivery-van,3,731.7,474.0,0.59,12.75,68.46
mini-truck,1,347.7,4952.0,0.99,7.75,54.99
tempo,2,248.6,640.0,0.53,15.87,18.59
tempo,2,457.5,739.0,0.62,12.05,38.97
delivery-van,3,250.1,259.0,0.32,13.39,19.9
mini-truck,1,334.4,4101.0,0.82,8.47,43.3
tempo,2,178.7,577.0,0.48,13.08,15.9
tempo,2,537.8,743.0,0.62,12.61,48.54
heavy-truck,0,686.0,8398.0,0.84,4.54,181.77
heavy-truck,0,516.3,2658.0,0.27,4.93,117.19
mini-truck,1,465.4,4999.0,1.0,6.68,82.8
tempo,2,710.0,792.0,0.66,14.31,56.34
mini-truck,1,438.9,3598.0,0.72,8.72,64.24
tempo,2,703.2,272.0,0.23,14.14,53.06
heavy-truck,0,70.9,8153.0,0.82,4.55,18.94
heavy-truck,0,585.3,7295.0,0.73,5.82,117.41
tempo,2,236.0,648.0,0.54,15.06,19.09
heavy-truck,0,247.3,4289.0,0.43,4.61,60.0
mini-truck,1,566.1,2987.0,0.6,8.39,73.92
heavy-truck,0,705.3,9381.0,0.94,4.41,205.34
mini-truck,1,419.5,1726.0,0.35,6.82,67.99
mini-truck,1,398.9,4804.0,0.96,7.52,66.89
heavy-truck,0,536.8,5690.0,0.57,5.72,111.9
tempo,2,152.2,269.0,0.22,16.09,8.8
heavy-truck,0,539.5,2410.0,0.24,5.39,101.29
delivery-van,3,216.7,514.0,0.64,12.26,20.75
tempo,2,672.1,940.0,0.78,15.39,49.56
mini-truck,1,102.1,2936.0,0.59,7.01,16.73
heavy-truck,0,599.4,8315.0,0.83,4.42,173.47
delivery-van,3,577.0,407.0,0.51,14.12,44.25
mini-truck,1,129.0,1456.0,0.29,7.89,17.19
tempo,2,495.6,359.0,0.3,13.56,39.06
heavy-truck,0,78.4,9021.0,0.9,4.79,20.0
tempo,2,605.4,724.0,0.6,12.17,58.95
delivery-van,3,668.6,164.0,0.21,10.43,71.71
mini-truck,1,252.9,1700.0,0.34,8.49,32.37
delivery-van,3,736.9,555.0,0.69,13.87,66.28
heavy-truck,0,255.4,3166.0,0.32,5.51,49.67
tempo,2,683.9,463.0,0.39,14.6,52.17
delivery-van,3,655.4,262.0,0.33,10.63,60.52
mini-truck,1,608.7,2415.0,0.48,6.49,111.24
tempo,2,360.9,260.0,0.22,13.83,27.99
delivery-van,3,673.4,509.0,0.64,12.37,63.32
delivery-van,3,561.5,223.0,0.28,13.36,45.44
mini-truck,1,128.3,4541.0,0.91,8.44,17.03
mini-truck,1,548.0,3515.0,0.7,8.25,80.94
mini-truck,1,168.1,1473.0,0.29,8.32,23.22
mini-truck,1,361.0,1858.0,0.37,7.36,53.92
delivery-van,3,236.5,179.0,0.22,12.27,21.32
delivery-van,3,392.4,318.0,0.4,10.49,39.47
mini-truck,1,689.3,1749.0,0.35,7.41,109.44
delivery-van,3,95.7,677.0,0.85,12.98,9.34
mini-truck,1,312.9,3538.0,0.71,7.3,51.68
delivery-van,3,693.5,501.0,0.63,12.85,62.59
mini-truck,1,295.0,2130.0,0.43,8.43,37.19
delivery-van,3,278.7,204.0,0.26,10.88,26.64
delivery-van,3,729.7,341.0,0.43,11.12,73.88
mini-truck,1,484.4,3889.0,0.78,8.68,65.27
heavy-truck,0,432.2,7034.0,0.7,5.34,94.08
delivery-van,3,742.0,423.0,0.53,11.26,76.15
heavy-truck,0,481.1,7250.0,0.73,4.78,110.34
heavy-truck,0,285.7,8058.0,0.81,5.85,57.34
delivery-van,3,392.3,554.0,0.69,12.4,35.85
mini-truck,1,536.0,1712.0,0.34,8.04,67.61
mini-truck,1,288.4,1146.0,0.23,7.69,39.48
heavy-truck,0,696.9,8351.0,0.84,5.23,156.79
heavy-truck,0,545.0,7482.0,0.75,5.49,118.39
tempo,2,399.5,247.0,0.21,16.03,27.24
delivery-van,3,481.9,575.0,0.72,10.84,50.46
tempo,2,624.8,1124.0,0.94,13.46,57.15
tempo,2,207.4,1075.0,0.9,16.38,15.61
mini-truck,1,331.8,4955.0,0.99,7.57,55.04
mini-truck,1,462.9,3709.0,0.74,7.09,80.54
delivery-van,3,641.7,740.0,0.92,13.74,54.79
mini-truck,1,163.9,1863.0,0.37,8.85,21.94
heavy-truck,0,422.2,2969.0,0.3,5.62,77.59
mini-truck,1,512.8,2448.0,0.49,7.89,74.35
tempo,2,359.5,846.0,0.7,12.52,33.36
tempo,2,656.0,1149.0,0.96,14.84,57.07
delivery-van,3,444.7,433.0,0.54,10.97,43.78
heavy-truck,0,224.3,9837.0,0.98,4.74,55.0
heavy-truck,0,103.5,6084.0,0.61,4.76,23.61
tempo,2,221.4,547.0,0.46,12.34,20.44
mini-truck,1,426.8,1168.0,0.23,8.66,49.86
mini-truck,1,218.6,2768.0,0.55,8.8,27.59
mini-truck,1,314.6,4193.0,0.84,7.8,47.87
tempo,2,282.9,1100.0,0.92,13.55,25.48
tempo,2,259.2,656.0,0.55,12.88,22.92
mini-truck,1,625.0,1770.0,0.35,7.79,91.45
heavy-truck,0,298.0,4468.0,0.45,5.3,55.26
delivery-van,3,103.7,433.0,0.54,10.24,11.44
delivery-van,3,593.5,743.0,0.93,10.44,70.38
mini-truck,1,512.0,4037.0,0.81,6.76,85.13
mini-truck,1,250.2,3229.0,0.65,6.92,39.87
heavy-truck,0,506.5,7156.0,0.72,5.09,128.1
delivery-van,3,478.1,358.0,0.45,11.35,45.35
tempo,2,718.4,247.0,0.21,12.71,63.45
heavy-truck,0,234.1,6007.0,0.6,4.4,61.36
tempo,2,204.7,488.0,0.41,15.94,14.07
tempo,2,338.1,1033.0,0.86,16.35,25.8
tempo,2,695.3,768.0,0.64,11.93,68.46
tempo,2,351.9,567.0,0.47,15.4,26.85
delivery-van,3,585.1,447.0,0.56,12.63,51.15
delivery-van,3,465.6,779.0,0.97,11.66,53.26
tempo,2,411.0,380.0,0.32,13.69,28.05
mini-truck,1,419.5,4202.0,0.84,8.13,59.56
delivery-van,3,472.3,748.0,0.94,13.02,44.28
mini-truck,1,512.5,1849.0,0.37,6.52,82.28
delivery-van,3,146.5,183.0,0.23,11.84,13.45
heavy-truck,0,510.0,2272.0,0.23,5.31,105.05
tempo,2,146.2,308.0,0.26,15.6,9.65
delivery-van,3,59.2,278.0,0.35,11.07,5.84
delivery-van,3,280.0,453.0,0.57,13.93,23.49
heavy-truck,0,57.4,4096.0,0.41,4.72,13.78
tempo,2,75.1,305.0,0.25,15.07,5.31
tempo,2,183.4,839.0,0.7,16.17,13.75
tempo,2,445.5,687.0,0.57,12.34,40.19
heavy-truck,0,52.0,6314.0,0.63,5.62,11.73
heavy-truck,0,394.9,8922.0,0.89,5.8,81.83
delivery-van,3,131.4,521.0,0.65,11.03,13.73
heavy-truck,0,691.5,7117.0,0.71,4.83,171.84
heavy-truck,0,391.4,3896.0,0.39,5.43,79.47
heavy-truck,0,609.0,5557.0,0.56,4.59,156.2
heavy-truck,0,64.6,5296.0,0.53,4.54,16.57
heavy-truck,0,173.3,8582.0,0.86,4.97,42.64
heavy-truck,0,210.4,6595.0,0.66,5.7,42.07
delivery-van,3,192.9,616.0,0.77,13.53,17.62
mini-truck,1,713.6,1826.0,0.37,6.68,116.16
tempo,2,243.2,375.0,0.31,15.04,17.55
tempo,2,714.7,424.0,0.35,15.05,48.38
tempo,2,278.0,617.0,0.51,13.07,24.31
heavy-truck,0,341.0,9334.0,0.93,5.11,83.57
heavy-truck,0,549.9,5238.0,0.52,4.25,141.6
mini-truck,1,131.5,3520.0,0.7,7.6,21.24
tempo,2,388.4,690.0,0.58,15.37,28.38
mini-truck,1,265.1,4774.0,0.95,8.77,36.85
delivery-van,3,196.6,421.0,0.53,12.69,17.89
delivery-van,3,396.7,249.0,0.31,13.86,29.63
heavy-truck,0,168.3,9078.0,0.91,5.38,39.22
tempo,2,114.6,298.0,0.25,15.71,6.81
mini-truck,1,358.0,2208.0,0.44,7.03,61.55
heavy-truck,0,701.2,2362.0,0.24,4.53,173.66
heavy-truck,0,79.0,3600.0,0.36,5.22,17.16
tempo,2,588.5,664.0,0.55,12.63,50.56
delivery-van,3,546.5,442.0,0.55,10.33,59.66
mini-truck,1,495.7,4529.0,0.91,8.44,65.9
heavy-truck,0,99.3,4325.0,0.43,5.53,19.87
mini-truck,1,392.9,2736.0,0.55,8.55,46.08
mini-truck,1,512.4,2453.0,0.49,8.28,70.46
heavy-truck,0,294.0,2713.0,0.27,4.55,61.28
mini-truck,1,409.2,4308.0,0.86,8.23,62.81
mini-truck,1,131.2,2533.0,0.51,6.95,22.36
mini-truck,1,334.0,3147.0,0.63,8.58,46.12
tempo,2,65.2,1173.0,0.98,15.21,5.13
mini-truck,1,603.8,2361.0,0.47,8.36,77.21
mini-truck,1,328.3,1363.0,0.27,8.61,41.49
delivery-van,3,412.3,709.0,0.89,12.85,39.87
mini-truck,1,169.6,4419.0,0.88,7.17,28.96
delivery-van,3,330.8,743.0,0.93,10.54,39.56
heavy-truck,0,339.4,8579.0,0.86,5.34,74.34
delivery-van,3,134.3,578.0,0.72,10.26,15.86
heavy-truck,0,602.9,7650.0,0.76,4.67,150.11
heavy-truck,0,436.4,5226.0,0.52,4.95,104.46
heavy-truck,0,493.6,2421.0,0.24,5.26,98.35
delivery-van,3,356.3,232.0,0.29,13.7,30.65
tempo,2,108.0,278.0,0.23,16.06,7.39
mini-truck,1,138.0,1553.0,0.31,6.95,23.0
heavy-truck,0,676.7,6791.0,0.68,4.41,167.78
tempo,2,304.9,1159.0,0.97,12.53,30.54
heavy-truck,0,161.6,2722.0,0.27,4.4,37.16
delivery-van,3,749.5,642.0,0.8,12.26,71.69
mini-truck,1,289.0,3255.0,0.65,7.36,43.44
mini-truck,1,363.7,2681.0,0.54,6.66,64.34
delivery-van,3,254.0,195.0,0.24,12.4,22.3
heavy-truck,0,357.3,8327.0,0.83,4.62,101.47
tempo,2,334.3,454.0,0.38,13.13,27.88
delivery-van,3,519.7,299.0,0.37,12.42,44.4
mini-truck,1,214.1,3190.0,0.64,6.85,36.39
delivery-van,3,688.0,702.0,0.88,14.12,60.0
tempo,2,74.0,622.0,0.52,12.67,6.15
heavy-truck,0,343.6,3880.0,0.39,4.72,83.25
mini-truck,1,329.0,1038.0,0.21,8.09,41.86
mini-truck,1,463.6,3636.0,0.73,7.92,70.36
tempo,2,50.0,638.0,0.53,14.8,3.77
tempo,2,72.6,723.0,0.6,14.35,5.66
tempo,2,718.6,447.0,0.37,13.15,60.34
mini-truck,1,454.3,2917.0,0.58,8.82,61.39
tempo,2,536.9,1053.0,0.88,13.64,48.53
mini-truck,1,541.9,4969.0,0.99,8.0,90.25
heavy-truck,0,722.1,7766.0,0.78,4.39,214.28
heavy-truck,0,622.3,6637.0,0.66,4.92,148.61
tempo,2,662.2,885.0,0.74,14.25,52.4
heavy-truck,0,116.9,6685.0,0.67,5.7,24.18
mini-truck,1,128.4,1901.0,0.38,7.95,18.93
delivery-van,3,575.5,370.0,0.46,10.87,57.08
heavy-truck,0,540.5,9337.0,0.93,4.93,131.6
tempo,2,695.2,712.0,0.59,15.04,54.93
tempo,2,177.2,878.0,0.73,14.64,13.89
heavy-truck,0,109.7,7887.0,0.79,4.73,28.67
heavy-truck,0,342.5,8598.0,0.86,4.61,90.81
delivery-van,3,625.1,604.0,0.75,12.15,61.7
delivery-van,3,343.7,592.0,0.74,13.3,29.79
delivery-van,3,735.5,741.0,0.93,13.82,63.72
mini-truck,1,237.0,1698.0,0.34,7.13,37.7
heavy-truck,0,93.4,8934.0,0.89,5.46,22.18
mini-truck,1,302.4,4805.0,0.96,7.59,51.05
heavy-truck,0,621.5,6540.0,0.65,5.39,132.19
heavy-truck,0,701.3,8976.0,0.9,5.72,149.92
heavy-truck,0,355.7,7515.0,0.75,5.08,84.85
tempo,2,609.3,999.0,0.83,12.39,58.86
heavy-truck,0,61.8,6647.0,0.66,4.55,17.0
mini-truck,1,466.5,1603.0,0.32,8.2,55.79
delivery-van,3,405.9,578.0,0.72,13.74,33.57
mini-truck,1,152.6,2979.0,0.6,6.74,25.38
heavy-truck,0,375.0,2081.0,0.21,5.2,75.96
tempo,2,105.6,718.0,0.6,14.4,8.77
tempo,2,461.3,708.0,0.59,12.73,43.79
mini-truck,1,362.3,2371.0,0.47,7.14,58.77
tempo,2,548.2,714.0,0.59,13.44,48.56
delivery-van,3,438.2,339.0,0.42,13.76,36.44
mini-truck,1,494.2,3749.0,0.75,8.59,65.13
heavy-truck,0,524.8,7910.0,0.79,5.29,118.61
heavy-truck,0,53.5,7009.0,0.7,4.73,14.48
mini-truck,1,152.2,3413.0,0.68,7.29,22.96
heavy-truck,0,718.6,9595.0,0.96,5.44,180.52
mini-truck,1,360.9,4206.0,0.84,6.98,66.02
tempo,2,556.3,1030.0,0.86,13.52,47.32
mini-truck,1,252.7,4581.0,0.92,7.1,46.93
delivery-van,3,249.6,247.0,0.31,14.01,18.92
heavy-truck,0,470.4,4698.0,0.47,5.71,87.95
mini-truck,1,428.1,4235.0,0.85,7.54,75.28
mini-truck,1,77.5,3169.0,0.63,7.85,11.56
mini-truck,1,206.0,1493.0,0.3,6.93,30.78
heavy-truck,0,203.0,7186.0,0.72,5.66,39.49
delivery-van,3,461.0,531.0,0.66,11.0,46.25
delivery-van,3,472.4,447.0,0.56,11.31,46.39
heavy-truck,0,736.6,7896.0,0.79,5.05,181.65
delivery-van,3,351.8,566.0,0.71,13.35,28.52
mini-truck,1,391.4,4665.0,0.93,7.61,70.83
mini-truck,1,166.6,4651.0,0.93,8.41,24.91
heavy-truck,0,654.5,8778.0,0.88,4.79,184.29
mini-truck,1,680.0,4607.0,0.92,7.87,106.2
tempo,2,580.8,650.0,0.54,12.98,49.17
delivery-van,3,555.6,504.0,0.63,12.57,51.5
mini-truck,1,482.0,4484.0,0.9,6.57,88.44
delivery-van,3,685.2,714.0,0.89,12.06,70.31
mini-truck,1,636.8,2566.0,0.51,8.11,90.73
tempo,2,339.3,1043.0,0.87,16.08,25.51
tempo,2,325.2,363.0,0.3,12.63,25.77
heavy-truck,0,441.4,3257.0,0.33,4.34,104.58
heavy-truck,0,696.5,6963.0,0.7,5.83,133.94
heavy-truck,0,545.2,4192.0,0.42,4.84,130.63
delivery-van,3,115.3,771.0,0.96,14.09,9.83
heavy-truck,0,689.9,7108.0,0.71,5.35,137.21
heavy-truck,0,115.1,4923.0,0.49,4.44,28.76
mini-truck,1,655.3,1254.0,0.25,7.8,83.73
heavy-truck,0,328.3,4265.0,0.43,4.49,78.56
delivery-van,3,150.4,359.0,0.45,13.27,12.42
mini-truck,1,618.9,1906.0,0.38,7.58,82.82
heavy-truck,0,431.5,7038.0,0.7,5.13,99.12
heavy-truck,0,56.9,8780.0,0.88,5.59,12.43
delivery-van,3,458.2,797.0,1.0,11.25,48.55
mini-truck,1,540.5,2625.0,0.53,7.19,84.04
tempo,2,272.2,566.0,0.47,13.3,21.87
heavy-truck,0,354.0,7543.0,0.75,4.58,86.52
mini-truck,1,71.2,1904.0,0.38,7.27,10.29
heavy-truck,0,284.5,3814.0,0.38,5.38,58.16
mini-truck,1,471.4,2293.0,0.46,7.25,69.46
heavy-truck,0,286.7,9989.0,1.0,4.38,81.65
delivery-van,3,220.8,793.0,0.99,10.52,26.88
delivery-van,3,207.4,659.0,0.82,10.92,23.95
delivery-van,3,281.7,178.0,0.22,12.65,24.99
mini-truck,1,642.0,4495.0,0.9,8.35,91.1
delivery-van,3,382.4,577.0,0.72,10.58,43.16
mini-truck,1,166.5,3110.0,0.62,8.24,23.89
mini-truck,1,469.4,4043.0,0.81,8.7,68.09
delivery-van,3,130.5,313.0,0.39,12.19,11.35
mini-truck,1,330.2,3498.0,0.7,8.7,46.37
delivery-van,3,628.5,644.0,0.81,13.38,59.5
tempo,2,489.6,733.0,0.61,16.4,35.62
mini-truck,1,189.6,4005.0,0.8,7.38,33.01
mini-truck,1,590.0,1629.0,0.33,7.65,84.42
mini-truck,1,542.3,1027.0,0.21,6.95,87.66
delivery-van,3,532.3,189.0,0.24,12.53,42.67
tempo,2,170.8,386.0,0.32,13.19,14.38
heavy-truck,0,362.6,2206.0,0.22,4.55,87.77
delivery-van,3,351.5,694.0,0.87,10.67,38.4
tempo,2,373.1,927.0,0.77,14.37,30.19
heavy-truck,0,400.1,6781.0,0.68,5.9,80.62
delivery-van,3,203.7,424.0,0.53,14.15,16.14
tempo,2,661.2,287.0,0.24,13.67,49.63
tempo,2,702.1,400.0,0.33,14.9,53.23
heavy-truck,0,550.6,6834.0,0.68,5.7,115.19
tempo,2,612.1,900.0,0.75,16.23,43.75
mini-truck,1,690.9,1320.0,0.26,7.09,101.76
mini-truck,1,742.4,4039.0,0.81,8.31,103.22
mini-truck,1,699.4,4050.0,0.81,8.47,91.83
mini-truck,1,242.1,3559.0,0.71,6.57,39.68
tempo,2,332.7,315.0,0.26,14.35,26.14
delivery-van,3,374.9,775.0,0.97,11.7,39.43
heavy-truck,0,691.1,8832.0,0.88,4.42,207.37
heavy-truck,0,376.9,6439.0,0.64,5.73,72.79
mini-truck,1,562.4,2869.0,0.57,7.31,90.95
delivery-van,3,106.3,511.0,0.64,13.82,8.98
delivery-van,3,422.5,779.0,0.97,10.24,51.47
heavy-truck,0,331.0,5583.0,0.56,4.44,81.68
delivery-van,3,384.0,594.0,0.74,10.8,41.27
mini-truck,1,615.2,4598.0,0.92,6.49,115.33
heavy-truck,0,118.4,7974.0,0.8,5.0,27.56
tempo,2,719.1,373.0,0.31,12.88,62.54
delivery-van,3,464.0,190.0,0.24,11.59,41.85
heavy-truck,0,198.3,3160.0,0.32,5.88,34.77
delivery-van,3,361.1,410.0,0.51,12.67,31.53
delivery-van,3,140.0,583.0,0.73,13.2,12.07
heavy-truck,0,385.9,6593.0,0.66,4.56,100.66
mini-truck,1,269.3,1685.0,0.34,8.83,32.82
tempo,2,486.6,287.0,0.24,13.43,34.8
delivery-van,3,538.2,224.0,0.28,11.77,50.84
mini-truck,1,50.9,1949.0,0.39,7.0,7.62
heavy-truck,0,58.0,3778.0,0.38,5.17,14.12
heavy-truck,0,109.1,8518.0,0.85,5.7,21.7
tempo,2,223.0,1171.0,0.98,13.88,20.35
tempo,2,470.8,440.0,0.37,11.95,45.03
delivery-van,3,141.9,165.0,0.21,13.36,11.55
delivery-van,3,291.4,473.0,0.59,12.23,26.61
delivery-van,3,150.1,376.0,0.47,10.52,16.16
mini-truck,1,72.9,1381.0,0.28,7.34,10.85
heavy-truck,0,92.0,8701.0,0.87,4.75,22.91
delivery-van,3,696.3,464.0,0.58,11.11,70.47
tempo,2,717.3,251.0,0.21,13.27,59.24
heavy-truck,0,349.2,7717.0,0.77,5.62,74.91
delivery-van,3,228.7,304.0,0.38,13.86,17.89
mini-truck,1,192.7,3698.0,0.74,6.54,34.79
tempo,2,554.8,823.0,0.69,12.9,46.68
heavy-truck,0,559.5,5615.0,0.56,4.97,124.38
tempo,2,231.9,311.0,0.26,14.6,16.74
tempo,2,86.8,489.0,0.41,12.85,7.36
mini-truck,1,572.0,4982.0,1.0,7.11,99.76
delivery-van,3,227.7,357.0,0.45,10.78,26.09
tempo,2,547.0,769.0,0.64,15.38,39.58
delivery-van,3,399.3,688.0,0.86,11.38,40.97
tempo,2,658.7,933.0,0.78,13.52,61.14
mini-truck,1,622.0,4934.0,0.99,7.14,109.66
delivery-van,3,164.1,757.0,0.95,11.93,16.01
heavy-truck,0,234.8,5607.0,0.56,4.27,60.36
delivery-van,3,434.0,312.0,0.39,12.74,37.6
mini-truck,1,210.3,4565.0,0.91,7.45,33.22
mini-truck,1,355.0,1334.0,0.27,8.11,48.84
mini-truck,1,200.0,1388.0,0.28,8.63,26.31
tempo,2,237.0,906.0,0.76,12.14,22.8
delivery-van,3,62.6,700.0,0.88,10.42,7.05
heavy-truck,0,340.7,5933.0,0.59,4.6,80.1
delivery-van,3,695.5,564.0,0.71,14.15,59.05
heavy-truck,0,570.3,7935.0,0.79,5.83,115.42
heavy-truck,0,274.9,9090.0,0.91,5.71,59.15
mini-truck,1,727.1,2505.0,0.5,8.58,94.15
heavy-truck,0,451.5,6410.0,0.64,5.28,97.81
mini-truck,1,274.9,2202.0,0.44,7.25,41.92
mini-truck,1,628.5,1564.0,0.31,7.08,96.8
delivery-van,3,677.7,633.0,0.79,11.2,77.37
heavy-truck,0,272.0,3345.0,0.33,4.58,64.58
delivery-van,3,573.3,177.0,0.22,11.25,54.68
mini-truck,1,249.6,4058.0,0.81,7.15,41.16
heavy-truck,0,162.9,3863.0,0.39,4.9,36.15
mini-truck,1,258.9,2815.0,0.56,8.32,40.01
delivery-van,3,189.8,587.0,0.73,10.44,21.09
heavy-truck,0,85.8,6373.0,0.64,4.78,19.74
delivery-van,3,176.8,331.0,0.41,11.3,17.13
mini-truck,1,493.3,4450.0,0.89,7.5,81.62
heavy-truck,0,399.2,4180.0,0.42,5.12,83.85
mini-truck,1,745.4,4973.0,0.99,8.28,118.3
tempo,2,275.7,809.0,0.67,15.85,20.27
delivery-van,3,715.6,703.0,0.88,12.18,71.65
heavy-truck,0,668.6,6640.0,0.66,5.12,148.84
mini-truck,1,552.9,4008.0,0.8,6.74,94.6
delivery-van,3,139.5,419.0,0.52,11.4,12.83
tempo,2,51.4,455.0,0.38,14.92,3.98
delivery-van,3,225.3,431.0,0.54,12.15,19.45
heavy-truck,0,420.6,2910.0,0.29,4.46,102.42
mini-truck,1,302.9,4035.0,0.81,7.36,48.97
mini-truck,1,110.1,1344.0,0.27,7.04,16.23
heavy-truck,0,227.3,8068.0,0.81,4.57,66.31
tempo,2,331.6,391.0,0.33,15.69,22.72
tempo,2,218.9,391.0,0.33,14.3,16.67
delivery-van,3,179.4,684.0,0.85,11.7,17.85
tempo,2,711.7,911.0,0.76,13.09,64.16
tempo,2,479.4,653.0,0.54,16.22,33.5
mini-truck,1,733.3,4064.0,0.81,6.93,126.16
tempo,2,737.3,1093.0,0.91,14.43,65.88
tempo,2,72.1,1161.0,0.97,14.7,6.13
heavy-truck,0,491.9,4289.0,0.43,4.78,115.04
mini-truck,1,696.6,1787.0,0.36,6.52,120.58
tempo,2,470.0,430.0,0.36,12.78,42.98
mini-truck,1,648.0,2197.0,0.44,6.5,107.74
mini-truck,1,476.8,1540.0,0.31,7.38,72.84
delivery-van,3,437.8,431.0,0.54,10.87,45.25
tempo,2,316.1,440.0,0.37,16.06,20.98
heavy-truck,0,395.3,6310.0,0.63,5.78,76.57
tempo,2,463.5,432.0,0.36,14.55,33.77
delivery-van,3,365.3,431.0,0.54,10.64,39.18
delivery-van,3,519.7,335.0,0.42,10.46,52.73
heavy-truck,0,294.4,9351.0,0.94,4.36,79.82
mini-truck,1,334.4,2635.0,0.53,7.13,54.02
tempo,2,267.3,852.0,0.71,15.44,20.86
mini-truck,1,567.9,3333.0,0.67,7.36,88.53
delivery-van,3,734.1,654.0,0.82,11.23,77.18
mini-truck,1,699.0,4069.0,0.81,7.22,112.87
tempo,2,164.6,430.0,0.36,16.24,11.06
tempo,2,497.7,770.0,0.64,13.83,43.17
tempo,2,472.3,854.0,0.71,13.25,39.6
heavy-truck,0,292.3,4264.0,0.43,4.74,70.21
tempo,2,687.0,296.0,0.25,15.1,48.8
delivery-van,3,220.9,639.0,0.8,12.52,20.45
mini-truck,1,585.7,1879.0,0.38,7.92,74.8
heavy-truck,0,440.3,2655.0,0.27,5.73,73.77
delivery-van,3,247.2,220.0,0.27,13.98,19.2
delivery-van,3,627.1,559.0,0.7,11.37,63.8
heavy-truck,0,617.6,8346.0,0.83,4.81,150.55
tempo,2,224.5,326.0,0.27,14.49,15.6
heavy-truck,0,518.2,2971.0,0.3,4.87,118.64
mini-truck,1,265.6,4986.0,1.0,7.13,47.42
mini-truck,1,376.3,1332.0,0.27,6.93,61.98
heavy-truck,0,149.1,8523.0,0.85,5.52,30.41
heavy-truck,0,681.7,7959.0,0.8,5.44,147.38
heavy-truck,0,367.4,7236.0,0.72,4.43,90.4
tempo,2,321.6,960.0,0.8,13.46,29.79
heavy-truck,0,722.6,4203.0,0.42,5.12,145.53
delivery-van,3,452.4,309.0,0.39,11.49,42.91
delivery-van,3,434.6,526.0,0.66,13.37,39.82
mini-truck,1,485.8,4925.0,0.99,8.54,68.77
tempo,2,671.5,895.0,0.75,15.36,52.72
heavy-truck,0,169.5,5914.0,0.59,4.66,41.97
tempo,2,478.2,1186.0,0.99,14.76,43.71
mini-truck,1,712.2,3922.0,0.78,7.49,118.28
mini-truck,1,68.7,1497.0,0.3,8.33,8.88
heavy-truck,0,635.0,3406.0,0.34,5.73,125.25
heavy-truck,0,347.8,8202.0,0.82,5.54,79.39
heavy-truck,0,80.6,6905.0,0.69,4.32,23.4
tempo,2,166.5,515.0,0.43,14.21,12.54
delivery-van,3,732.2,674.0,0.84,10.4,90.0
mini-truck,1,338.9,2351.0,0.47,8.44,45.11
delivery-van,3,185.5,679.0,0.85,13.89,16.86
mini-truck,1,254.6,2573.0,0.51,6.79,42.24
tempo,2,359.8,454.0,0.38,13.8,29.22
tempo,2,142.3,1149.0,0.96,13.3,13.51
heavy-truck,0,77.4,9528.0,0.95,5.22,18.82
tempo,2,245.8,280.0,0.23,16.0,15.35
delivery-van,3,681.6,366.0,0.46,13.97,50.94
mini-truck,1,169.2,3363.0,0.67,7.62,28.09
heavy-truck,0,590.9,9070.0,0.91,4.36,167.86
delivery-van,3,117.1,771.0,0.96,13.58,11.09
delivery-van,3,631.1,360.0,0.45,10.56,69.04
delivery-van,3,588.8,493.0,0.62,13.8,48.3
heavy-truck,0,366.6,4672.0,0.47,4.61,86.67
heavy-truck,0,629.4,6973.0,0.7,5.59,135.19
heavy-truck,0,439.6,6695.0,0.67,4.93,102.12
mini-truck,1,273.7,3214.0,0.64,7.9,40.73
heavy-truck,0,499.5,3358.0,0.34,4.87,117.96
tempo,2,433.0,1185.0,0.99,13.44,37.71
tempo,2,656.3,1165.0,0.97,12.2,69.03
heavy-truck,0,210.5,9919.0,0.99,5.23,52.72
mini-truck,1,241.8,4254.0,0.85,7.24,38.16
delivery-van,3,207.1,272.0,0.34,12.57,17.47
heavy-truck,0,363.2,5724.0,0.57,5.73,72.82
delivery-van,3,560.5,515.0,0.64,11.97,55.87
delivery-van,3,471.2,394.0,0.49,12.43,43.51
heavy-truck,0,748.5,4763.0,0.48,5.83,147.14
heavy-truck,0,624.1,4977.0,0.5,5.38,126.04
delivery-van,3,460.3,617.0,0.77,13.14,41.53
heavy-truck,0,117.2,7135.0,0.71,5.44,24.86
heavy-truck,0,616.4,6446.0,0.64,5.09,142.23
delivery-van,3,439.7,565.0,0.71,13.77,39.93
delivery-van,3,153.7,234.0,0.29,11.6,13.71
mini-truck,1,671.5,2240.0,0.45,8.75,90.44
tempo,2,658.3,704.0,0.59,13.49,58.39
heavy-truck,0,82.3,7175.0,0.72,5.39,17.77
mini-truck,1,463.6,1508.0,0.3,8.19,61.01
heavy-truck,0,658.1,3757.0,0.38,4.92,134.96
tempo,2,591.1,500.0,0.42,12.05,54.61
delivery-van,3,595.9,327.0,0.41,13.46,46.82
mini-truck,1,727.4,3140.0,0.63,7.41,110.49
delivery-van,3,497.9,461.0,0.58,11.75,49.66
heavy-truck,0,515.8,9441.0,0.94,4.26,153.33
heavy-truck,0,673.5,8037.0,0.8,4.58,173.5
heavy-truck,0,305.7,8935.0,0.89,4.84,76.82
delivery-van,3,432.5,741.0,0.93,10.53,50.59
mini-truck,1,616.5,4968.0,0.99,6.56,114.44
heavy-truck,0,305.6,5200.0,0.52,5.53,62.49
delivery-van,3,685.1,324.0,0.41,12.82,62.96
delivery-van,3,425.4,286.0,0.36,13.82,32.79
mini-truck,1,723.6,2270.0,0.45,6.73,117.17
delivery-van,3,616.5,401.0,0.5,12.75,57.74
tempo,2,466.4,1016.0,0.85,14.82,37.81
heavy-truck,0,246.2,9353.0,0.94,4.57,63.68
heavy-truck,0,122.2,2227.0,0.22,5.2,25.91
tempo,2,386.2,668.0,0.56,13.45,32.06
mini-truck,1,459.4,4657.0,0.93,7.84,68.95
delivery-van,3,106.9,325.0,0.41,10.25,11.38
mini-truck,1,729.4,4090.0,0.82,7.93,116.19
mini-truck,1,162.0,2686.0,0.54,7.53,23.23
delivery-van,3,500.6,416.0,0.52,11.64,46.08
delivery-van,3,194.8,599.0,0.75,13.98,16.25
tempo,2,673.0,828.0,0.69,13.03,68.29
mini-truck,1,549.2,4555.0,0.91,6.88,97.28
delivery-van,3,739.6,590.0,0.74,11.29,75.1
tempo,2,570.2,665.0,0.55,16.37,44.01
mini-truck,1,276.2,1020.0,0.2,6.8,44.52
mini-truck,1,303.6,2895.0,0.58,7.22,46.95
tempo,2,607.4,794.0,0.66,14.2,48.78
heavy-truck,0,403.4,5413.0,0.54,5.37,85.09
delivery-van,3,90.1,327.0,0.41,11.02,9.21
delivery-van,3,501.9,223.0,0.28,14.06,37.67
heavy-truck,0,412.7,6163.0,0.62,5.61,86.29
mini-truck,1,370.9,2403.0,0.48,6.57,65.03
heavy-truck,0,484.3,8791.0,0.88,5.1,126.71
delivery-van,3,464.2,772.0,0.96,13.48,43.07
mini-truck,1,103.1,2998.0,0.6,8.48,15.81
heavy-truck,0,63.6,9910.0,0.99,4.46,17.51
mini-truck,1,99.9,1860.0,0.37,6.66,16.21
delivery-van,3,687.9,799.0,1.0,13.19,69.13
heavy-truck,0,532.8,9489.0,0.95,5.55,113.12
delivery-van,3,233.6,307.0,0.38,14.04,17.71
tempo,2,190.9,808.0,0.67,16.17,12.8
tempo,2,151.5,1163.0,0.97,14.21,13.58
delivery-van,3,555.9,642.0,0.8,11.95,53.4
heavy-truck,0,305.5,5291.0,0.53,4.93,73.64
mini-truck,1,452.1,4411.0,0.88,6.82,81.52
mini-truck,1,150.0,3680.0,0.74,6.53,27.91
heavy-truck,0,285.7,8566.0,0.86,5.05,71.43
mini-truck,1,96.8,4256.0,0.85,7.04,16.4
heavy-truck,0,426.3,7514.0,0.75,4.48,109.49
heavy-truck,0,539.0,7003.0,0.7,5.49,113.46
mini-truck,1,522.5,3289.0,0.66,8.25,68.23
delivery-van,3,519.2,707.0,0.88,11.23,55.48
mini-truck,1,703.3,2844.0,0.57,8.23,107.59
mini-truck,1,383.3,3021.0,0.6,7.03,69.33
heavy-truck,0,226.7,7966.0,0.8,5.26,53.1
